/*******************************************************************************
 * Size: 34 px
 * Bpp: 4
 * Opts: --no-compress --no-prefilter --bpp 4 --format lvgl --force-fast-kern-format --size 34 --font vendor/IoskeleyMono-Medium-ascii.ttf -r 0x20-0x7E -r 0xB7 -r 0x2022 -r 0x2026 -o ../../main/font_kiss_mono34.c
 ******************************************************************************/

#ifdef LV_LVGL_H_INCLUDE_SIMPLE
#include "lvgl.h"
#else
#include "lvgl/lvgl.h"
#endif

#ifndef FONT_KISS_MONO34
#define FONT_KISS_MONO34 1
#endif

#if FONT_KISS_MONO34

/*-----------------
 *    BITMAPS
 *----------------*/

/*Store the image of the glyphs*/
static LV_ATTRIBUTE_LARGE_CONST const uint8_t glyph_bitmap[] = {
    /* U+0020 " " */

    /* U+0021 "!" */
    0x7f, 0xfd, 0x7, 0xff, 0xd0, 0x7f, 0xfd, 0x7,
    0xff, 0xd0, 0x7f, 0xfd, 0x7, 0xff, 0xd0, 0x7f,
    0xfd, 0x7, 0xff, 0xd0, 0x7f, 0xfd, 0x7, 0xff,
    0xd0, 0x7f, 0xfd, 0x7, 0xff, 0xd0, 0x7f, 0xfd,
    0x7, 0xff, 0xd0, 0x7f, 0xfd, 0x1, 0x33, 0x20,
    0x0, 0x0, 0x0, 0x0, 0x0, 0x0, 0x0, 0x3,
    0x33, 0x31, 0xef, 0xff, 0x5e, 0xff, 0xf5, 0xef,
    0xff, 0x5e, 0xff, 0xf5,

    /* U+0022 "\"" */
    0x6a, 0xa9, 0x0, 0x0, 0x5a, 0xaa, 0xa, 0xff,
    0xe0, 0x0, 0x8, 0xff, 0xf0, 0xaf, 0xfe, 0x0,
    0x0, 0x7f, 0xff, 0xa, 0xff, 0xd0, 0x0, 0x7,
    0xff, 0xf0, 0xaf, 0xfd, 0x0, 0x0, 0x7f, 0xff,
    0x9, 0xff, 0xd0, 0x0, 0x7, 0xff, 0xf0, 0x9f,
    0xfc, 0x0, 0x0, 0x6f, 0xff, 0x8, 0xff, 0xc0,
    0x0, 0x5, 0xff, 0xe0, 0x7f, 0xfb, 0x0, 0x0,
    0x5f, 0xfd, 0x6, 0xff, 0xa0, 0x0, 0x4, 0xff,
    0xd0,

    /* U+0023 "#" */
    0x0, 0x0, 0x0, 0x1, 0x22, 0x10, 0x0, 0x2,
    0x22, 0x0, 0x0, 0x0, 0x0, 0xa, 0xff, 0x60,
    0x0, 0x2f, 0xff, 0x0, 0x0, 0x0, 0x0, 0xe,
    0xff, 0x20, 0x0, 0x5f, 0xfb, 0x0, 0x0, 0x0,
    0x0, 0x2f, 0xfe, 0x0, 0x0, 0x9f, 0xf7, 0x0,
    0x0, 0x0, 0x0, 0x6f, 0xfb, 0x0, 0x0, 0xdf,
    0xf3, 0x0, 0x0, 0x0, 0x0, 0xaf, 0xf7, 0x0,
    0x1, 0xff, 0xf0, 0x0, 0x0, 0x9f, 0xff, 0xff,
    0xff, 0xff, 0xff, 0xff, 0xff, 0xfb, 0x0, 0x9f,
    0xff, 0xff, 0xff, 0xff, 0xff, 0xff, 0xff, 0xfb,
    0x0, 0x8d, 0xde, 0xff, 0xfd, 0xdd, 0xdf, 0xff,
    0xed, 0xd9, 0x0, 0x0, 0x8, 0xff, 0x80, 0x0,
    0xf, 0xff, 0x10, 0x0, 0x0, 0x0, 0xc, 0xff,
    0x40, 0x0, 0x4f, 0xfd, 0x0, 0x0, 0x0, 0x0,
    0xf, 0xff, 0x10, 0x0, 0x7f, 0xf9, 0x0, 0x0,
    0x0, 0x0, 0x3f, 0xfd, 0x0, 0x0, 0xbf, 0xf5,
    0x0, 0x0, 0x0, 0x0, 0x7f, 0xf9, 0x0, 0x0,
    0xef, 0xf2, 0x0, 0x0, 0x0, 0x0, 0xbf, 0xf6,
    0x0, 0x2, 0xff, 0xe0, 0x0, 0x0, 0x5f, 0xff,
    0xff, 0xff, 0xff, 0xff, 0xff, 0xff, 0xff, 0x0,
    0x5f, 0xff, 0xff, 0xff, 0xff, 0xff, 0xff, 0xff,
    0xff, 0x0, 0x4e, 0xef, 0xff, 0xfe, 0xee, 0xef,
    0xff, 0xee, 0xed, 0x0, 0x0, 0xa, 0xff, 0x70,
    0x0, 0x1f, 0xff, 0x0, 0x0, 0x0, 0x0, 0xe,
    0xff, 0x30, 0x0, 0x5f, 0xfb, 0x0, 0x0, 0x0,
    0x0, 0x2f, 0xff, 0x0, 0x0, 0x9f, 0xf7, 0x0,
    0x0, 0x0, 0x0, 0x6f, 0xfb, 0x0, 0x0, 0xdf,
    0xf4, 0x0, 0x0, 0x0, 0x0, 0x8d, 0xd6, 0x0,
    0x0, 0xdd, 0xd0, 0x0, 0x0, 0x0,

    /* U+0024 "$" */
    0x0, 0x0, 0x0, 0x4f, 0xfb, 0x0, 0x0, 0x0,
    0x0, 0x0, 0x0, 0x4f, 0xfb, 0x0, 0x0, 0x0,
    0x0, 0x0, 0x0, 0x4f, 0xfb, 0x0, 0x0, 0x0,
    0x0, 0x0, 0x0, 0x4f, 0xfb, 0x0, 0x0, 0x0,
    0x0, 0x0, 0x2, 0x8f, 0xfc, 0x30, 0x0, 0x0,
    0x0, 0x4, 0xcf, 0xff, 0xff, 0xfe, 0x70, 0x0,
    0x0, 0x7f, 0xff, 0xff, 0xff, 0xff, 0xfc, 0x0,
    0x4, 0xff, 0xff, 0xaf, 0xfc, 0xef, 0xff, 0xa0,
    0xc, 0xff, 0xd1, 0xf, 0xf6, 0xa, 0xff, 0xf2,
    0xf, 0xff, 0x40, 0xf, 0xf6, 0x0, 0xef, 0xf7,
    0x1f, 0xff, 0x30, 0xf, 0xf6, 0x0, 0xbf, 0xf8,
    0xe, 0xff, 0x80, 0xf, 0xf6, 0x0, 0x0, 0x0,
    0x9, 0xff, 0xf6, 0xf, 0xf6, 0x0, 0x0, 0x0,
    0x1, 0xef, 0xff, 0xdf, 0xf6, 0x0, 0x0, 0x0,
    0x0, 0x2d, 0xff, 0xff, 0xfc, 0x50, 0x0, 0x0,
    0x0, 0x0, 0x9f, 0xff, 0xff, 0xfd, 0x50, 0x0,
    0x0, 0x0, 0x1, 0x7f, 0xff, 0xff, 0xfa, 0x0,
    0x0, 0x0, 0x0, 0xf, 0xfc, 0xef, 0xff, 0x90,
    0x0, 0x0, 0x0, 0xf, 0xf6, 0x1b, 0xff, 0xf3,
    0x0, 0x0, 0x0, 0xf, 0xf6, 0x0, 0xdf, 0xf9,
    0x6f, 0xfd, 0x0, 0xf, 0xf6, 0x0, 0x7f, 0xfc,
    0x5f, 0xff, 0x20, 0xf, 0xf6, 0x0, 0xaf, 0xfa,
    0xf, 0xff, 0xc1, 0xf, 0xf6, 0x5, 0xff, 0xf6,
    0x8, 0xff, 0xfe, 0xaf, 0xfb, 0xcf, 0xff, 0xe0,
    0x0, 0xaf, 0xff, 0xff, 0xff, 0xff, 0xfe, 0x20,
    0x0, 0x5, 0xdf, 0xff, 0xff, 0xfe, 0x91, 0x0,
    0x0, 0x0, 0x2, 0x7f, 0xfc, 0x30, 0x0, 0x0,
    0x0, 0x0, 0x0, 0x4f, 0xfb, 0x0, 0x0, 0x0,
    0x0, 0x0, 0x0, 0x4f, 0xfb, 0x0, 0x0, 0x0,
    0x0, 0x0, 0x0, 0x4f, 0xfb, 0x0, 0x0, 0x0,
    0x0, 0x0, 0x0, 0x4f, 0xfb, 0x0, 0x0, 0x0,

    /* U+0025 "%" */
    0x5, 0xce, 0xfe, 0xa2, 0x0, 0x0, 0x0, 0x9f,
    0xfa, 0x6, 0xff, 0xff, 0xff, 0xf1, 0x0, 0x0,
    0x3f, 0xff, 0x10, 0xcf, 0xf9, 0x7b, 0xff, 0x70,
    0x0, 0xc, 0xff, 0x70, 0xd, 0xff, 0x0, 0x4f,
    0xf8, 0x0, 0x6, 0xff, 0xd0, 0x0, 0xdf, 0xf0,
    0x4, 0xff, 0x80, 0x0, 0xef, 0xf4, 0x0, 0xd,
    0xff, 0x0, 0x4f, 0xf8, 0x0, 0x8f, 0xfa, 0x0,
    0x0, 0xdf, 0xf0, 0x4, 0xff, 0x80, 0x2f, 0xff,
    0x10, 0x0, 0xd, 0xff, 0x0, 0x4f, 0xf8, 0xb,
    0xff, 0x70, 0x0, 0x0, 0xdf, 0xf1, 0x5, 0xff,
    0x74, 0xff, 0xd0, 0x0, 0x0, 0xa, 0xff, 0xff,
    0xff, 0xf5, 0xdf, 0xf3, 0x0, 0x0, 0x0, 0x1c,
    0xff, 0xff, 0xf9, 0x7f, 0xfa, 0x0, 0x0, 0x0,
    0x0, 0x3, 0x67, 0x52, 0x1f, 0xff, 0x10, 0x0,
    0x0, 0x0, 0x0, 0x0, 0x0, 0xa, 0xff, 0x60,
    0x46, 0x64, 0x0, 0x0, 0x0, 0x0, 0x3, 0xff,
    0xd4, 0xef, 0xff, 0xff, 0x50, 0x0, 0x0, 0x0,
    0xdf, 0xf4, 0xef, 0xff, 0xff, 0xff, 0x10, 0x0,
    0x0, 0x7f, 0xfa, 0x1f, 0xfb, 0x0, 0xaf, 0xf3,
    0x0, 0x0, 0x1f, 0xff, 0x22, 0xff, 0xa0, 0x8,
    0xff, 0x40, 0x0, 0xa, 0xff, 0x80, 0x2f, 0xfa,
    0x0, 0x8f, 0xf4, 0x0, 0x3, 0xff, 0xe0, 0x2,
    0xff, 0xa0, 0x8, 0xff, 0x40, 0x0, 0xdf, 0xf5,
    0x0, 0x2f, 0xfa, 0x0, 0x8f, 0xf4, 0x0, 0x6f,
    0xfc, 0x0, 0x2, 0xff, 0xa0, 0x8, 0xff, 0x40,
    0x1f, 0xff, 0x30, 0x0, 0xf, 0xfe, 0x77, 0xdf,
    0xf2, 0xa, 0xff, 0x90, 0x0, 0x0, 0xbf, 0xff,
    0xff, 0xfc, 0x3, 0xff, 0xe1, 0x0, 0x0, 0x0,
    0x8d, 0xff, 0xd9, 0x10,

    /* U+0026 "&" */
    0x0, 0x1, 0x8c, 0xff, 0xec, 0x71, 0x0, 0x0,
    0x0, 0x0, 0x3e, 0xff, 0xff, 0xff, 0xfd, 0x20,
    0x0, 0x0, 0x0, 0xdf, 0xff, 0xdc, 0xdf, 0xff,
    0xc0, 0x0, 0x0, 0x4, 0xff, 0xf3, 0x0, 0x5,
    0xff, 0xf2, 0x0, 0x0, 0x5, 0xff, 0xd0, 0x0,
    0x0, 0xef, 0xf3, 0x0, 0x0, 0x3, 0xff, 0xf1,
    0x0, 0x3, 0xff, 0xf2, 0x0, 0x0, 0x0, 0xdf,
    0xfb, 0x0, 0x1d, 0xff, 0xd0, 0x0, 0x0, 0x0,
    0x6f, 0xff, 0x71, 0xdf, 0xff, 0x40, 0x0, 0x0,
    0x0, 0xc, 0xff, 0xfd, 0xff, 0xfa, 0x0, 0x0,
    0x0, 0x0, 0x2, 0xef, 0xff, 0xff, 0xc0, 0x0,
    0x0, 0x0, 0x0, 0x0, 0x5f, 0xff, 0xfa, 0x0,
    0x0, 0x0, 0x0, 0x0, 0x1, 0xdf, 0xff, 0xf2,
    0x0, 0x0, 0x0, 0x0, 0x0, 0x1d, 0xff, 0xff,
    0xfc, 0x0, 0x0, 0x0, 0x0, 0x0, 0xdf, 0xfb,
    0x4f, 0xff, 0x70, 0x0, 0x23, 0x30, 0x8, 0xff,
    0xc0, 0x8, 0xff, 0xf2, 0x4, 0xff, 0xe0, 0x1f,
    0xff, 0x30, 0x0, 0xdf, 0xfc, 0xc, 0xff, 0x80,
    0x5f, 0xfe, 0x0, 0x0, 0x2f, 0xff, 0xbf, 0xff,
    0x10, 0x6f, 0xfc, 0x0, 0x0, 0x7, 0xff, 0xff,
    0xf9, 0x0, 0x4f, 0xfe, 0x0, 0x0, 0x0, 0xcf,
    0xff, 0xf2, 0x0, 0x1f, 0xff, 0x50, 0x0, 0x0,
    0x3f, 0xff, 0xb0, 0x0, 0xa, 0xff, 0xe4, 0x0,
    0x3, 0xdf, 0xff, 0xf2, 0x0, 0x1, 0xef, 0xff,
    0xec, 0xdf, 0xff, 0xff, 0xfc, 0x0, 0x0, 0x3e,
    0xff, 0xff, 0xff, 0xfa, 0x2f, 0xff, 0x70, 0x0,
    0x1, 0x8d, 0xef, 0xeb, 0x50, 0x7, 0xff, 0xf2,

    /* U+0027 "'" */
    0x6a, 0xa9, 0x9f, 0xff, 0x9f, 0xff, 0x9f, 0xff,
    0x8f, 0xfe, 0x8f, 0xfe, 0x7f, 0xfd, 0x7f, 0xfd,
    0x6f, 0xfc, 0x5f, 0xfc,

    /* U+0028 "(" */
    0x0, 0x0, 0x0, 0x16, 0xad, 0xee, 0x0, 0x0,
    0x1a, 0xff, 0xff, 0xfe, 0x0, 0x4, 0xef, 0xff,
    0xff, 0xfd, 0x0, 0x3f, 0xff, 0xfc, 0x51, 0x0,
    0x1, 0xef, 0xff, 0x60, 0x0, 0x0, 0x8, 0xff,
    0xf4, 0x0, 0x0, 0x0, 0xf, 0xff, 0x90, 0x0,
    0x0, 0x0, 0x4f, 0xff, 0x20, 0x0, 0x0, 0x0,
    0x7f, 0xfe, 0x0, 0x0, 0x0, 0x0, 0x8f, 0xfc,
    0x0, 0x0, 0x0, 0x0, 0x8f, 0xfb, 0x0, 0x0,
    0x0, 0x0, 0x9f, 0xfb, 0x0, 0x0, 0x0, 0x0,
    0x9f, 0xfb, 0x0, 0x0, 0x0, 0x0, 0x9f, 0xfb,
    0x0, 0x0, 0x0, 0x0, 0x9f, 0xfb, 0x0, 0x0,
    0x0, 0x0, 0x9f, 0xfb, 0x0, 0x0, 0x0, 0x0,
    0x9f, 0xfb, 0x0, 0x0, 0x0, 0x0, 0x9f, 0xfb,
    0x0, 0x0, 0x0, 0x0, 0x9f, 0xfb, 0x0, 0x0,
    0x0, 0x0, 0x8f, 0xfb, 0x0, 0x0, 0x0, 0x0,
    0x8f, 0xfc, 0x0, 0x0, 0x0, 0x0, 0x7f, 0xfe,
    0x0, 0x0, 0x0, 0x0, 0x4f, 0xff, 0x20, 0x0,
    0x0, 0x0, 0xf, 0xff, 0x90, 0x0, 0x0, 0x0,
    0x8, 0xff, 0xf4, 0x0, 0x0, 0x0, 0x1, 0xef,
    0xff, 0x50, 0x0, 0x0, 0x0, 0x3f, 0xff, 0xfc,
    0x51, 0x0, 0x0, 0x4, 0xef, 0xff, 0xff, 0xfd,
    0x0, 0x0, 0x1a, 0xff, 0xff, 0xfe, 0x0, 0x0,
    0x0, 0x17, 0xad, 0xee,

    /* U+0029 ")" */
    0x8f, 0xeb, 0x83, 0x0, 0x0, 0x0, 0x8f, 0xff,
    0xff, 0xd4, 0x0, 0x0, 0x7f, 0xff, 0xff, 0xff,
    0x90, 0x0, 0x0, 0x3, 0x9f, 0xff, 0xf9, 0x0,
    0x0, 0x0, 0x2, 0xcf, 0xff, 0x50, 0x0, 0x0,
    0x0, 0x1d, 0xff, 0xe0, 0x0, 0x0, 0x0, 0x3,
    0xff, 0xf6, 0x0, 0x0, 0x0, 0x0, 0xcf, 0xfa,
    0x0, 0x0, 0x0, 0x0, 0x8f, 0xfd, 0x0, 0x0,
    0x0, 0x0, 0x6f, 0xfe, 0x0, 0x0, 0x0, 0x0,
    0x4f, 0xff, 0x0, 0x0, 0x0, 0x0, 0x4f, 0xff,
    0x0, 0x0, 0x0, 0x0, 0x4f, 0xff, 0x0, 0x0,
    0x0, 0x0, 0x4f, 0xff, 0x0, 0x0, 0x0, 0x0,
    0x4f, 0xff, 0x0, 0x0, 0x0, 0x0, 0x4f, 0xff,
    0x0, 0x0, 0x0, 0x0, 0x4f, 0xff, 0x0, 0x0,
    0x0, 0x0, 0x4f, 0xff, 0x0, 0x0, 0x0, 0x0,
    0x4f, 0xff, 0x0, 0x0, 0x0, 0x0, 0x4f, 0xff,
    0x0, 0x0, 0x0, 0x0, 0x6f, 0xfe, 0x0, 0x0,
    0x0, 0x0, 0x8f, 0xfd, 0x0, 0x0, 0x0, 0x0,
    0xcf, 0xfa, 0x0, 0x0, 0x0, 0x3, 0xff, 0xf6,
    0x0, 0x0, 0x0, 0xd, 0xff, 0xe0, 0x0, 0x0,
    0x2, 0xcf, 0xff, 0x60, 0x0, 0x3, 0x9f, 0xff,
    0xf9, 0x0, 0x7f, 0xff, 0xff, 0xff, 0x90, 0x0,
    0x8f, 0xff, 0xff, 0xd4, 0x0, 0x0, 0x8f, 0xeb,
    0x83, 0x0, 0x0, 0x0,

    /* U+002A "*" */
    0x0, 0x0, 0x0, 0x6, 0xff, 0xc0, 0x0, 0x0,
    0x0, 0x0, 0x0, 0x0, 0x5, 0xff, 0xc0, 0x0,
    0x0, 0x0, 0x0, 0x0, 0x0, 0x5, 0xff, 0xb0,
    0x0, 0x0, 0x0, 0x0, 0x0, 0x0, 0x4, 0xff,
    0xa0, 0x0, 0x0, 0x0, 0x2, 0x71, 0x0, 0x3,
    0xff, 0xa0, 0x0, 0x4, 0x60, 0x8, 0xff, 0xb5,
    0x3, 0xff, 0x90, 0x39, 0xef, 0xe0, 0xe, 0xff,
    0xff, 0xfb, 0xff, 0xdd, 0xff, 0xff, 0xf4, 0x3,
    0x8c, 0xff, 0xff, 0xff, 0xff, 0xff, 0xea, 0x51,
    0x0, 0x0, 0x15, 0xaf, 0xff, 0xfd, 0x73, 0x0,
    0x0, 0x0, 0x0, 0x0, 0x6f, 0xff, 0xfc, 0x0,
    0x0, 0x0, 0x0, 0x0, 0x3, 0xff, 0xfd, 0xff,
    0x90, 0x0, 0x0, 0x0, 0x0, 0x1e, 0xff, 0x82,
    0xff, 0xf5, 0x0, 0x0, 0x0, 0x0, 0xbf, 0xfd,
    0x0, 0x7f, 0xff, 0x20, 0x0, 0x0, 0x8, 0xff,
    0xf3, 0x0, 0xc, 0xff, 0xd1, 0x0, 0x0, 0x5,
    0xef, 0x80, 0x0, 0x2, 0xff, 0x90, 0x0, 0x0,
    0x0, 0x18, 0x0, 0x0, 0x0, 0x63, 0x0, 0x0,

    /* U+002B "+" */
    0x0, 0x0, 0x0, 0x14, 0x43, 0x0, 0x0, 0x0,
    0x0, 0x0, 0x0, 0x5f, 0xfb, 0x0, 0x0, 0x0,
    0x0, 0x0, 0x0, 0x5f, 0xfb, 0x0, 0x0, 0x0,
    0x0, 0x0, 0x0, 0x5f, 0xfb, 0x0, 0x0, 0x0,
    0x0, 0x0, 0x0, 0x5f, 0xfb, 0x0, 0x0, 0x0,
    0x0, 0x0, 0x0, 0x5f, 0xfb, 0x0, 0x0, 0x0,
    0x0, 0x0, 0x0, 0x5f, 0xfb, 0x0, 0x0, 0x0,
    0x1f, 0xff, 0xff, 0xff, 0xff, 0xff, 0xff, 0xf8,
    0x1f, 0xff, 0xff, 0xff, 0xff, 0xff, 0xff, 0xf8,
    0x1b, 0xbb, 0xbb, 0xcf, 0xfe, 0xbb, 0xbb, 0xb5,
    0x0, 0x0, 0x0, 0x5f, 0xfb, 0x0, 0x0, 0x0,
    0x0, 0x0, 0x0, 0x5f, 0xfb, 0x0, 0x0, 0x0,
    0x0, 0x0, 0x0, 0x5f, 0xfb, 0x0, 0x0, 0x0,
    0x0, 0x0, 0x0, 0x5f, 0xfb, 0x0, 0x0, 0x0,
    0x0, 0x0, 0x0, 0x5f, 0xfb, 0x0, 0x0, 0x0,
    0x0, 0x0, 0x0, 0x5f, 0xfb, 0x0, 0x0, 0x0,

    /* U+002C "," */
    0x8, 0x88, 0x84, 0xf, 0xff, 0xf7, 0xf, 0xff,
    0xf7, 0xf, 0xff, 0xf7, 0xf, 0xff, 0xf7, 0x0,
    0xa, 0xf7, 0x0, 0xd, 0xf5, 0x0, 0x3f, 0xf1,
    0x0, 0xcf, 0xa0, 0x7, 0xff, 0x30, 0x6f, 0xf9,
    0x0, 0x2e, 0xd0, 0x0, 0x1, 0x20, 0x0,

    /* U+002D "-" */
    0x1d, 0xdd, 0xdd, 0xdd, 0xdd, 0xdd, 0xdd, 0xd7,
    0x1f, 0xff, 0xff, 0xff, 0xff, 0xff, 0xff, 0xf8,
    0x1f, 0xff, 0xff, 0xff, 0xff, 0xff, 0xff, 0xf8,

    /* U+002E "." */
    0x8, 0x88, 0x84, 0xf, 0xff, 0xf7, 0xf, 0xff,
    0xf7, 0xf, 0xff, 0xf7, 0xf, 0xff, 0xf7,

    /* U+002F "/" */
    0x0, 0x0, 0x0, 0x0, 0x0, 0x0, 0x58, 0x85,
    0x0, 0x0, 0x0, 0x0, 0x0, 0x0, 0xff, 0xf6,
    0x0, 0x0, 0x0, 0x0, 0x0, 0x6, 0xff, 0xf0,
    0x0, 0x0, 0x0, 0x0, 0x0, 0xd, 0xff, 0x90,
    0x0, 0x0, 0x0, 0x0, 0x0, 0x3f, 0xff, 0x20,
    0x0, 0x0, 0x0, 0x0, 0x0, 0x9f, 0xfc, 0x0,
    0x0, 0x0, 0x0, 0x0, 0x0, 0xff, 0xf6, 0x0,
    0x0, 0x0, 0x0, 0x0, 0x6, 0xff, 0xf0, 0x0,
    0x0, 0x0, 0x0, 0x0, 0xc, 0xff, 0x90, 0x0,
    0x0, 0x0, 0x0, 0x0, 0x3f, 0xff, 0x30, 0x0,
    0x0, 0x0, 0x0, 0x0, 0x9f, 0xfc, 0x0, 0x0,
    0x0, 0x0, 0x0, 0x0, 0xff, 0xf6, 0x0, 0x0,
    0x0, 0x0, 0x0, 0x6, 0xff, 0xf0, 0x0, 0x0,
    0x0, 0x0, 0x0, 0xc, 0xff, 0x90, 0x0, 0x0,
    0x0, 0x0, 0x0, 0x3f, 0xff, 0x30, 0x0, 0x0,
    0x0, 0x0, 0x0, 0x9f, 0xfc, 0x0, 0x0, 0x0,
    0x0, 0x0, 0x0, 0xff, 0xf6, 0x0, 0x0, 0x0,
    0x0, 0x0, 0x6, 0xff, 0xf0, 0x0, 0x0, 0x0,
    0x0, 0x0, 0xc, 0xff, 0x90, 0x0, 0x0, 0x0,
    0x0, 0x0, 0x3f, 0xff, 0x30, 0x0, 0x0, 0x0,
    0x0, 0x0, 0x9f, 0xfc, 0x0, 0x0, 0x0, 0x0,
    0x0, 0x0, 0xff, 0xf6, 0x0, 0x0, 0x0, 0x0,
    0x0, 0x6, 0xff, 0xf0, 0x0, 0x0, 0x0, 0x0,
    0x0, 0xc, 0xff, 0x90, 0x0, 0x0, 0x0, 0x0,
    0x0, 0x2f, 0xff, 0x30, 0x0, 0x0, 0x0, 0x0,
    0x0, 0x9f, 0xfc, 0x0, 0x0, 0x0, 0x0, 0x0,
    0x0, 0xff, 0xf6, 0x0, 0x0, 0x0, 0x0, 0x0,
    0x6, 0xff, 0xf0, 0x0, 0x0, 0x0, 0x0, 0x0,
    0xc, 0xff, 0x90, 0x0, 0x0, 0x0, 0x0, 0x0,
    0x2f, 0xff, 0x30, 0x0, 0x0, 0x0, 0x0, 0x0,

    /* U+0030 "0" */
    0x0, 0x1, 0x7b, 0xef, 0xfe, 0xc9, 0x30, 0x0,
    0x0, 0x6f, 0xff, 0xff, 0xff, 0xff, 0xfa, 0x0,
    0x6, 0xff, 0xff, 0xfe, 0xef, 0xff, 0xff, 0xb0,
    0xe, 0xff, 0xe5, 0x0, 0x0, 0x3b, 0xff, 0xf5,
    0x4f, 0xff, 0x30, 0x0, 0x0, 0x0, 0xcf, 0xfa,
    0x5f, 0xfe, 0x0, 0x0, 0x0, 0x0, 0x8f, 0xfc,
    0x6f, 0xfe, 0x0, 0x0, 0x0, 0x0, 0x7f, 0xfc,
    0x6f, 0xfe, 0x0, 0x0, 0x0, 0x0, 0x7f, 0xfc,
    0x6f, 0xfe, 0x0, 0x0, 0x0, 0x0, 0x7f, 0xfc,
    0x6f, 0xfe, 0x0, 0x4, 0x51, 0x0, 0x7f, 0xfc,
    0x6f, 0xfe, 0x0, 0x7f, 0xfd, 0x0, 0x7f, 0xfc,
    0x6f, 0xfe, 0x0, 0xcf, 0xff, 0x20, 0x7f, 0xfc,
    0x6f, 0xfe, 0x0, 0xbf, 0xff, 0x10, 0x7f, 0xfc,
    0x6f, 0xfe, 0x0, 0x3d, 0xf7, 0x0, 0x7f, 0xfc,
    0x6f, 0xfe, 0x0, 0x0, 0x0, 0x0, 0x7f, 0xfc,
    0x6f, 0xfe, 0x0, 0x0, 0x0, 0x0, 0x7f, 0xfc,
    0x6f, 0xfe, 0x0, 0x0, 0x0, 0x0, 0x7f, 0xfc,
    0x6f, 0xfe, 0x0, 0x0, 0x0, 0x0, 0x7f, 0xfc,
    0x5f, 0xfe, 0x0, 0x0, 0x0, 0x0, 0x8f, 0xfc,
    0x4f, 0xff, 0x30, 0x0, 0x0, 0x0, 0xcf, 0xfa,
    0xe, 0xff, 0xe5, 0x0, 0x0, 0x2b, 0xff, 0xf5,
    0x6, 0xff, 0xff, 0xfe, 0xdf, 0xff, 0xff, 0xc0,
    0x0, 0x6f, 0xff, 0xff, 0xff, 0xff, 0xfa, 0x0,
    0x0, 0x1, 0x7b, 0xef, 0xff, 0xd9, 0x30, 0x0,

    /* U+0031 "1" */
    0x0, 0x0, 0x2, 0xdf, 0xfd, 0x0, 0x0, 0x3e,
    0xff, 0xfd, 0x0, 0x5, 0xff, 0xff, 0xfd, 0x0,
    0x7f, 0xff, 0xef, 0xfd, 0x9, 0xff, 0xf7, 0x6f,
    0xfd, 0x2e, 0xff, 0x50, 0x6f, 0xfd, 0x3, 0xd3,
    0x0, 0x6f, 0xfd, 0x0, 0x0, 0x0, 0x6f, 0xfd,
    0x0, 0x0, 0x0, 0x6f, 0xfd, 0x0, 0x0, 0x0,
    0x6f, 0xfd, 0x0, 0x0, 0x0, 0x6f, 0xfd, 0x0,
    0x0, 0x0, 0x6f, 0xfd, 0x0, 0x0, 0x0, 0x6f,
    0xfd, 0x0, 0x0, 0x0, 0x6f, 0xfd, 0x0, 0x0,
    0x0, 0x6f, 0xfd, 0x0, 0x0, 0x0, 0x6f, 0xfd,
    0x0, 0x0, 0x0, 0x6f, 0xfd, 0x0, 0x0, 0x0,
    0x6f, 0xfd, 0x0, 0x0, 0x0, 0x6f, 0xfd, 0x0,
    0x0, 0x0, 0x6f, 0xfd, 0x0, 0x0, 0x0, 0x6f,
    0xfd, 0x0, 0x0, 0x0, 0x6f, 0xfd, 0x0, 0x0,
    0x0, 0x6f, 0xfd, 0x0, 0x0, 0x0, 0x6f, 0xfd,

    /* U+0032 "2" */
    0x0, 0x0, 0x4a, 0xdf, 0xfe, 0xb7, 0x10, 0x0,
    0x0, 0x1c, 0xff, 0xff, 0xff, 0xff, 0xe5, 0x0,
    0x0, 0xdf, 0xff, 0xff, 0xef, 0xff, 0xff, 0x50,
    0x8, 0xff, 0xfa, 0x20, 0x0, 0x5e, 0xff, 0xe0,
    0xe, 0xff, 0xb0, 0x0, 0x0, 0x3, 0xff, 0xf5,
    0x1f, 0xff, 0x40, 0x0, 0x0, 0x0, 0xcf, 0xf8,
    0x18, 0x88, 0x10, 0x0, 0x0, 0x0, 0xaf, 0xf9,
    0x0, 0x0, 0x0, 0x0, 0x0, 0x0, 0xbf, 0xf9,
    0x0, 0x0, 0x0, 0x0, 0x0, 0x0, 0xff, 0xf6,
    0x0, 0x0, 0x0, 0x0, 0x0, 0x7, 0xff, 0xf1,
    0x0, 0x0, 0x0, 0x0, 0x0, 0x3f, 0xff, 0x90,
    0x0, 0x0, 0x0, 0x0, 0x2, 0xef, 0xfd, 0x0,
    0x0, 0x0, 0x0, 0x0, 0x1e, 0xff, 0xf3, 0x0,
    0x0, 0x0, 0x0, 0x1, 0xdf, 0xff, 0x40, 0x0,
    0x0, 0x0, 0x0, 0x1d, 0xff, 0xf5, 0x0, 0x0,
    0x0, 0x0, 0x0, 0xcf, 0xff, 0x60, 0x0, 0x0,
    0x0, 0x0, 0xb, 0xff, 0xf7, 0x0, 0x0, 0x0,
    0x0, 0x0, 0xaf, 0xff, 0x80, 0x0, 0x0, 0x0,
    0x0, 0xa, 0xff, 0xf9, 0x0, 0x0, 0x0, 0x0,
    0x0, 0x9f, 0xff, 0xa0, 0x0, 0x0, 0x0, 0x0,
    0x8, 0xff, 0xfb, 0x0, 0x0, 0x0, 0x0, 0x0,
    0x1f, 0xff, 0xfe, 0xdd, 0xdd, 0xdd, 0xdd, 0xd7,
    0x1f, 0xff, 0xff, 0xff, 0xff, 0xff, 0xff, 0xf8,
    0x1f, 0xff, 0xff, 0xff, 0xff, 0xff, 0xff, 0xf8,

    /* U+0033 "3" */
    0x5f, 0xff, 0xff, 0xff, 0xff, 0xff, 0xff, 0xf2,
    0x5, 0xff, 0xff, 0xff, 0xff, 0xff, 0xff, 0xff,
    0x20, 0x4d, 0xdd, 0xdd, 0xdd, 0xdd, 0xdf, 0xff,
    0xf2, 0x0, 0x0, 0x0, 0x0, 0x0, 0x6, 0xff,
    0xf7, 0x0, 0x0, 0x0, 0x0, 0x0, 0x7, 0xff,
    0xf6, 0x0, 0x0, 0x0, 0x0, 0x0, 0x8, 0xff,
    0xf5, 0x0, 0x0, 0x0, 0x0, 0x0, 0x9, 0xff,
    0xf4, 0x0, 0x0, 0x0, 0x0, 0x0, 0xa, 0xff,
    0xf4, 0x0, 0x0, 0x0, 0x0, 0x0, 0xb, 0xff,
    0xe3, 0x0, 0x0, 0x0, 0x0, 0x0, 0x6, 0xff,
    0xfe, 0xb9, 0x50, 0x0, 0x0, 0x0, 0x0, 0x7f,
    0xff, 0xff, 0xff, 0xe5, 0x0, 0x0, 0x0, 0x7,
    0xff, 0xff, 0xff, 0xff, 0xf4, 0x0, 0x0, 0x0,
    0x0, 0x0, 0x2, 0x7f, 0xff, 0xf2, 0x0, 0x0,
    0x0, 0x0, 0x0, 0x0, 0x3f, 0xff, 0x90, 0x0,
    0x0, 0x0, 0x0, 0x0, 0x0, 0x9f, 0xfd, 0x0,
    0x0, 0x0, 0x0, 0x0, 0x0, 0x4, 0xff, 0xf0,
    0x0, 0x0, 0x0, 0x0, 0x0, 0x0, 0x3f, 0xff,
    0x3, 0x99, 0x70, 0x0, 0x0, 0x0, 0x4, 0xff,
    0xf0, 0x5f, 0xff, 0x0, 0x0, 0x0, 0x0, 0x9f,
    0xfd, 0x2, 0xff, 0xf7, 0x0, 0x0, 0x0, 0x2f,
    0xff, 0x90, 0xb, 0xff, 0xf8, 0x10, 0x0, 0x5e,
    0xff, 0xf2, 0x0, 0x1e, 0xff, 0xff, 0xfe, 0xff,
    0xff, 0xf7, 0x0, 0x0, 0x2c, 0xff, 0xff, 0xff,
    0xff, 0xf6, 0x0, 0x0, 0x0, 0x5, 0xae, 0xff,
    0xec, 0x81, 0x0, 0x0,

    /* U+0034 "4" */
    0x0, 0x0, 0x0, 0x0, 0x3, 0xff, 0xf3, 0x0,
    0x0, 0x0, 0x0, 0x0, 0xc, 0xff, 0xa0, 0x0,
    0x0, 0x0, 0x0, 0x0, 0x6f, 0xff, 0x10, 0x0,
    0x0, 0x0, 0x0, 0x1, 0xef, 0xf7, 0x0, 0x0,
    0x0, 0x0, 0x0, 0x9, 0xff, 0xd0, 0x0, 0x0,
    0x0, 0x0, 0x0, 0x2f, 0xff, 0x50, 0x0, 0x0,
    0x0, 0x0, 0x0, 0xbf, 0xfb, 0x0, 0x0, 0x0,
    0x0, 0x0, 0x5, 0xff, 0xf2, 0x0, 0x0, 0x0,
    0x0, 0x0, 0xd, 0xff, 0x80, 0x0, 0x0, 0x0,
    0x0, 0x0, 0x7f, 0xfe, 0x0, 0x0, 0x0, 0x0,
    0x0, 0x1, 0xff, 0xf6, 0x0, 0x24, 0x42, 0x0,
    0x0, 0xa, 0xff, 0xc0, 0x0, 0xaf, 0xf8, 0x0,
    0x0, 0x3f, 0xff, 0x30, 0x0, 0xaf, 0xf8, 0x0,
    0x0, 0xdf, 0xfa, 0x0, 0x0, 0xaf, 0xf8, 0x0,
    0x6, 0xff, 0xf1, 0x0, 0x0, 0xaf, 0xf8, 0x0,
    0x1e, 0xff, 0x70, 0x0, 0x0, 0xaf, 0xf8, 0x0,
    0x5f, 0xff, 0xed, 0xdd, 0xdd, 0xff, 0xfe, 0xd7,
    0x6f, 0xff, 0xff, 0xff, 0xff, 0xff, 0xff, 0xf8,
    0x6f, 0xff, 0xff, 0xff, 0xff, 0xff, 0xff, 0xf8,
    0x0, 0x0, 0x0, 0x0, 0x0, 0xaf, 0xf8, 0x0,
    0x0, 0x0, 0x0, 0x0, 0x0, 0xaf, 0xf8, 0x0,
    0x0, 0x0, 0x0, 0x0, 0x0, 0xaf, 0xf8, 0x0,
    0x0, 0x0, 0x0, 0x0, 0x0, 0xaf, 0xf8, 0x0,
    0x0, 0x0, 0x0, 0x0, 0x0, 0xaf, 0xf8, 0x0,

    /* U+0035 "5" */
    0x0, 0x6f, 0xff, 0xff, 0xff, 0xff, 0xff, 0xc0,
    0x0, 0x7f, 0xff, 0xff, 0xff, 0xff, 0xff, 0xc0,
    0x0, 0x9f, 0xff, 0xdd, 0xdd, 0xdd, 0xdd, 0xa0,
    0x0, 0xaf, 0xf9, 0x0, 0x0, 0x0, 0x0, 0x0,
    0x0, 0xbf, 0xf8, 0x0, 0x0, 0x0, 0x0, 0x0,
    0x0, 0xdf, 0xf7, 0x0, 0x0, 0x0, 0x0, 0x0,
    0x0, 0xef, 0xf6, 0x0, 0x0, 0x0, 0x0, 0x0,
    0x0, 0xff, 0xf4, 0x0, 0x0, 0x0, 0x0, 0x0,
    0x0, 0xff, 0xf3, 0x0, 0x0, 0x0, 0x0, 0x0,
    0x2, 0xff, 0xf2, 0x0, 0x0, 0x0, 0x0, 0x0,
    0x3, 0xff, 0xff, 0xff, 0xfe, 0xb7, 0x10, 0x0,
    0x4, 0xff, 0xff, 0xff, 0xff, 0xff, 0xf5, 0x0,
    0x4, 0xdd, 0xdd, 0xdd, 0xef, 0xff, 0xff, 0x60,
    0x0, 0x0, 0x0, 0x0, 0x1, 0x6e, 0xff, 0xf1,
    0x0, 0x0, 0x0, 0x0, 0x0, 0x3, 0xff, 0xf7,
    0x0, 0x0, 0x0, 0x0, 0x0, 0x0, 0xbf, 0xfa,
    0x0, 0x0, 0x0, 0x0, 0x0, 0x0, 0x8f, 0xfb,
    0x0, 0x0, 0x0, 0x0, 0x0, 0x0, 0x9f, 0xfb,
    0x7, 0x77, 0x10, 0x0, 0x0, 0x0, 0xbf, 0xf9,
    0xe, 0xff, 0xa0, 0x0, 0x0, 0x3, 0xff, 0xf6,
    0x8, 0xff, 0xfa, 0x20, 0x0, 0x5e, 0xff, 0xe0,
    0x0, 0xdf, 0xff, 0xfe, 0xef, 0xff, 0xff, 0x50,
    0x0, 0x1c, 0xff, 0xff, 0xff, 0xff, 0xe5, 0x0,
    0x0, 0x0, 0x4a, 0xdf, 0xfe, 0xc8, 0x10, 0x0,

    /* U+0036 "6" */
    0x0, 0x0, 0x0, 0x0, 0x2, 0x8c, 0x90, 0x0,
    0x0, 0x0, 0x0, 0x2, 0xaf, 0xff, 0xc0, 0x0,
    0x0, 0x0, 0x0, 0x6f, 0xff, 0xff, 0xe0, 0x0,
    0x0, 0x0, 0xa, 0xff, 0xff, 0xa3, 0x0, 0x0,
    0x0, 0x0, 0x9f, 0xff, 0xc2, 0x0, 0x0, 0x0,
    0x0, 0x6, 0xff, 0xfb, 0x0, 0x0, 0x0, 0x0,
    0x0, 0x2f, 0xff, 0xc0, 0x0, 0x0, 0x0, 0x0,
    0x0, 0x9f, 0xff, 0x10, 0x0, 0x0, 0x0, 0x0,
    0x1, 0xff, 0xf8, 0x0, 0x0, 0x0, 0x0, 0x0,
    0x5, 0xff, 0xf1, 0x28, 0xbc, 0xb8, 0x30, 0x0,
    0xa, 0xff, 0xb6, 0xff, 0xff, 0xff, 0xf6, 0x0,
    0xd, 0xff, 0xdf, 0xff, 0xff, 0xff, 0xff, 0x50,
    0xf, 0xff, 0xfc, 0x41, 0x3, 0x9f, 0xff, 0xe0,
    0x2f, 0xff, 0xd0, 0x0, 0x0, 0x6, 0xff, 0xf5,
    0x4f, 0xff, 0x40, 0x0, 0x0, 0x0, 0xdf, 0xf9,
    0x5f, 0xff, 0x0, 0x0, 0x0, 0x0, 0xaf, 0xfb,
    0x5f, 0xfe, 0x0, 0x0, 0x0, 0x0, 0x8f, 0xfc,
    0x4f, 0xff, 0x0, 0x0, 0x0, 0x0, 0x9f, 0xfb,
    0x3f, 0xff, 0x20, 0x0, 0x0, 0x0, 0xcf, 0xf9,
    0xe, 0xff, 0xa0, 0x0, 0x0, 0x4, 0xff, 0xf5,
    0x8, 0xff, 0xfa, 0x20, 0x0, 0x6f, 0xff, 0xe0,
    0x0, 0xcf, 0xff, 0xfe, 0xef, 0xff, 0xff, 0x40,
    0x0, 0x1b, 0xff, 0xff, 0xff, 0xff, 0xe4, 0x0,
    0x0, 0x0, 0x5a, 0xdf, 0xfe, 0xc7, 0x10, 0x0,

    /* U+0037 "7" */
    0x1f, 0xff, 0xff, 0xff, 0xff, 0xff, 0xff, 0xf8,
    0x1f, 0xff, 0xff, 0xff, 0xff, 0xff, 0xff, 0xf8,
    0x1d, 0xdd, 0xdd, 0xdd, 0xdd, 0xdd, 0xff, 0xf8,
    0x0, 0x0, 0x0, 0x0, 0x0, 0x2, 0xff, 0xf4,
    0x0, 0x0, 0x0, 0x0, 0x0, 0x8, 0xff, 0xe0,
    0x0, 0x0, 0x0, 0x0, 0x0, 0xe, 0xff, 0x80,
    0x0, 0x0, 0x0, 0x0, 0x0, 0x5f, 0xff, 0x20,
    0x0, 0x0, 0x0, 0x0, 0x0, 0xbf, 0xfb, 0x0,
    0x0, 0x0, 0x0, 0x0, 0x1, 0xff, 0xf5, 0x0,
    0x0, 0x0, 0x0, 0x0, 0x7, 0xff, 0xf0, 0x0,
    0x0, 0x0, 0x0, 0x0, 0xd, 0xff, 0x90, 0x0,
    0x0, 0x0, 0x0, 0x0, 0x3f, 0xff, 0x30, 0x0,
    0x0, 0x0, 0x0, 0x0, 0x9f, 0xfd, 0x0, 0x0,
    0x0, 0x0, 0x0, 0x0, 0xff, 0xf7, 0x0, 0x0,
    0x0, 0x0, 0x0, 0x6, 0xff, 0xf1, 0x0, 0x0,
    0x0, 0x0, 0x0, 0xc, 0xff, 0xa0, 0x0, 0x0,
    0x0, 0x0, 0x0, 0x2f, 0xff, 0x40, 0x0, 0x0,
    0x0, 0x0, 0x0, 0x8f, 0xfe, 0x0, 0x0, 0x0,
    0x0, 0x0, 0x0, 0xef, 0xf8, 0x0, 0x0, 0x0,
    0x0, 0x0, 0x4, 0xff, 0xf2, 0x0, 0x0, 0x0,
    0x0, 0x0, 0xa, 0xff, 0xc0, 0x0, 0x0, 0x0,
    0x0, 0x0, 0x1f, 0xff, 0x60, 0x0, 0x0, 0x0,
    0x0, 0x0, 0x7f, 0xff, 0x0, 0x0, 0x0, 0x0,
    0x0, 0x0, 0xdf, 0xf9, 0x0, 0x0, 0x0, 0x0,

    /* U+0038 "8" */
    0x0, 0x0, 0x39, 0xdf, 0xfe, 0xb6, 0x0, 0x0,
    0x0, 0x9, 0xff, 0xff, 0xff, 0xff, 0xd2, 0x0,
    0x0, 0x8f, 0xff, 0xff, 0xef, 0xff, 0xfd, 0x10,
    0x2, 0xff, 0xfc, 0x30, 0x1, 0x8f, 0xff, 0x90,
    0x8, 0xff, 0xe0, 0x0, 0x0, 0x9, 0xff, 0xf0,
    0xb, 0xff, 0xa0, 0x0, 0x0, 0x3, 0xff, 0xf1,
    0xb, 0xff, 0x80, 0x0, 0x0, 0x2, 0xff, 0xf1,
    0x9, 0xff, 0xb0, 0x0, 0x0, 0x4, 0xff, 0xf0,
    0x4, 0xff, 0xf2, 0x0, 0x0, 0xb, 0xff, 0xa0,
    0x0, 0xcf, 0xfd, 0x40, 0x1, 0xaf, 0xff, 0x20,
    0x0, 0x1c, 0xff, 0xff, 0xef, 0xff, 0xf5, 0x0,
    0x0, 0x0, 0xdf, 0xff, 0xff, 0xff, 0x40, 0x0,
    0x0, 0x2d, 0xff, 0xff, 0xff, 0xff, 0xf7, 0x0,
    0x2, 0xef, 0xfd, 0x51, 0x3, 0x9f, 0xff, 0x70,
    0xb, 0xff, 0xc0, 0x0, 0x0, 0x7, 0xff, 0xf2,
    0x1f, 0xff, 0x30, 0x0, 0x0, 0x0, 0xdf, 0xf8,
    0x4f, 0xff, 0x0, 0x0, 0x0, 0x0, 0x9f, 0xfa,
    0x5f, 0xfe, 0x0, 0x0, 0x0, 0x0, 0x8f, 0xfb,
    0x3f, 0xff, 0x10, 0x0, 0x0, 0x0, 0xaf, 0xfa,
    0x1f, 0xff, 0x80, 0x0, 0x0, 0x2, 0xff, 0xf7,
    0xa, 0xff, 0xf8, 0x10, 0x0, 0x5e, 0xff, 0xf1,
    0x1, 0xdf, 0xff, 0xff, 0xef, 0xff, 0xff, 0x50,
    0x0, 0x2c, 0xff, 0xff, 0xff, 0xff, 0xe5, 0x0,
    0x0, 0x0, 0x5a, 0xef, 0xfe, 0xc7, 0x10, 0x0,

    /* U+0039 "9" */
    0x0, 0x0, 0x4a, 0xdf, 0xfe, 0xc7, 0x10, 0x0,
    0x0, 0x1b, 0xff, 0xff, 0xff, 0xff, 0xe4, 0x0,
    0x0, 0xcf, 0xff, 0xfe, 0xef, 0xff, 0xff, 0x40,
    0x8, 0xff, 0xfa, 0x20, 0x0, 0x6f, 0xff, 0xd0,
    0xe, 0xff, 0xa0, 0x0, 0x0, 0x4, 0xff, 0xf5,
    0x3f, 0xff, 0x20, 0x0, 0x0, 0x0, 0xcf, 0xf9,
    0x4f, 0xff, 0x0, 0x0, 0x0, 0x0, 0x9f, 0xfb,
    0x5f, 0xfe, 0x0, 0x0, 0x0, 0x0, 0x7f, 0xfc,
    0x5f, 0xff, 0x0, 0x0, 0x0, 0x0, 0x9f, 0xfb,
    0x3f, 0xff, 0x30, 0x0, 0x0, 0x0, 0xdf, 0xfa,
    0xf, 0xff, 0xc0, 0x0, 0x0, 0x6, 0xff, 0xf8,
    0x9, 0xff, 0xfc, 0x41, 0x3, 0x9f, 0xff, 0xf6,
    0x1, 0xef, 0xff, 0xff, 0xff, 0xfd, 0xff, 0xf3,
    0x0, 0x2e, 0xff, 0xff, 0xff, 0xb6, 0xff, 0xf0,
    0x0, 0x0, 0x7a, 0xcc, 0xa5, 0xb, 0xff, 0xb0,
    0x0, 0x0, 0x0, 0x0, 0x0, 0x2f, 0xff, 0x60,
    0x0, 0x0, 0x0, 0x0, 0x0, 0xaf, 0xff, 0x0,
    0x0, 0x0, 0x0, 0x0, 0x6, 0xff, 0xf7, 0x0,
    0x0, 0x0, 0x0, 0x0, 0x5f, 0xff, 0xc0, 0x0,
    0x0, 0x0, 0x0, 0x9, 0xff, 0xfe, 0x10, 0x0,
    0x0, 0x0, 0x27, 0xef, 0xff, 0xe2, 0x0, 0x0,
    0x0, 0x8, 0xff, 0xff, 0xfb, 0x10, 0x0, 0x0,
    0x0, 0x6, 0xff, 0xfd, 0x50, 0x0, 0x0, 0x0,
    0x0, 0x3, 0xda, 0x40, 0x0, 0x0, 0x0, 0x0,

    /* U+003A ":" */
    0xf, 0xff, 0xf7, 0xf, 0xff, 0xf7, 0xf, 0xff,
    0xf7, 0xf, 0xff, 0xf7, 0x8, 0x88, 0x84, 0x0,
    0x0, 0x0, 0x0, 0x0, 0x0, 0x0, 0x0, 0x0,
    0x0, 0x0, 0x0, 0x0, 0x0, 0x0, 0x0, 0x0,
    0x0, 0x0, 0x0, 0x0, 0x0, 0x0, 0x0, 0x8,
    0x88, 0x84, 0xf, 0xff, 0xf7, 0xf, 0xff, 0xf7,
    0xf, 0xff, 0xf7, 0xf, 0xff, 0xf7,

    /* U+003B ";" */
    0xf, 0xff, 0xf7, 0xf, 0xff, 0xf7, 0xf, 0xff,
    0xf7, 0xf, 0xff, 0xf7, 0x8, 0x88, 0x84, 0x0,
    0x0, 0x0, 0x0, 0x0, 0x0, 0x0, 0x0, 0x0,
    0x0, 0x0, 0x0, 0x0, 0x0, 0x0, 0x0, 0x0,
    0x0, 0x0, 0x0, 0x0, 0x0, 0x0, 0x0, 0x8,
    0x88, 0x84, 0xf, 0xff, 0xf7, 0xf, 0xff, 0xf7,
    0xf, 0xff, 0xf7, 0xf, 0xff, 0xf7, 0x0, 0xa,
    0xf7, 0x0, 0xd, 0xf5, 0x0, 0x3f, 0xf1, 0x0,
    0xcf, 0xa0, 0x7, 0xff, 0x30, 0x6f, 0xf9, 0x0,
    0x2e, 0xd0, 0x0, 0x1, 0x20, 0x0,

    /* U+003C "<" */
    0x0, 0x0, 0x0, 0x0, 0x0, 0x0, 0x1, 0x80,
    0x0, 0x0, 0x0, 0x0, 0x0, 0x0, 0x6, 0xef,
    0x90, 0x0, 0x0, 0x0, 0x0, 0x0, 0x2c, 0xff,
    0xff, 0x10, 0x0, 0x0, 0x0, 0x0, 0x8f, 0xff,
    0xfa, 0x10, 0x0, 0x0, 0x0, 0x4, 0xdf, 0xff,
    0xd4, 0x0, 0x0, 0x0, 0x0, 0x1a, 0xff, 0xff,
    0x70, 0x0, 0x0, 0x0, 0x0, 0x6e, 0xff, 0xfb,
    0x20, 0x0, 0x0, 0x0, 0x2, 0xcf, 0xff, 0xe5,
    0x0, 0x0, 0x0, 0x0, 0x8, 0xff, 0xff, 0x80,
    0x0, 0x0, 0x0, 0x0, 0x1, 0xff, 0xfc, 0x20,
    0x0, 0x0, 0x0, 0x0, 0x0, 0x1f, 0xfd, 0x10,
    0x0, 0x0, 0x0, 0x0, 0x0, 0x1, 0xff, 0xfe,
    0x50, 0x0, 0x0, 0x0, 0x0, 0x0, 0x5, 0xef,
    0xff, 0xb2, 0x0, 0x0, 0x0, 0x0, 0x0, 0x1,
    0x9f, 0xff, 0xf8, 0x0, 0x0, 0x0, 0x0, 0x0,
    0x0, 0x3d, 0xff, 0xfd, 0x40, 0x0, 0x0, 0x0,
    0x0, 0x0, 0x7, 0xff, 0xff, 0xa1, 0x0, 0x0,
    0x0, 0x0, 0x0, 0x2, 0xbf, 0xff, 0xf7, 0x0,
    0x0, 0x0, 0x0, 0x0, 0x0, 0x5e, 0xff, 0xfd,
    0x30, 0x0, 0x0, 0x0, 0x0, 0x0, 0x9, 0xff,
    0xff, 0x10, 0x0, 0x0, 0x0, 0x0, 0x0, 0x3,
    0xcf, 0x70, 0x0, 0x0, 0x0, 0x0, 0x0, 0x0,
    0x0, 0x50, 0x0,

    /* U+003D "=" */
    0x1b, 0xbb, 0xbb, 0xbb, 0xbb, 0xbb, 0xbb, 0xb5,
    0x1f, 0xff, 0xff, 0xff, 0xff, 0xff, 0xff, 0xf8,
    0x1f, 0xff, 0xff, 0xff, 0xff, 0xff, 0xff, 0xf8,
    0x0, 0x0, 0x0, 0x0, 0x0, 0x0, 0x0, 0x0,
    0x0, 0x0, 0x0, 0x0, 0x0, 0x0, 0x0, 0x0,
    0x0, 0x0, 0x0, 0x0, 0x0, 0x0, 0x0, 0x0,
    0x0, 0x0, 0x0, 0x0, 0x0, 0x0, 0x0, 0x0,
    0x1b, 0xbb, 0xbb, 0xbb, 0xbb, 0xbb, 0xbb, 0xb5,
    0x1f, 0xff, 0xff, 0xff, 0xff, 0xff, 0xff, 0xf8,
    0x1f, 0xff, 0xff, 0xff, 0xff, 0xff, 0xff, 0xf8,

    /* U+003E ">" */
    0x6, 0x40, 0x0, 0x0, 0x0, 0x0, 0x0, 0x0,
    0x3f, 0xfa, 0x10, 0x0, 0x0, 0x0, 0x0, 0x0,
    0xaf, 0xff, 0xe6, 0x0, 0x0, 0x0, 0x0, 0x0,
    0x6, 0xef, 0xff, 0xc2, 0x0, 0x0, 0x0, 0x0,
    0x0, 0x1a, 0xff, 0xff, 0x80, 0x0, 0x0, 0x0,
    0x0, 0x0, 0x3d, 0xff, 0xfd, 0x40, 0x0, 0x0,
    0x0, 0x0, 0x0, 0x7f, 0xff, 0xfa, 0x10, 0x0,
    0x0, 0x0, 0x0, 0x1, 0xbf, 0xff, 0xe6, 0x0,
    0x0, 0x0, 0x0, 0x0, 0x4, 0xef, 0xff, 0xc2,
    0x0, 0x0, 0x0, 0x0, 0x0, 0x8, 0xff, 0xf8,
    0x0, 0x0, 0x0, 0x0, 0x0, 0x0, 0x7f, 0xf8,
    0x0, 0x0, 0x0, 0x0, 0x0, 0x2b, 0xff, 0xf8,
    0x0, 0x0, 0x0, 0x0, 0x7, 0xff, 0xff, 0x91,
    0x0, 0x0, 0x0, 0x4, 0xdf, 0xff, 0xd3, 0x0,
    0x0, 0x0, 0x1, 0xaf, 0xff, 0xf7, 0x0, 0x0,
    0x0, 0x0, 0x6f, 0xff, 0xfb, 0x20, 0x0, 0x0,
    0x0, 0x3c, 0xff, 0xfe, 0x50, 0x0, 0x0, 0x0,
    0x19, 0xff, 0xff, 0x90, 0x0, 0x0, 0x0, 0x0,
    0xaf, 0xff, 0xc3, 0x0, 0x0, 0x0, 0x0, 0x0,
    0x1e, 0xf7, 0x0, 0x0, 0x0, 0x0, 0x0, 0x0,
    0x4, 0x10, 0x0, 0x0, 0x0, 0x0, 0x0, 0x0,

    /* U+003F "?" */
    0x0, 0x0, 0x4a, 0xdf, 0xfe, 0xc7, 0x10, 0x0,
    0x0, 0x1b, 0xff, 0xff, 0xff, 0xff, 0xf5, 0x0,
    0x0, 0xcf, 0xff, 0xff, 0xef, 0xff, 0xff, 0x50,
    0x7, 0xff, 0xfa, 0x20, 0x0, 0x6f, 0xff, 0xe0,
    0xe, 0xff, 0xb0, 0x0, 0x0, 0x4, 0xff, 0xf6,
    0xf, 0xff, 0x40, 0x0, 0x0, 0x0, 0xcf, 0xf9,
    0x19, 0x99, 0x10, 0x0, 0x0, 0x0, 0x9f, 0xfb,
    0x0, 0x0, 0x0, 0x0, 0x0, 0x0, 0x8f, 0xfc,
    0x0, 0x0, 0x0, 0x0, 0x0, 0x0, 0xaf, 0xfa,
    0x0, 0x0, 0x0, 0x0, 0x0, 0x1, 0xff, 0xf7,
    0x0, 0x0, 0x0, 0x0, 0x0, 0x2c, 0xff, 0xf1,
    0x0, 0x0, 0x0, 0x4a, 0xac, 0xff, 0xff, 0x80,
    0x0, 0x0, 0x0, 0x7f, 0xff, 0xff, 0xf9, 0x0,
    0x0, 0x0, 0x0, 0x7f, 0xff, 0xfb, 0x40, 0x0,
    0x0, 0x0, 0x0, 0x7f, 0xfd, 0x0, 0x0, 0x0,
    0x0, 0x0, 0x0, 0x7f, 0xfd, 0x0, 0x0, 0x0,
    0x0, 0x0, 0x0, 0x7f, 0xfd, 0x0, 0x0, 0x0,
    0x0, 0x0, 0x0, 0x0, 0x0, 0x0, 0x0, 0x0,
    0x0, 0x0, 0x0, 0x0, 0x0, 0x0, 0x0, 0x0,
    0x0, 0x0, 0x0, 0x33, 0x33, 0x10, 0x0, 0x0,
    0x0, 0x0, 0x0, 0xef, 0xff, 0x50, 0x0, 0x0,
    0x0, 0x0, 0x0, 0xef, 0xff, 0x50, 0x0, 0x0,
    0x0, 0x0, 0x0, 0xef, 0xff, 0x50, 0x0, 0x0,
    0x0, 0x0, 0x0, 0xef, 0xff, 0x50, 0x0, 0x0,

    /* U+0040 "@" */
    0x0, 0x0, 0x6a, 0xdf, 0xff, 0xfe, 0xc8, 0x30,
    0x0, 0x0, 0x7, 0xff, 0xff, 0xff, 0xff, 0xff,
    0xff, 0xb1, 0x0, 0x9, 0xff, 0xfe, 0xa8, 0x77,
    0x79, 0xcf, 0xff, 0xe1, 0x3, 0xff, 0xf5, 0x0,
    0x0, 0x0, 0x0, 0x2c, 0xff, 0x90, 0x8f, 0xf6,
    0x0, 0x0, 0x0, 0x0, 0x0, 0x1e, 0xfe, 0xa,
    0xff, 0x10, 0x0, 0x0, 0x0, 0x0, 0x0, 0xbf,
    0xf0, 0xaf, 0xf1, 0x0, 0x1, 0x45, 0x30, 0x0,
    0xb, 0xff, 0xa, 0xff, 0x10, 0x9, 0xff, 0xff,
    0xd2, 0x0, 0xbf, 0xf0, 0xaf, 0xf1, 0x5, 0xff,
    0xff, 0xff, 0xb0, 0xb, 0xff, 0xa, 0xff, 0x10,
    0x9f, 0xf4, 0xd, 0xff, 0x0, 0xbf, 0xf0, 0xaf,
    0xf1, 0xa, 0xff, 0x10, 0xaf, 0xf0, 0xb, 0xff,
    0xa, 0xff, 0x10, 0xaf, 0xf1, 0xa, 0xff, 0x0,
    0xbf, 0xf0, 0xaf, 0xf1, 0xa, 0xff, 0x10, 0xaf,
    0xf0, 0xb, 0xff, 0xa, 0xff, 0x10, 0xaf, 0xf1,
    0xa, 0xff, 0x0, 0xbf, 0xf0, 0xaf, 0xf1, 0xa,
    0xff, 0x10, 0xaf, 0xf0, 0xb, 0xff, 0xa, 0xff,
    0x10, 0xaf, 0xf1, 0xa, 0xff, 0x0, 0xbf, 0xf0,
    0xaf, 0xf1, 0xa, 0xff, 0x10, 0xaf, 0xf0, 0xb,
    0xff, 0xa, 0xff, 0x10, 0xaf, 0xf1, 0xa, 0xff,
    0x0, 0xbf, 0xf0, 0xaf, 0xf1, 0xa, 0xff, 0x10,
    0xaf, 0xf0, 0xb, 0xff, 0xa, 0xff, 0x10, 0x9f,
    0xf8, 0x6c, 0xff, 0x67, 0xff, 0xd0, 0xaf, 0xf1,
    0x3, 0xff, 0xff, 0xff, 0xff, 0xff, 0xf6, 0xa,
    0xff, 0x10, 0x4, 0xcf, 0xff, 0xff, 0xff, 0xc6,
    0x0, 0x9f, 0xf1, 0x0, 0x0, 0x0, 0x0, 0x0,
    0x0, 0x0, 0x8, 0xff, 0x80, 0x0, 0x0, 0x0,
    0x0, 0x0, 0x0, 0x0, 0x2f, 0xff, 0xc6, 0x20,
    0x0, 0x0, 0x0, 0x0, 0x0, 0x0, 0x7f, 0xff,
    0xff, 0xff, 0xff, 0xff, 0xff, 0xf9, 0x0, 0x0,
    0x5e, 0xff, 0xff, 0xff, 0xff, 0xff, 0xff, 0x90,
    0x0, 0x0, 0x4, 0x9c, 0xde, 0xee, 0xee, 0xee,
    0xe8, 0x0,

    /* U+0041 "A" */
    0x0, 0x0, 0x0, 0xc, 0xff, 0xf3, 0x0, 0x0,
    0x0, 0x0, 0x0, 0x0, 0x1f, 0xff, 0xf7, 0x0,
    0x0, 0x0, 0x0, 0x0, 0x0, 0x5f, 0xff, 0xfb,
    0x0, 0x0, 0x0, 0x0, 0x0, 0x0, 0x9f, 0xff,
    0xff, 0x0, 0x0, 0x0, 0x0, 0x0, 0x0, 0xef,
    0xfd, 0xff, 0x40, 0x0, 0x0, 0x0, 0x0, 0x2,
    0xff, 0xe8, 0xff, 0x80, 0x0, 0x0, 0x0, 0x0,
    0x6, 0xff, 0xa4, 0xff, 0xc0, 0x0, 0x0, 0x0,
    0x0, 0xa, 0xff, 0x60, 0xff, 0xf1, 0x0, 0x0,
    0x0, 0x0, 0xe, 0xff, 0x20, 0xcf, 0xf5, 0x0,
    0x0, 0x0, 0x0, 0x3f, 0xfe, 0x0, 0x8f, 0xf9,
    0x0, 0x0, 0x0, 0x0, 0x7f, 0xfa, 0x0, 0x4f,
    0xfe, 0x0, 0x0, 0x0, 0x0, 0xcf, 0xf7, 0x0,
    0xf, 0xff, 0x20, 0x0, 0x0, 0x0, 0xff, 0xf3,
    0x0, 0xc, 0xff, 0x60, 0x0, 0x0, 0x4, 0xff,
    0xf0, 0x0, 0x8, 0xff, 0xa0, 0x0, 0x0, 0x8,
    0xff, 0xb0, 0x0, 0x4, 0xff, 0xf0, 0x0, 0x0,
    0xd, 0xff, 0xfd, 0xdd, 0xde, 0xff, 0xf3, 0x0,
    0x0, 0x1f, 0xff, 0xff, 0xff, 0xff, 0xff, 0xf7,
    0x0, 0x0, 0x5f, 0xff, 0xff, 0xff, 0xff, 0xff,
    0xfc, 0x0, 0x0, 0xaf, 0xfb, 0x0, 0x0, 0x0,
    0x5f, 0xff, 0x0, 0x0, 0xef, 0xf7, 0x0, 0x0,
    0x0, 0x1f, 0xff, 0x40, 0x2, 0xff, 0xf3, 0x0,
    0x0, 0x0, 0xc, 0xff, 0x80, 0x6, 0xff, 0xe0,
    0x0, 0x0, 0x0, 0x8, 0xff, 0xd0, 0xb, 0xff,
    0xa0, 0x0, 0x0, 0x0, 0x4, 0xff, 0xf1, 0xf,
    0xff, 0x60, 0x0, 0x0, 0x0, 0x0, 0xff, 0xf5,

    /* U+0042 "B" */
    0x1f, 0xff, 0xff, 0xff, 0xfd, 0xa4, 0x0, 0x0,
    0x1, 0xff, 0xff, 0xff, 0xff, 0xff, 0xfb, 0x10,
    0x0, 0x1f, 0xff, 0xed, 0xdd, 0xff, 0xff, 0xfb,
    0x0, 0x1, 0xff, 0xf2, 0x0, 0x0, 0x1a, 0xff,
    0xf6, 0x0, 0x1f, 0xff, 0x20, 0x0, 0x0, 0xb,
    0xff, 0xc0, 0x1, 0xff, 0xf2, 0x0, 0x0, 0x0,
    0x6f, 0xfe, 0x0, 0x1f, 0xff, 0x20, 0x0, 0x0,
    0x4, 0xff, 0xf0, 0x1, 0xff, 0xf2, 0x0, 0x0,
    0x0, 0x6f, 0xfe, 0x0, 0x1f, 0xff, 0x20, 0x0,
    0x0, 0xb, 0xff, 0xa0, 0x1, 0xff, 0xf2, 0x0,
    0x0, 0x1a, 0xff, 0xf4, 0x0, 0x1f, 0xff, 0xed,
    0xdd, 0xef, 0xff, 0xf6, 0x0, 0x1, 0xff, 0xff,
    0xff, 0xff, 0xff, 0xf8, 0x0, 0x0, 0x1f, 0xff,
    0xff, 0xff, 0xff, 0xff, 0xfc, 0x10, 0x1, 0xff,
    0xf2, 0x0, 0x0, 0x28, 0xff, 0xfd, 0x0, 0x1f,
    0xff, 0x20, 0x0, 0x0, 0x3, 0xff, 0xf8, 0x1,
    0xff, 0xf2, 0x0, 0x0, 0x0, 0x8, 0xff, 0xd0,
    0x1f, 0xff, 0x20, 0x0, 0x0, 0x0, 0x4f, 0xff,
    0x1, 0xff, 0xf2, 0x0, 0x0, 0x0, 0x4, 0xff,
    0xf0, 0x1f, 0xff, 0x20, 0x0, 0x0, 0x0, 0x7f,
    0xfe, 0x1, 0xff, 0xf2, 0x0, 0x0, 0x0, 0x1e,
    0xff, 0xa0, 0x1f, 0xff, 0x20, 0x0, 0x0, 0x5e,
    0xff, 0xf4, 0x1, 0xff, 0xfe, 0xdd, 0xde, 0xff,
    0xff, 0xf9, 0x0, 0x1f, 0xff, 0xff, 0xff, 0xff,
    0xff, 0xf7, 0x0, 0x1, 0xff, 0xff, 0xff, 0xff,
    0xeb, 0x71, 0x0, 0x0,

    /* U+0043 "C" */
    0x0, 0x1, 0x7b, 0xef, 0xfe, 0xc9, 0x50, 0x0,
    0x0, 0x6f, 0xff, 0xff, 0xff, 0xff, 0xfe, 0x80,
    0x6, 0xff, 0xff, 0xfe, 0xef, 0xff, 0xff, 0xf8,
    0xf, 0xff, 0xe5, 0x0, 0x0, 0x16, 0xcf, 0xf8,
    0x4f, 0xff, 0x20, 0x0, 0x0, 0x0, 0x5f, 0xf8,
    0x5f, 0xfe, 0x0, 0x0, 0x0, 0x0, 0x5f, 0xf8,
    0x6f, 0xfe, 0x0, 0x0, 0x0, 0x0, 0x28, 0x84,
    0x6f, 0xfe, 0x0, 0x0, 0x0, 0x0, 0x0, 0x0,
    0x6f, 0xfe, 0x0, 0x0, 0x0, 0x0, 0x0, 0x0,
    0x6f, 0xfe, 0x0, 0x0, 0x0, 0x0, 0x0, 0x0,
    0x6f, 0xfe, 0x0, 0x0, 0x0, 0x0, 0x0, 0x0,
    0x6f, 0xfe, 0x0, 0x0, 0x0, 0x0, 0x0, 0x0,
    0x6f, 0xfe, 0x0, 0x0, 0x0, 0x0, 0x0, 0x0,
    0x6f, 0xfe, 0x0, 0x0, 0x0, 0x0, 0x0, 0x0,
    0x6f, 0xfe, 0x0, 0x0, 0x0, 0x0, 0x0, 0x0,
    0x6f, 0xfe, 0x0, 0x0, 0x0, 0x0, 0x0, 0x0,
    0x6f, 0xfe, 0x0, 0x0, 0x0, 0x0, 0x0, 0x0,
    0x6f, 0xfe, 0x0, 0x0, 0x0, 0x0, 0x28, 0x84,
    0x5f, 0xfe, 0x0, 0x0, 0x0, 0x0, 0x5f, 0xf8,
    0x4f, 0xff, 0x20, 0x0, 0x0, 0x0, 0x5f, 0xf8,
    0xf, 0xff, 0xd5, 0x0, 0x0, 0x16, 0xcf, 0xf8,
    0x7, 0xff, 0xff, 0xfe, 0xef, 0xff, 0xff, 0xf8,
    0x0, 0x7f, 0xff, 0xff, 0xff, 0xff, 0xfe, 0x80,
    0x0, 0x1, 0x7c, 0xef, 0xfe, 0xc9, 0x50, 0x0,

    /* U+0044 "D" */
    0x1f, 0xff, 0xff, 0xff, 0xff, 0xfd, 0x81, 0x0,
    0x1f, 0xff, 0xff, 0xff, 0xff, 0xff, 0xfe, 0x30,
    0x1f, 0xff, 0xed, 0xdd, 0xdd, 0xff, 0xff, 0xd0,
    0x1f, 0xff, 0x20, 0x0, 0x0, 0x7, 0xff, 0xf5,
    0x1f, 0xff, 0x20, 0x0, 0x0, 0x0, 0xbf, 0xfa,
    0x1f, 0xff, 0x20, 0x0, 0x0, 0x0, 0x8f, 0xfb,
    0x1f, 0xff, 0x20, 0x0, 0x0, 0x0, 0x7f, 0xfc,
    0x1f, 0xff, 0x20, 0x0, 0x0, 0x0, 0x7f, 0xfc,
    0x1f, 0xff, 0x20, 0x0, 0x0, 0x0, 0x7f, 0xfc,
    0x1f, 0xff, 0x20, 0x0, 0x0, 0x0, 0x7f, 0xfc,
    0x1f, 0xff, 0x20, 0x0, 0x0, 0x0, 0x7f, 0xfc,
    0x1f, 0xff, 0x20, 0x0, 0x0, 0x0, 0x7f, 0xfc,
    0x1f, 0xff, 0x20, 0x0, 0x0, 0x0, 0x7f, 0xfc,
    0x1f, 0xff, 0x20, 0x0, 0x0, 0x0, 0x7f, 0xfc,
    0x1f, 0xff, 0x20, 0x0, 0x0, 0x0, 0x7f, 0xfc,
    0x1f, 0xff, 0x20, 0x0, 0x0, 0x0, 0x7f, 0xfc,
    0x1f, 0xff, 0x20, 0x0, 0x0, 0x0, 0x7f, 0xfc,
    0x1f, 0xff, 0x20, 0x0, 0x0, 0x0, 0x7f, 0xfc,
    0x1f, 0xff, 0x20, 0x0, 0x0, 0x0, 0x8f, 0xfb,
    0x1f, 0xff, 0x20, 0x0, 0x0, 0x0, 0xbf, 0xfa,
    0x1f, 0xff, 0x20, 0x0, 0x0, 0x7, 0xff, 0xf5,
    0x1f, 0xff, 0xed, 0xdd, 0xdd, 0xff, 0xff, 0xd0,
    0x1f, 0xff, 0xff, 0xff, 0xff, 0xff, 0xfe, 0x30,
    0x1f, 0xff, 0xff, 0xff, 0xff, 0xfd, 0x81, 0x0,

    /* U+0045 "E" */
    0xdf, 0xff, 0xff, 0xff, 0xff, 0xff, 0xff, 0x8d,
    0xff, 0xff, 0xff, 0xff, 0xff, 0xff, 0xf8, 0xdf,
    0xfe, 0xdd, 0xdd, 0xdd, 0xdd, 0xdd, 0x7d, 0xff,
    0x60, 0x0, 0x0, 0x0, 0x0, 0x0, 0xdf, 0xf6,
    0x0, 0x0, 0x0, 0x0, 0x0, 0xd, 0xff, 0x60,
    0x0, 0x0, 0x0, 0x0, 0x0, 0xdf, 0xf6, 0x0,
    0x0, 0x0, 0x0, 0x0, 0xd, 0xff, 0x60, 0x0,
    0x0, 0x0, 0x0, 0x0, 0xdf, 0xf6, 0x0, 0x0,
    0x0, 0x0, 0x0, 0xd, 0xff, 0x60, 0x0, 0x0,
    0x0, 0x0, 0x0, 0xdf, 0xfe, 0xdd, 0xdd, 0xdd,
    0xdd, 0x40, 0xd, 0xff, 0xff, 0xff, 0xff, 0xff,
    0xf5, 0x0, 0xdf, 0xff, 0xff, 0xff, 0xff, 0xff,
    0x50, 0xd, 0xff, 0x60, 0x0, 0x0, 0x0, 0x0,
    0x0, 0xdf, 0xf6, 0x0, 0x0, 0x0, 0x0, 0x0,
    0xd, 0xff, 0x60, 0x0, 0x0, 0x0, 0x0, 0x0,
    0xdf, 0xf6, 0x0, 0x0, 0x0, 0x0, 0x0, 0xd,
    0xff, 0x60, 0x0, 0x0, 0x0, 0x0, 0x0, 0xdf,
    0xf6, 0x0, 0x0, 0x0, 0x0, 0x0, 0xd, 0xff,
    0x60, 0x0, 0x0, 0x0, 0x0, 0x0, 0xdf, 0xf6,
    0x0, 0x0, 0x0, 0x0, 0x0, 0xd, 0xff, 0xed,
    0xdd, 0xdd, 0xdd, 0xdd, 0xd7, 0xdf, 0xff, 0xff,
    0xff, 0xff, 0xff, 0xff, 0x8d, 0xff, 0xff, 0xff,
    0xff, 0xff, 0xff, 0xf8,

    /* U+0046 "F" */
    0xaf, 0xff, 0xff, 0xff, 0xff, 0xff, 0xf8, 0xaf,
    0xff, 0xff, 0xff, 0xff, 0xff, 0xf8, 0xaf, 0xff,
    0xdd, 0xdd, 0xdd, 0xdd, 0xd7, 0xaf, 0xf9, 0x0,
    0x0, 0x0, 0x0, 0x0, 0xaf, 0xf9, 0x0, 0x0,
    0x0, 0x0, 0x0, 0xaf, 0xf9, 0x0, 0x0, 0x0,
    0x0, 0x0, 0xaf, 0xf9, 0x0, 0x0, 0x0, 0x0,
    0x0, 0xaf, 0xf9, 0x0, 0x0, 0x0, 0x0, 0x0,
    0xaf, 0xf9, 0x0, 0x0, 0x0, 0x0, 0x0, 0xaf,
    0xf9, 0x0, 0x0, 0x0, 0x0, 0x0, 0xaf, 0xff,
    0xdd, 0xdd, 0xdd, 0xd4, 0x0, 0xaf, 0xff, 0xff,
    0xff, 0xff, 0xf5, 0x0, 0xaf, 0xff, 0xff, 0xff,
    0xff, 0xf5, 0x0, 0xaf, 0xf9, 0x0, 0x0, 0x0,
    0x0, 0x0, 0xaf, 0xf9, 0x0, 0x0, 0x0, 0x0,
    0x0, 0xaf, 0xf9, 0x0, 0x0, 0x0, 0x0, 0x0,
    0xaf, 0xf9, 0x0, 0x0, 0x0, 0x0, 0x0, 0xaf,
    0xf9, 0x0, 0x0, 0x0, 0x0, 0x0, 0xaf, 0xf9,
    0x0, 0x0, 0x0, 0x0, 0x0, 0xaf, 0xf9, 0x0,
    0x0, 0x0, 0x0, 0x0, 0xaf, 0xf9, 0x0, 0x0,
    0x0, 0x0, 0x0, 0xaf, 0xf9, 0x0, 0x0, 0x0,
    0x0, 0x0, 0xaf, 0xf9, 0x0, 0x0, 0x0, 0x0,
    0x0, 0xaf, 0xf9, 0x0, 0x0, 0x0, 0x0, 0x0,

    /* U+0047 "G" */
    0x0, 0x1, 0x7b, 0xef, 0xfe, 0xc9, 0x50, 0x0,
    0x0, 0x6f, 0xff, 0xff, 0xff, 0xff, 0xfe, 0x80,
    0x6, 0xff, 0xff, 0xfe, 0xef, 0xff, 0xff, 0xf8,
    0xf, 0xff, 0xe5, 0x0, 0x0, 0x27, 0xdf, 0xf8,
    0x4f, 0xff, 0x20, 0x0, 0x0, 0x0, 0x5f, 0xf8,
    0x5f, 0xfe, 0x0, 0x0, 0x0, 0x0, 0x5f, 0xf8,
    0x6f, 0xfe, 0x0, 0x0, 0x0, 0x0, 0x3a, 0xa5,
    0x6f, 0xfe, 0x0, 0x0, 0x0, 0x0, 0x0, 0x0,
    0x6f, 0xfe, 0x0, 0x0, 0x0, 0x0, 0x0, 0x0,
    0x6f, 0xfe, 0x0, 0x0, 0x0, 0x0, 0x0, 0x0,
    0x6f, 0xfe, 0x0, 0x0, 0x0, 0x0, 0x0, 0x0,
    0x6f, 0xfe, 0x0, 0x0, 0xcf, 0xff, 0xff, 0xf8,
    0x6f, 0xfe, 0x0, 0x0, 0xcf, 0xff, 0xff, 0xf8,
    0x6f, 0xfe, 0x0, 0x0, 0xad, 0xdd, 0xff, 0xf8,
    0x6f, 0xfe, 0x0, 0x0, 0x0, 0x0, 0xcf, 0xf8,
    0x6f, 0xfe, 0x0, 0x0, 0x0, 0x0, 0xcf, 0xf8,
    0x6f, 0xfe, 0x0, 0x0, 0x0, 0x0, 0xcf, 0xf8,
    0x6f, 0xfe, 0x0, 0x0, 0x0, 0x0, 0xcf, 0xf8,
    0x5f, 0xfe, 0x0, 0x0, 0x0, 0x0, 0xcf, 0xf8,
    0x4f, 0xff, 0x20, 0x0, 0x0, 0x0, 0xcf, 0xf8,
    0xf, 0xff, 0xd5, 0x0, 0x0, 0x16, 0xef, 0xf8,
    0x7, 0xff, 0xff, 0xfe, 0xef, 0xff, 0xff, 0xf8,
    0x0, 0x7f, 0xff, 0xff, 0xff, 0xff, 0xfe, 0x80,
    0x0, 0x1, 0x7c, 0xef, 0xfe, 0xc9, 0x50, 0x0,

    /* U+0048 "H" */
    0x1f, 0xff, 0x20, 0x0, 0x0, 0x0, 0xcf, 0xf8,
    0x1f, 0xff, 0x20, 0x0, 0x0, 0x0, 0xcf, 0xf8,
    0x1f, 0xff, 0x20, 0x0, 0x0, 0x0, 0xcf, 0xf8,
    0x1f, 0xff, 0x20, 0x0, 0x0, 0x0, 0xcf, 0xf8,
    0x1f, 0xff, 0x20, 0x0, 0x0, 0x0, 0xcf, 0xf8,
    0x1f, 0xff, 0x20, 0x0, 0x0, 0x0, 0xcf, 0xf8,
    0x1f, 0xff, 0x20, 0x0, 0x0, 0x0, 0xcf, 0xf8,
    0x1f, 0xff, 0x20, 0x0, 0x0, 0x0, 0xcf, 0xf8,
    0x1f, 0xff, 0x20, 0x0, 0x0, 0x0, 0xcf, 0xf8,
    0x1f, 0xff, 0x20, 0x0, 0x0, 0x0, 0xcf, 0xf8,
    0x1f, 0xff, 0xed, 0xdd, 0xdd, 0xdd, 0xff, 0xf8,
    0x1f, 0xff, 0xff, 0xff, 0xff, 0xff, 0xff, 0xf8,
    0x1f, 0xff, 0xff, 0xff, 0xff, 0xff, 0xff, 0xf8,
    0x1f, 0xff, 0x20, 0x0, 0x0, 0x0, 0xcf, 0xf8,
    0x1f, 0xff, 0x20, 0x0, 0x0, 0x0, 0xcf, 0xf8,
    0x1f, 0xff, 0x20, 0x0, 0x0, 0x0, 0xcf, 0xf8,
    0x1f, 0xff, 0x20, 0x0, 0x0, 0x0, 0xcf, 0xf8,
    0x1f, 0xff, 0x20, 0x0, 0x0, 0x0, 0xcf, 0xf8,
    0x1f, 0xff, 0x20, 0x0, 0x0, 0x0, 0xcf, 0xf8,
    0x1f, 0xff, 0x20, 0x0, 0x0, 0x0, 0xcf, 0xf8,
    0x1f, 0xff, 0x20, 0x0, 0x0, 0x0, 0xcf, 0xf8,
    0x1f, 0xff, 0x20, 0x0, 0x0, 0x0, 0xcf, 0xf8,
    0x1f, 0xff, 0x20, 0x0, 0x0, 0x0, 0xcf, 0xf8,
    0x1f, 0xff, 0x20, 0x0, 0x0, 0x0, 0xcf, 0xf8,

    /* U+0049 "I" */
    0xaf, 0xff, 0xff, 0xff, 0xff, 0xff, 0xff, 0xa,
    0xff, 0xff, 0xff, 0xff, 0xff, 0xff, 0xf0, 0x8d,
    0xdd, 0xde, 0xff, 0xfd, 0xdd, 0xdd, 0x0, 0x0,
    0x0, 0x7f, 0xfd, 0x0, 0x0, 0x0, 0x0, 0x0,
    0x7, 0xff, 0xd0, 0x0, 0x0, 0x0, 0x0, 0x0,
    0x7f, 0xfd, 0x0, 0x0, 0x0, 0x0, 0x0, 0x7,
    0xff, 0xd0, 0x0, 0x0, 0x0, 0x0, 0x0, 0x7f,
    0xfd, 0x0, 0x0, 0x0, 0x0, 0x0, 0x7, 0xff,
    0xd0, 0x0, 0x0, 0x0, 0x0, 0x0, 0x7f, 0xfd,
    0x0, 0x0, 0x0, 0x0, 0x0, 0x7, 0xff, 0xd0,
    0x0, 0x0, 0x0, 0x0, 0x0, 0x7f, 0xfd, 0x0,
    0x0, 0x0, 0x0, 0x0, 0x7, 0xff, 0xd0, 0x0,
    0x0, 0x0, 0x0, 0x0, 0x7f, 0xfd, 0x0, 0x0,
    0x0, 0x0, 0x0, 0x7, 0xff, 0xd0, 0x0, 0x0,
    0x0, 0x0, 0x0, 0x7f, 0xfd, 0x0, 0x0, 0x0,
    0x0, 0x0, 0x7, 0xff, 0xd0, 0x0, 0x0, 0x0,
    0x0, 0x0, 0x7f, 0xfd, 0x0, 0x0, 0x0, 0x0,
    0x0, 0x7, 0xff, 0xd0, 0x0, 0x0, 0x0, 0x0,
    0x0, 0x7f, 0xfd, 0x0, 0x0, 0x0, 0x0, 0x0,
    0x7, 0xff, 0xd0, 0x0, 0x0, 0x8, 0xdd, 0xdd,
    0xef, 0xff, 0xdd, 0xdd, 0xd0, 0xaf, 0xff, 0xff,
    0xff, 0xff, 0xff, 0xff, 0xa, 0xff, 0xff, 0xff,
    0xff, 0xff, 0xff, 0xf0,

    /* U+004A "J" */
    0x0, 0x0, 0x0, 0x0, 0x0, 0xb, 0xff, 0x80,
    0x0, 0x0, 0x0, 0x0, 0x0, 0xbf, 0xf8, 0x0,
    0x0, 0x0, 0x0, 0x0, 0xb, 0xff, 0x80, 0x0,
    0x0, 0x0, 0x0, 0x0, 0xbf, 0xf8, 0x0, 0x0,
    0x0, 0x0, 0x0, 0xb, 0xff, 0x80, 0x0, 0x0,
    0x0, 0x0, 0x0, 0xbf, 0xf8, 0x0, 0x0, 0x0,
    0x0, 0x0, 0xb, 0xff, 0x80, 0x0, 0x0, 0x0,
    0x0, 0x0, 0xbf, 0xf8, 0x0, 0x0, 0x0, 0x0,
    0x0, 0xb, 0xff, 0x80, 0x0, 0x0, 0x0, 0x0,
    0x0, 0xbf, 0xf8, 0x0, 0x0, 0x0, 0x0, 0x0,
    0xb, 0xff, 0x80, 0x0, 0x0, 0x0, 0x0, 0x0,
    0xbf, 0xf8, 0x0, 0x0, 0x0, 0x0, 0x0, 0xb,
    0xff, 0x80, 0x0, 0x0, 0x0, 0x0, 0x0, 0xbf,
    0xf8, 0x0, 0x0, 0x0, 0x0, 0x0, 0xb, 0xff,
    0x80, 0x0, 0x0, 0x0, 0x0, 0x0, 0xbf, 0xf8,
    0x0, 0x0, 0x0, 0x0, 0x0, 0xb, 0xff, 0x87,
    0x99, 0x30, 0x0, 0x0, 0x0, 0xbf, 0xf8, 0xcf,
    0xf7, 0x0, 0x0, 0x0, 0xc, 0xff, 0x8a, 0xff,
    0xd0, 0x0, 0x0, 0x0, 0xef, 0xf6, 0x3f, 0xff,
    0xc2, 0x0, 0x3, 0xcf, 0xff, 0x20, 0xaf, 0xff,
    0xff, 0xdf, 0xff, 0xff, 0x90, 0x0, 0xaf, 0xff,
    0xff, 0xff, 0xff, 0x90, 0x0, 0x0, 0x39, 0xdf,
    0xff, 0xc9, 0x20, 0x0,

    /* U+004B "K" */
    0x7f, 0xfc, 0x0, 0x0, 0x0, 0x2f, 0xff, 0xa0,
    0x7f, 0xfc, 0x0, 0x0, 0x0, 0xdf, 0xfe, 0x10,
    0x7f, 0xfc, 0x0, 0x0, 0x9, 0xff, 0xf4, 0x0,
    0x7f, 0xfc, 0x0, 0x0, 0x4f, 0xff, 0x80, 0x0,
    0x7f, 0xfc, 0x0, 0x1, 0xef, 0xfc, 0x0, 0x0,
    0x7f, 0xfc, 0x0, 0xb, 0xff, 0xf2, 0x0, 0x0,
    0x7f, 0xfc, 0x0, 0x6f, 0xff, 0x50, 0x0, 0x0,
    0x7f, 0xfc, 0x2, 0xff, 0xfa, 0x0, 0x0, 0x0,
    0x7f, 0xfc, 0xd, 0xff, 0xd0, 0x0, 0x0, 0x0,
    0x7f, 0xfc, 0x9f, 0xff, 0x30, 0x0, 0x0, 0x0,
    0x7f, 0xfe, 0xff, 0xf7, 0x0, 0x0, 0x0, 0x0,
    0x7f, 0xff, 0xff, 0xb0, 0x0, 0x0, 0x0, 0x0,
    0x7f, 0xff, 0xff, 0xb0, 0x0, 0x0, 0x0, 0x0,
    0x7f, 0xfe, 0xff, 0xf7, 0x0, 0x0, 0x0, 0x0,
    0x7f, 0xfc, 0x9f, 0xff, 0x30, 0x0, 0x0, 0x0,
    0x7f, 0xfc, 0xd, 0xff, 0xd0, 0x0, 0x0, 0x0,
    0x7f, 0xfc, 0x2, 0xff, 0xfa, 0x0, 0x0, 0x0,
    0x7f, 0xfc, 0x0, 0x6f, 0xff, 0x50, 0x0, 0x0,
    0x7f, 0xfc, 0x0, 0xb, 0xff, 0xf2, 0x0, 0x0,
    0x7f, 0xfc, 0x0, 0x1, 0xef, 0xfc, 0x0, 0x0,
    0x7f, 0xfc, 0x0, 0x0, 0x4f, 0xff, 0x80, 0x0,
    0x7f, 0xfc, 0x0, 0x0, 0x9, 0xff, 0xf4, 0x0,
    0x7f, 0xfc, 0x0, 0x0, 0x0, 0xdf, 0xfe, 0x10,
    0x7f, 0xfc, 0x0, 0x0, 0x0, 0x2f, 0xff, 0xa0,

    /* U+004C "L" */
    0xaf, 0xf9, 0x0, 0x0, 0x0, 0x0, 0x0, 0xaf,
    0xf9, 0x0, 0x0, 0x0, 0x0, 0x0, 0xaf, 0xf9,
    0x0, 0x0, 0x0, 0x0, 0x0, 0xaf, 0xf9, 0x0,
    0x0, 0x0, 0x0, 0x0, 0xaf, 0xf9, 0x0, 0x0,
    0x0, 0x0, 0x0, 0xaf, 0xf9, 0x0, 0x0, 0x0,
    0x0, 0x0, 0xaf, 0xf9, 0x0, 0x0, 0x0, 0x0,
    0x0, 0xaf, 0xf9, 0x0, 0x0, 0x0, 0x0, 0x0,
    0xaf, 0xf9, 0x0, 0x0, 0x0, 0x0, 0x0, 0xaf,
    0xf9, 0x0, 0x0, 0x0, 0x0, 0x0, 0xaf, 0xf9,
    0x0, 0x0, 0x0, 0x0, 0x0, 0xaf, 0xf9, 0x0,
    0x0, 0x0, 0x0, 0x0, 0xaf, 0xf9, 0x0, 0x0,
    0x0, 0x0, 0x0, 0xaf, 0xf9, 0x0, 0x0, 0x0,
    0x0, 0x0, 0xaf, 0xf9, 0x0, 0x0, 0x0, 0x0,
    0x0, 0xaf, 0xf9, 0x0, 0x0, 0x0, 0x0, 0x0,
    0xaf, 0xf9, 0x0, 0x0, 0x0, 0x0, 0x0, 0xaf,
    0xf9, 0x0, 0x0, 0x0, 0x0, 0x0, 0xaf, 0xf9,
    0x0, 0x0, 0x0, 0x0, 0x0, 0xaf, 0xf9, 0x0,
    0x0, 0x0, 0x0, 0x0, 0xaf, 0xf9, 0x0, 0x0,
    0x0, 0x0, 0x0, 0xaf, 0xff, 0xdd, 0xdd, 0xdd,
    0xdd, 0xd9, 0xaf, 0xff, 0xff, 0xff, 0xff, 0xff,
    0xfb, 0xaf, 0xff, 0xff, 0xff, 0xff, 0xff, 0xfb,

    /* U+004D "M" */
    0xef, 0xff, 0x20, 0x0, 0x0, 0x0, 0xcf, 0xff,
    0x5e, 0xff, 0xf8, 0x0, 0x0, 0x0, 0x1f, 0xff,
    0xf5, 0xef, 0xff, 0xd0, 0x0, 0x0, 0x7, 0xff,
    0xff, 0x5e, 0xff, 0xff, 0x20, 0x0, 0x0, 0xcf,
    0xff, 0xf5, 0xef, 0xef, 0xf7, 0x0, 0x0, 0x1f,
    0xfe, 0xff, 0x5e, 0xfd, 0xcf, 0xc0, 0x0, 0x6,
    0xff, 0xaf, 0xf5, 0xef, 0xe7, 0xff, 0x20, 0x0,
    0xbf, 0xd8, 0xff, 0x5e, 0xfe, 0x2f, 0xf7, 0x0,
    0x1f, 0xf8, 0x8f, 0xf5, 0xef, 0xf0, 0xcf, 0xc0,
    0x6, 0xff, 0x39, 0xff, 0x5e, 0xff, 0x7, 0xff,
    0x10, 0xbf, 0xd0, 0x9f, 0xf5, 0xef, 0xf0, 0x2f,
    0xf7, 0x1f, 0xf8, 0xa, 0xff, 0x5e, 0xff, 0x10,
    0xdf, 0xc5, 0xff, 0x30, 0xbf, 0xf5, 0xef, 0xf1,
    0x7, 0xff, 0xcf, 0xe0, 0xb, 0xff, 0x5e, 0xff,
    0x20, 0x2f, 0xff, 0xf8, 0x0, 0xbf, 0xf5, 0xef,
    0xf2, 0x0, 0xdf, 0xff, 0x30, 0xc, 0xff, 0x5e,
    0xff, 0x20, 0x8, 0xff, 0xe0, 0x0, 0xcf, 0xf5,
    0xef, 0xf2, 0x0, 0x2c, 0xc7, 0x0, 0xc, 0xff,
    0x5e, 0xff, 0x30, 0x0, 0x0, 0x0, 0x0, 0xcf,
    0xf5, 0xef, 0xf3, 0x0, 0x0, 0x0, 0x0, 0xc,
    0xff, 0x5e, 0xff, 0x30, 0x0, 0x0, 0x0, 0x0,
    0xcf, 0xf5, 0xef, 0xf3, 0x0, 0x0, 0x0, 0x0,
    0xc, 0xff, 0x5e, 0xff, 0x30, 0x0, 0x0, 0x0,
    0x0, 0xcf, 0xf5, 0xef, 0xf3, 0x0, 0x0, 0x0,
    0x0, 0xc, 0xff, 0x5e, 0xff, 0x30, 0x0, 0x0,
    0x0, 0x0, 0xcf, 0xf5,

    /* U+004E "N" */
    0x1f, 0xff, 0xe0, 0x0, 0x0, 0x0, 0xcf, 0xf8,
    0x1f, 0xff, 0xf5, 0x0, 0x0, 0x0, 0xcf, 0xf8,
    0x1f, 0xff, 0xfc, 0x0, 0x0, 0x0, 0xcf, 0xf8,
    0x1f, 0xff, 0xff, 0x20, 0x0, 0x0, 0xcf, 0xf8,
    0x1f, 0xff, 0xff, 0x90, 0x0, 0x0, 0xcf, 0xf8,
    0x1f, 0xfc, 0xef, 0xf0, 0x0, 0x0, 0xcf, 0xf8,
    0x1f, 0xfd, 0x8f, 0xf6, 0x0, 0x0, 0xcf, 0xf8,
    0x1f, 0xfe, 0x1f, 0xfc, 0x0, 0x0, 0xcf, 0xf8,
    0x1f, 0xff, 0xa, 0xff, 0x30, 0x0, 0xcf, 0xf8,
    0x1f, 0xff, 0x4, 0xff, 0xa0, 0x0, 0xbf, 0xf8,
    0x1f, 0xff, 0x0, 0xdf, 0xf1, 0x0, 0xbf, 0xf8,
    0x1f, 0xff, 0x10, 0x7f, 0xf7, 0x0, 0xbf, 0xf8,
    0x1f, 0xff, 0x10, 0x1f, 0xfd, 0x0, 0xaf, 0xf8,
    0x1f, 0xff, 0x20, 0xa, 0xff, 0x40, 0xaf, 0xf8,
    0x1f, 0xff, 0x20, 0x3, 0xff, 0xa0, 0x9f, 0xf8,
    0x1f, 0xff, 0x20, 0x0, 0xdf, 0xf1, 0x8f, 0xf8,
    0x1f, 0xff, 0x20, 0x0, 0x6f, 0xf7, 0x7f, 0xf8,
    0x1f, 0xff, 0x20, 0x0, 0xf, 0xfe, 0x7f, 0xf8,
    0x1f, 0xff, 0x20, 0x0, 0x9, 0xff, 0xaf, 0xf8,
    0x1f, 0xff, 0x20, 0x0, 0x2, 0xff, 0xff, 0xf8,
    0x1f, 0xff, 0x20, 0x0, 0x0, 0xcf, 0xff, 0xf8,
    0x1f, 0xff, 0x20, 0x0, 0x0, 0x5f, 0xff, 0xf8,
    0x1f, 0xff, 0x20, 0x0, 0x0, 0xe, 0xff, 0xf8,
    0x1f, 0xff, 0x20, 0x0, 0x0, 0x8, 0xff, 0xf8,

    /* U+004F "O" */
    0x0, 0x1, 0x7b, 0xef, 0xfe, 0xc9, 0x40, 0x0,
    0x0, 0x7f, 0xff, 0xff, 0xff, 0xff, 0xfb, 0x10,
    0x7, 0xff, 0xff, 0xfe, 0xef, 0xff, 0xff, 0xc0,
    0xf, 0xff, 0xe5, 0x0, 0x0, 0x3a, 0xff, 0xf6,
    0x4f, 0xff, 0x20, 0x0, 0x0, 0x0, 0xcf, 0xfa,
    0x5f, 0xfe, 0x0, 0x0, 0x0, 0x0, 0x8f, 0xfc,
    0x6f, 0xfe, 0x0, 0x0, 0x0, 0x0, 0x7f, 0xfc,
    0x6f, 0xfe, 0x0, 0x0, 0x0, 0x0, 0x7f, 0xfc,
    0x6f, 0xfe, 0x0, 0x0, 0x0, 0x0, 0x7f, 0xfc,
    0x6f, 0xfe, 0x0, 0x0, 0x0, 0x0, 0x7f, 0xfc,
    0x6f, 0xfe, 0x0, 0x0, 0x0, 0x0, 0x7f, 0xfc,
    0x6f, 0xfe, 0x0, 0x0, 0x0, 0x0, 0x7f, 0xfc,
    0x6f, 0xfe, 0x0, 0x0, 0x0, 0x0, 0x7f, 0xfc,
    0x6f, 0xfe, 0x0, 0x0, 0x0, 0x0, 0x7f, 0xfc,
    0x6f, 0xfe, 0x0, 0x0, 0x0, 0x0, 0x7f, 0xfc,
    0x6f, 0xfe, 0x0, 0x0, 0x0, 0x0, 0x7f, 0xfc,
    0x6f, 0xfe, 0x0, 0x0, 0x0, 0x0, 0x7f, 0xfc,
    0x6f, 0xfe, 0x0, 0x0, 0x0, 0x0, 0x7f, 0xfc,
    0x5f, 0xfe, 0x0, 0x0, 0x0, 0x0, 0x8f, 0xfc,
    0x4f, 0xff, 0x20, 0x0, 0x0, 0x0, 0xcf, 0xfa,
    0xf, 0xff, 0xd5, 0x0, 0x0, 0x2a, 0xff, 0xf6,
    0x7, 0xff, 0xff, 0xfe, 0xdf, 0xff, 0xff, 0xc0,
    0x0, 0x7f, 0xff, 0xff, 0xff, 0xff, 0xfb, 0x10,
    0x0, 0x1, 0x8c, 0xef, 0xff, 0xd9, 0x40, 0x0,

    /* U+0050 "P" */
    0x6f, 0xff, 0xff, 0xff, 0xfd, 0xa4, 0x0, 0x0,
    0x6f, 0xff, 0xff, 0xff, 0xff, 0xff, 0xa0, 0x0,
    0x6f, 0xff, 0xdd, 0xdd, 0xef, 0xff, 0xfa, 0x0,
    0x6f, 0xfe, 0x0, 0x0, 0x2, 0xbf, 0xff, 0x40,
    0x6f, 0xfe, 0x0, 0x0, 0x0, 0xd, 0xff, 0xa0,
    0x6f, 0xfe, 0x0, 0x0, 0x0, 0x7, 0xff, 0xe0,
    0x6f, 0xfe, 0x0, 0x0, 0x0, 0x4, 0xff, 0xf0,
    0x6f, 0xfe, 0x0, 0x0, 0x0, 0x3, 0xff, 0xf0,
    0x6f, 0xfe, 0x0, 0x0, 0x0, 0x5, 0xff, 0xf0,
    0x6f, 0xfe, 0x0, 0x0, 0x0, 0x8, 0xff, 0xd0,
    0x6f, 0xfe, 0x0, 0x0, 0x0, 0x1e, 0xff, 0x90,
    0x6f, 0xfe, 0x0, 0x0, 0x4, 0xdf, 0xff, 0x20,
    0x6f, 0xff, 0xff, 0xff, 0xff, 0xff, 0xf8, 0x0,
    0x6f, 0xff, 0xff, 0xff, 0xff, 0xff, 0x60, 0x0,
    0x6f, 0xff, 0xdd, 0xdd, 0xcb, 0x82, 0x0, 0x0,
    0x6f, 0xfe, 0x0, 0x0, 0x0, 0x0, 0x0, 0x0,
    0x6f, 0xfe, 0x0, 0x0, 0x0, 0x0, 0x0, 0x0,
    0x6f, 0xfe, 0x0, 0x0, 0x0, 0x0, 0x0, 0x0,
    0x6f, 0xfe, 0x0, 0x0, 0x0, 0x0, 0x0, 0x0,
    0x6f, 0xfe, 0x0, 0x0, 0x0, 0x0, 0x0, 0x0,
    0x6f, 0xfe, 0x0, 0x0, 0x0, 0x0, 0x0, 0x0,
    0x6f, 0xfe, 0x0, 0x0, 0x0, 0x0, 0x0, 0x0,
    0x6f, 0xfe, 0x0, 0x0, 0x0, 0x0, 0x0, 0x0,
    0x6f, 0xfe, 0x0, 0x0, 0x0, 0x0, 0x0, 0x0,

    /* U+0051 "Q" */
    0x0, 0x1, 0x7b, 0xef, 0xfe, 0xc9, 0x40, 0x0,
    0x0, 0x0, 0x7f, 0xff, 0xff, 0xff, 0xff, 0xfb,
    0x10, 0x0, 0x7, 0xff, 0xff, 0xfe, 0xef, 0xff,
    0xff, 0xc0, 0x0, 0xf, 0xff, 0xe5, 0x0, 0x0,
    0x3a, 0xff, 0xf6, 0x0, 0x4f, 0xff, 0x20, 0x0,
    0x0, 0x0, 0xcf, 0xfa, 0x0, 0x5f, 0xfe, 0x0,
    0x0, 0x0, 0x0, 0x8f, 0xfc, 0x0, 0x6f, 0xfe,
    0x0, 0x0, 0x0, 0x0, 0x7f, 0xfc, 0x0, 0x6f,
    0xfe, 0x0, 0x0, 0x0, 0x0, 0x7f, 0xfc, 0x0,
    0x6f, 0xfe, 0x0, 0x0, 0x0, 0x0, 0x7f, 0xfc,
    0x0, 0x6f, 0xfe, 0x0, 0x0, 0x0, 0x0, 0x7f,
    0xfc, 0x0, 0x6f, 0xfe, 0x0, 0x0, 0x0, 0x0,
    0x7f, 0xfc, 0x0, 0x6f, 0xfe, 0x0, 0x0, 0x0,
    0x0, 0x7f, 0xfc, 0x0, 0x6f, 0xfe, 0x0, 0x0,
    0x0, 0x0, 0x7f, 0xfc, 0x0, 0x6f, 0xfe, 0x0,
    0x0, 0x0, 0x0, 0x7f, 0xfc, 0x0, 0x6f, 0xfe,
    0x0, 0x47, 0x75, 0x0, 0x7f, 0xfc, 0x0, 0x6f,
    0xfe, 0x0, 0x1f, 0xff, 0x40, 0x7f, 0xfc, 0x0,
    0x6f, 0xfe, 0x0, 0x5, 0xff, 0xe0, 0x7f, 0xfc,
    0x0, 0x6f, 0xfe, 0x0, 0x0, 0xaf, 0xfa, 0x7f,
    0xfc, 0x0, 0x5f, 0xfe, 0x0, 0x0, 0x1e, 0xff,
    0xcf, 0xfc, 0x0, 0x4f, 0xff, 0x20, 0x0, 0x4,
    0xff, 0xff, 0xfb, 0x0, 0xf, 0xff, 0xd5, 0x0,
    0x0, 0xbf, 0xff, 0xf6, 0x0, 0x7, 0xff, 0xff,
    0xfe, 0xef, 0xff, 0xff, 0xd0, 0x0, 0x0, 0x7f,
    0xff, 0xff, 0xff, 0xff, 0xff, 0xf2, 0x0, 0x0,
    0x1, 0x8c, 0xef, 0xfe, 0xd9, 0x9f, 0xfc, 0x0,
    0x0, 0x0, 0x0, 0x0, 0x0, 0x0, 0xc, 0xff,
    0x70, 0x0, 0x0, 0x0, 0x0, 0x0, 0x0, 0x2,
    0x88, 0x70,

    /* U+0052 "R" */
    0x1f, 0xff, 0xff, 0xff, 0xff, 0xda, 0x30, 0x0,
    0x1, 0xff, 0xff, 0xff, 0xff, 0xff, 0xff, 0x80,
    0x0, 0x1f, 0xff, 0xed, 0xdd, 0xde, 0xff, 0xff,
    0x50, 0x1, 0xff, 0xf2, 0x0, 0x0, 0x3, 0xdf,
    0xfe, 0x0, 0x1f, 0xff, 0x20, 0x0, 0x0, 0x2,
    0xff, 0xf5, 0x1, 0xff, 0xf2, 0x0, 0x0, 0x0,
    0xb, 0xff, 0x90, 0x1f, 0xff, 0x20, 0x0, 0x0,
    0x0, 0x9f, 0xfb, 0x1, 0xff, 0xf2, 0x0, 0x0,
    0x0, 0x8, 0xff, 0xc0, 0x1f, 0xff, 0x20, 0x0,
    0x0, 0x0, 0x9f, 0xfb, 0x1, 0xff, 0xf2, 0x0,
    0x0, 0x0, 0xc, 0xff, 0x90, 0x1f, 0xff, 0x20,
    0x0, 0x0, 0x3, 0xff, 0xf4, 0x1, 0xff, 0xf2,
    0x0, 0x0, 0x5, 0xef, 0xfe, 0x0, 0x1f, 0xff,
    0xff, 0xff, 0xff, 0xff, 0xff, 0x50, 0x1, 0xff,
    0xff, 0xff, 0xff, 0xff, 0xff, 0x60, 0x0, 0x1f,
    0xff, 0xdd, 0xdd, 0xde, 0xff, 0xd2, 0x0, 0x1,
    0xff, 0xf2, 0x0, 0x0, 0x4, 0xff, 0xe1, 0x0,
    0x1f, 0xff, 0x20, 0x0, 0x0, 0x6, 0xff, 0xb0,
    0x1, 0xff, 0xf2, 0x0, 0x0, 0x0, 0x1f, 0xff,
    0x10, 0x1f, 0xff, 0x20, 0x0, 0x0, 0x0, 0xdf,
    0xf6, 0x1, 0xff, 0xf2, 0x0, 0x0, 0x0, 0xc,
    0xff, 0x70, 0x1f, 0xff, 0x20, 0x0, 0x0, 0x0,
    0xcf, 0xf8, 0x1, 0xff, 0xf2, 0x0, 0x0, 0x0,
    0xb, 0xff, 0x80, 0x1f, 0xff, 0x20, 0x0, 0x0,
    0x0, 0xbf, 0xf9, 0x1, 0xff, 0xf2, 0x0, 0x0,
    0x0, 0x6, 0xff, 0xd0,

    /* U+0053 "S" */
    0x0, 0x0, 0x4a, 0xdf, 0xfe, 0xc7, 0x10, 0x0,
    0x0, 0x1b, 0xff, 0xff, 0xff, 0xff, 0xe5, 0x0,
    0x0, 0xcf, 0xff, 0xff, 0xef, 0xff, 0xff, 0x40,
    0x7, 0xff, 0xf9, 0x10, 0x0, 0x5e, 0xff, 0xd0,
    0xd, 0xff, 0xa0, 0x0, 0x0, 0x3, 0xff, 0xf4,
    0xf, 0xff, 0x30, 0x0, 0x0, 0x0, 0xdf, 0xf8,
    0x1f, 0xff, 0x20, 0x0, 0x0, 0x0, 0x58, 0x84,
    0xe, 0xff, 0x70, 0x0, 0x0, 0x0, 0x0, 0x0,
    0x8, 0xff, 0xf3, 0x0, 0x0, 0x0, 0x0, 0x0,
    0x1, 0xef, 0xff, 0x70, 0x0, 0x0, 0x0, 0x0,
    0x0, 0x3f, 0xff, 0xfe, 0x82, 0x0, 0x0, 0x0,
    0x0, 0x2, 0xdf, 0xff, 0xff, 0xb3, 0x0, 0x0,
    0x0, 0x0, 0x6, 0xdf, 0xff, 0xff, 0x90, 0x0,
    0x0, 0x0, 0x0, 0x4, 0xaf, 0xff, 0xfc, 0x0,
    0x0, 0x0, 0x0, 0x0, 0x2, 0xaf, 0xff, 0xa0,
    0x0, 0x0, 0x0, 0x0, 0x0, 0x7, 0xff, 0xf3,
    0x0, 0x0, 0x0, 0x0, 0x0, 0x0, 0xcf, 0xf9,
    0x38, 0x86, 0x0, 0x0, 0x0, 0x0, 0x8f, 0xfc,
    0x6f, 0xfe, 0x0, 0x0, 0x0, 0x0, 0x9f, 0xfb,
    0x3f, 0xff, 0x60, 0x0, 0x0, 0x2, 0xef, 0xf8,
    0xc, 0xff, 0xf7, 0x10, 0x0, 0x4d, 0xff, 0xf2,
    0x3, 0xff, 0xff, 0xfe, 0xef, 0xff, 0xff, 0x70,
    0x0, 0x3d, 0xff, 0xff, 0xff, 0xff, 0xf7, 0x0,
    0x0, 0x0, 0x6b, 0xef, 0xfe, 0xc8, 0x10, 0x0,

    /* U+0054 "T" */
    0x5f, 0xff, 0xff, 0xff, 0xff, 0xff, 0xff, 0xfb,
    0x5f, 0xff, 0xff, 0xff, 0xff, 0xff, 0xff, 0xfb,
    0x4d, 0xdd, 0xdd, 0xef, 0xff, 0xdd, 0xdd, 0xd9,
    0x0, 0x0, 0x0, 0x7f, 0xfd, 0x0, 0x0, 0x0,
    0x0, 0x0, 0x0, 0x7f, 0xfd, 0x0, 0x0, 0x0,
    0x0, 0x0, 0x0, 0x7f, 0xfd, 0x0, 0x0, 0x0,
    0x0, 0x0, 0x0, 0x7f, 0xfd, 0x0, 0x0, 0x0,
    0x0, 0x0, 0x0, 0x7f, 0xfd, 0x0, 0x0, 0x0,
    0x0, 0x0, 0x0, 0x7f, 0xfd, 0x0, 0x0, 0x0,
    0x0, 0x0, 0x0, 0x7f, 0xfd, 0x0, 0x0, 0x0,
    0x0, 0x0, 0x0, 0x7f, 0xfd, 0x0, 0x0, 0x0,
    0x0, 0x0, 0x0, 0x7f, 0xfd, 0x0, 0x0, 0x0,
    0x0, 0x0, 0x0, 0x7f, 0xfd, 0x0, 0x0, 0x0,
    0x0, 0x0, 0x0, 0x7f, 0xfd, 0x0, 0x0, 0x0,
    0x0, 0x0, 0x0, 0x7f, 0xfd, 0x0, 0x0, 0x0,
    0x0, 0x0, 0x0, 0x7f, 0xfd, 0x0, 0x0, 0x0,
    0x0, 0x0, 0x0, 0x7f, 0xfd, 0x0, 0x0, 0x0,
    0x0, 0x0, 0x0, 0x7f, 0xfd, 0x0, 0x0, 0x0,
    0x0, 0x0, 0x0, 0x7f, 0xfd, 0x0, 0x0, 0x0,
    0x0, 0x0, 0x0, 0x7f, 0xfd, 0x0, 0x0, 0x0,
    0x0, 0x0, 0x0, 0x7f, 0xfd, 0x0, 0x0, 0x0,
    0x0, 0x0, 0x0, 0x7f, 0xfd, 0x0, 0x0, 0x0,
    0x0, 0x0, 0x0, 0x7f, 0xfd, 0x0, 0x0, 0x0,
    0x0, 0x0, 0x0, 0x7f, 0xfd, 0x0, 0x0, 0x0,

    /* U+0055 "U" */
    0x1f, 0xff, 0x20, 0x0, 0x0, 0x0, 0xcf, 0xf8,
    0x1f, 0xff, 0x20, 0x0, 0x0, 0x0, 0xcf, 0xf8,
    0x1f, 0xff, 0x20, 0x0, 0x0, 0x0, 0xcf, 0xf8,
    0x1f, 0xff, 0x20, 0x0, 0x0, 0x0, 0xcf, 0xf8,
    0x1f, 0xff, 0x20, 0x0, 0x0, 0x0, 0xcf, 0xf8,
    0x1f, 0xff, 0x20, 0x0, 0x0, 0x0, 0xcf, 0xf8,
    0x1f, 0xff, 0x20, 0x0, 0x0, 0x0, 0xcf, 0xf8,
    0x1f, 0xff, 0x20, 0x0, 0x0, 0x0, 0xcf, 0xf8,
    0x1f, 0xff, 0x20, 0x0, 0x0, 0x0, 0xcf, 0xf8,
    0x1f, 0xff, 0x20, 0x0, 0x0, 0x0, 0xcf, 0xf8,
    0x1f, 0xff, 0x20, 0x0, 0x0, 0x0, 0xcf, 0xf8,
    0x1f, 0xff, 0x20, 0x0, 0x0, 0x0, 0xcf, 0xf8,
    0x1f, 0xff, 0x20, 0x0, 0x0, 0x0, 0xcf, 0xf8,
    0x1f, 0xff, 0x20, 0x0, 0x0, 0x0, 0xcf, 0xf8,
    0x1f, 0xff, 0x20, 0x0, 0x0, 0x0, 0xcf, 0xf8,
    0x1f, 0xff, 0x20, 0x0, 0x0, 0x0, 0xcf, 0xf8,
    0x1f, 0xff, 0x20, 0x0, 0x0, 0x0, 0xcf, 0xf8,
    0x1f, 0xff, 0x20, 0x0, 0x0, 0x0, 0xcf, 0xf8,
    0x1f, 0xff, 0x20, 0x0, 0x0, 0x0, 0xcf, 0xf8,
    0xf, 0xff, 0x60, 0x0, 0x0, 0x1, 0xff, 0xf6,
    0xb, 0xff, 0xf6, 0x0, 0x0, 0x3c, 0xff, 0xf2,
    0x3, 0xff, 0xff, 0xfe, 0xdf, 0xff, 0xff, 0x90,
    0x0, 0x3e, 0xff, 0xff, 0xff, 0xff, 0xf8, 0x0,
    0x0, 0x0, 0x7b, 0xef, 0xff, 0xc9, 0x20, 0x0,

    /* U+0056 "V" */
    0xf, 0xff, 0x60, 0x0, 0x0, 0x0, 0x0, 0xff,
    0xf5, 0xb, 0xff, 0xa0, 0x0, 0x0, 0x0, 0x4,
    0xff, 0xf1, 0x6, 0xff, 0xe0, 0x0, 0x0, 0x0,
    0x8, 0xff, 0xd0, 0x2, 0xff, 0xf2, 0x0, 0x0,
    0x0, 0xc, 0xff, 0x80, 0x0, 0xef, 0xf6, 0x0,
    0x0, 0x0, 0xf, 0xff, 0x40, 0x0, 0xaf, 0xfa,
    0x0, 0x0, 0x0, 0x4f, 0xff, 0x0, 0x0, 0x5f,
    0xfe, 0x0, 0x0, 0x0, 0x8f, 0xfc, 0x0, 0x0,
    0x1f, 0xff, 0x20, 0x0, 0x0, 0xcf, 0xf7, 0x0,
    0x0, 0xd, 0xff, 0x60, 0x0, 0x0, 0xff, 0xf3,
    0x0, 0x0, 0x8, 0xff, 0xa0, 0x0, 0x4, 0xff,
    0xf0, 0x0, 0x0, 0x4, 0xff, 0xe0, 0x0, 0x8,
    0xff, 0xa0, 0x0, 0x0, 0x0, 0xff, 0xf2, 0x0,
    0xc, 0xff, 0x60, 0x0, 0x0, 0x0, 0xcf, 0xf6,
    0x0, 0xf, 0xff, 0x20, 0x0, 0x0, 0x0, 0x7f,
    0xfa, 0x0, 0x4f, 0xfe, 0x0, 0x0, 0x0, 0x0,
    0x3f, 0xfe, 0x0, 0x8f, 0xf9, 0x0, 0x0, 0x0,
    0x0, 0xe, 0xff, 0x20, 0xcf, 0xf5, 0x0, 0x0,
    0x0, 0x0, 0xa, 0xff, 0x60, 0xff, 0xf1, 0x0,
    0x0, 0x0, 0x0, 0x6, 0xff, 0xa3, 0xff, 0xc0,
    0x0, 0x0, 0x0, 0x0, 0x2, 0xff, 0xe7, 0xff,
    0x80, 0x0, 0x0, 0x0, 0x0, 0x0, 0xef, 0xfd,
    0xff, 0x40, 0x0, 0x0, 0x0, 0x0, 0x0, 0x9f,
    0xff, 0xff, 0x0, 0x0, 0x0, 0x0, 0x0, 0x0,
    0x5f, 0xff, 0xfb, 0x0, 0x0, 0x0, 0x0, 0x0,
    0x0, 0x1f, 0xff, 0xf7, 0x0, 0x0, 0x0, 0x0,
    0x0, 0x0, 0xc, 0xff, 0xf3, 0x0, 0x0, 0x0,

    /* U+0057 "W" */
    0x6f, 0xf9, 0x0, 0x4, 0xff, 0xb0, 0x0, 0x3f,
    0xfc, 0x4f, 0xfb, 0x0, 0x6, 0xff, 0xd0, 0x0,
    0x5f, 0xfa, 0x1f, 0xfd, 0x0, 0x8, 0xff, 0xf0,
    0x0, 0x6f, 0xf8, 0xf, 0xfe, 0x0, 0xb, 0xff,
    0xf1, 0x0, 0x8f, 0xf5, 0xd, 0xff, 0x0, 0xd,
    0xff, 0xf3, 0x0, 0xaf, 0xf3, 0xa, 0xff, 0x20,
    0xf, 0xff, 0xf5, 0x0, 0xbf, 0xf1, 0x8, 0xff,
    0x30, 0x1f, 0xfc, 0xf7, 0x0, 0xdf, 0xf0, 0x6,
    0xff, 0x50, 0x3f, 0xf8, 0xf9, 0x0, 0xff, 0xc0,
    0x4, 0xff, 0x70, 0x5f, 0xd6, 0xfb, 0x1, 0xff,
    0xa0, 0x1, 0xff, 0x90, 0x7f, 0xb4, 0xfd, 0x2,
    0xff, 0x80, 0x0, 0xff, 0xa0, 0x9f, 0x82, 0xff,
    0x4, 0xff, 0x50, 0x0, 0xdf, 0xc0, 0xbf, 0x60,
    0xff, 0x16, 0xff, 0x30, 0x0, 0xaf, 0xe0, 0xdf,
    0x40, 0xef, 0x37, 0xff, 0x10, 0x0, 0x8f, 0xf0,
    0xff, 0x20, 0xcf, 0x59, 0xff, 0x0, 0x0, 0x6f,
    0xf3, 0xff, 0x0, 0xaf, 0x7b, 0xfc, 0x0, 0x0,
    0x4f, 0xf6, 0xfe, 0x0, 0x8f, 0x9c, 0xfa, 0x0,
    0x0, 0x1f, 0xfa, 0xfc, 0x0, 0x6f, 0xce, 0xf8,
    0x0, 0x0, 0xf, 0xfe, 0xfa, 0x0, 0x4f, 0xef,
    0xf5, 0x0, 0x0, 0xd, 0xff, 0xf8, 0x0, 0x2f,
    0xff, 0xf3, 0x0, 0x0, 0xa, 0xff, 0xf6, 0x0,
    0xf, 0xff, 0xf1, 0x0, 0x0, 0x8, 0xff, 0xf4,
    0x0, 0xd, 0xff, 0xe0, 0x0, 0x0, 0x6, 0xff,
    0xf2, 0x0, 0xb, 0xff, 0xc0, 0x0, 0x0, 0x3,
    0xff, 0xf0, 0x0, 0x9, 0xff, 0xa0, 0x0, 0x0,
    0x1, 0xff, 0xe0, 0x0, 0x7, 0xff, 0x80, 0x0,

    /* U+0058 "X" */
    0x7f, 0xff, 0x30, 0x0, 0x0, 0x0, 0xcf, 0xfd,
    0x0, 0xef, 0xfb, 0x0, 0x0, 0x0, 0x4f, 0xff,
    0x50, 0x7, 0xff, 0xf2, 0x0, 0x0, 0xc, 0xff,
    0xd0, 0x0, 0xe, 0xff, 0xa0, 0x0, 0x4, 0xff,
    0xf5, 0x0, 0x0, 0x6f, 0xff, 0x20, 0x0, 0xcf,
    0xfc, 0x0, 0x0, 0x0, 0xdf, 0xfa, 0x0, 0x4f,
    0xff, 0x40, 0x0, 0x0, 0x5, 0xff, 0xf2, 0xb,
    0xff, 0xb0, 0x0, 0x0, 0x0, 0xd, 0xff, 0xa3,
    0xff, 0xf3, 0x0, 0x0, 0x0, 0x0, 0x4f, 0xff,
    0xcf, 0xfb, 0x0, 0x0, 0x0, 0x0, 0x0, 0xcf,
    0xff, 0xff, 0x20, 0x0, 0x0, 0x0, 0x0, 0x4,
    0xff, 0xff, 0xa0, 0x0, 0x0, 0x0, 0x0, 0x0,
    0xb, 0xff, 0xf2, 0x0, 0x0, 0x0, 0x0, 0x0,
    0x0, 0xbf, 0xff, 0x20, 0x0, 0x0, 0x0, 0x0,
    0x0, 0x4f, 0xff, 0xfa, 0x0, 0x0, 0x0, 0x0,
    0x0, 0xc, 0xff, 0xff, 0xf2, 0x0, 0x0, 0x0,
    0x0, 0x4, 0xff, 0xfc, 0xff, 0xb0, 0x0, 0x0,
    0x0, 0x0, 0xdf, 0xfa, 0x3f, 0xff, 0x30, 0x0,
    0x0, 0x0, 0x5f, 0xff, 0x20, 0xbf, 0xfb, 0x0,
    0x0, 0x0, 0xd, 0xff, 0xa0, 0x4, 0xff, 0xf4,
    0x0, 0x0, 0x6, 0xff, 0xf2, 0x0, 0xc, 0xff,
    0xc0, 0x0, 0x0, 0xef, 0xfa, 0x0, 0x0, 0x4f,
    0xff, 0x50, 0x0, 0x7f, 0xff, 0x20, 0x0, 0x0,
    0xcf, 0xfd, 0x0, 0xe, 0xff, 0xb0, 0x0, 0x0,
    0x4, 0xff, 0xf5, 0x7, 0xff, 0xf3, 0x0, 0x0,
    0x0, 0xc, 0xff, 0xd0,

    /* U+0059 "Y" */
    0xaf, 0xfe, 0x0, 0x0, 0x0, 0x0, 0x8f, 0xff,
    0x13, 0xff, 0xf5, 0x0, 0x0, 0x0, 0xe, 0xff,
    0x90, 0xb, 0xff, 0xc0, 0x0, 0x0, 0x5, 0xff,
    0xf2, 0x0, 0x4f, 0xff, 0x30, 0x0, 0x0, 0xcf,
    0xfb, 0x0, 0x0, 0xdf, 0xf9, 0x0, 0x0, 0x3f,
    0xff, 0x30, 0x0, 0x6, 0xff, 0xf1, 0x0, 0xa,
    0xff, 0xc0, 0x0, 0x0, 0xe, 0xff, 0x70, 0x1,
    0xff, 0xf5, 0x0, 0x0, 0x0, 0x8f, 0xfe, 0x0,
    0x7f, 0xfe, 0x0, 0x0, 0x0, 0x1, 0xff, 0xf4,
    0xe, 0xff, 0x70, 0x0, 0x0, 0x0, 0x9, 0xff,
    0xb5, 0xff, 0xf0, 0x0, 0x0, 0x0, 0x0, 0x2f,
    0xff, 0xdf, 0xf8, 0x0, 0x0, 0x0, 0x0, 0x0,
    0xbf, 0xff, 0xff, 0x10, 0x0, 0x0, 0x0, 0x0,
    0x4, 0xff, 0xff, 0xa0, 0x0, 0x0, 0x0, 0x0,
    0x0, 0xd, 0xff, 0xf3, 0x0, 0x0, 0x0, 0x0,
    0x0, 0x0, 0x7f, 0xfd, 0x0, 0x0, 0x0, 0x0,
    0x0, 0x0, 0x7, 0xff, 0xd0, 0x0, 0x0, 0x0,
    0x0, 0x0, 0x0, 0x7f, 0xfd, 0x0, 0x0, 0x0,
    0x0, 0x0, 0x0, 0x7, 0xff, 0xd0, 0x0, 0x0,
    0x0, 0x0, 0x0, 0x0, 0x7f, 0xfd, 0x0, 0x0,
    0x0, 0x0, 0x0, 0x0, 0x7, 0xff, 0xd0, 0x0,
    0x0, 0x0, 0x0, 0x0, 0x0, 0x7f, 0xfd, 0x0,
    0x0, 0x0, 0x0, 0x0, 0x0, 0x7, 0xff, 0xd0,
    0x0, 0x0, 0x0, 0x0, 0x0, 0x0, 0x7f, 0xfd,
    0x0, 0x0, 0x0, 0x0, 0x0, 0x0, 0x7, 0xff,
    0xd0, 0x0, 0x0, 0x0,

    /* U+005A "Z" */
    0x1f, 0xff, 0xff, 0xff, 0xff, 0xff, 0xff, 0xf8,
    0x1f, 0xff, 0xff, 0xff, 0xff, 0xff, 0xff, 0xf8,
    0x1d, 0xdd, 0xdd, 0xdd, 0xdd, 0xde, 0xff, 0xf8,
    0x0, 0x0, 0x0, 0x0, 0x0, 0x9, 0xff, 0xf2,
    0x0, 0x0, 0x0, 0x0, 0x0, 0x3f, 0xff, 0x80,
    0x0, 0x0, 0x0, 0x0, 0x0, 0xcf, 0xfe, 0x0,
    0x0, 0x0, 0x0, 0x0, 0x6, 0xff, 0xf5, 0x0,
    0x0, 0x0, 0x0, 0x0, 0x1e, 0xff, 0xc0, 0x0,
    0x0, 0x0, 0x0, 0x0, 0x9f, 0xff, 0x20, 0x0,
    0x0, 0x0, 0x0, 0x3, 0xff, 0xf8, 0x0, 0x0,
    0x0, 0x0, 0x0, 0xc, 0xff, 0xe0, 0x0, 0x0,
    0x0, 0x0, 0x0, 0x6f, 0xff, 0x50, 0x0, 0x0,
    0x0, 0x0, 0x0, 0xef, 0xfc, 0x0, 0x0, 0x0,
    0x0, 0x0, 0x9, 0xff, 0xf3, 0x0, 0x0, 0x0,
    0x0, 0x0, 0x2f, 0xff, 0x90, 0x0, 0x0, 0x0,
    0x0, 0x0, 0xcf, 0xfe, 0x10, 0x0, 0x0, 0x0,
    0x0, 0x5, 0xff, 0xf6, 0x0, 0x0, 0x0, 0x0,
    0x0, 0xe, 0xff, 0xc0, 0x0, 0x0, 0x0, 0x0,
    0x0, 0x8f, 0xff, 0x30, 0x0, 0x0, 0x0, 0x0,
    0x2, 0xff, 0xf9, 0x0, 0x0, 0x0, 0x0, 0x0,
    0xb, 0xff, 0xe1, 0x0, 0x0, 0x0, 0x0, 0x0,
    0x1f, 0xff, 0xfd, 0xdd, 0xdd, 0xdd, 0xdd, 0xd7,
    0x1f, 0xff, 0xff, 0xff, 0xff, 0xff, 0xff, 0xf8,
    0x1f, 0xff, 0xff, 0xff, 0xff, 0xff, 0xff, 0xf8,

    /* U+005B "[" */
    0xdf, 0xff, 0xff, 0xff, 0xff, 0xf0, 0xdf, 0xff,
    0xff, 0xff, 0xff, 0xf0, 0xdf, 0xfe, 0xdd, 0xdd,
    0xdd, 0xd0, 0xdf, 0xf7, 0x0, 0x0, 0x0, 0x0,
    0xdf, 0xf7, 0x0, 0x0, 0x0, 0x0, 0xdf, 0xf7,
    0x0, 0x0, 0x0, 0x0, 0xdf, 0xf7, 0x0, 0x0,
    0x0, 0x0, 0xdf, 0xf7, 0x0, 0x0, 0x0, 0x0,
    0xdf, 0xf7, 0x0, 0x0, 0x0, 0x0, 0xdf, 0xf7,
    0x0, 0x0, 0x0, 0x0, 0xdf, 0xf7, 0x0, 0x0,
    0x0, 0x0, 0xdf, 0xf7, 0x0, 0x0, 0x0, 0x0,
    0xdf, 0xf7, 0x0, 0x0, 0x0, 0x0, 0xdf, 0xf7,
    0x0, 0x0, 0x0, 0x0, 0xdf, 0xf7, 0x0, 0x0,
    0x0, 0x0, 0xdf, 0xf7, 0x0, 0x0, 0x0, 0x0,
    0xdf, 0xf7, 0x0, 0x0, 0x0, 0x0, 0xdf, 0xf7,
    0x0, 0x0, 0x0, 0x0, 0xdf, 0xf7, 0x0, 0x0,
    0x0, 0x0, 0xdf, 0xf7, 0x0, 0x0, 0x0, 0x0,
    0xdf, 0xf7, 0x0, 0x0, 0x0, 0x0, 0xdf, 0xf7,
    0x0, 0x0, 0x0, 0x0, 0xdf, 0xf7, 0x0, 0x0,
    0x0, 0x0, 0xdf, 0xf7, 0x0, 0x0, 0x0, 0x0,
    0xdf, 0xf7, 0x0, 0x0, 0x0, 0x0, 0xdf, 0xf7,
    0x0, 0x0, 0x0, 0x0, 0xdf, 0xfe, 0xdd, 0xdd,
    0xdd, 0xd0, 0xdf, 0xff, 0xff, 0xff, 0xff, 0xf0,
    0xdf, 0xff, 0xff, 0xff, 0xff, 0xf0,

    /* U+005C "\\" */
    0x28, 0x88, 0x0, 0x0, 0x0, 0x0, 0x0, 0x0,
    0xf, 0xff, 0x60, 0x0, 0x0, 0x0, 0x0, 0x0,
    0x9, 0xff, 0xd0, 0x0, 0x0, 0x0, 0x0, 0x0,
    0x2, 0xff, 0xf3, 0x0, 0x0, 0x0, 0x0, 0x0,
    0x0, 0xcf, 0xf9, 0x0, 0x0, 0x0, 0x0, 0x0,
    0x0, 0x6f, 0xff, 0x0, 0x0, 0x0, 0x0, 0x0,
    0x0, 0xf, 0xff, 0x60, 0x0, 0x0, 0x0, 0x0,
    0x0, 0x9, 0xff, 0xc0, 0x0, 0x0, 0x0, 0x0,
    0x0, 0x3, 0xff, 0xf3, 0x0, 0x0, 0x0, 0x0,
    0x0, 0x0, 0xcf, 0xf9, 0x0, 0x0, 0x0, 0x0,
    0x0, 0x0, 0x6f, 0xff, 0x0, 0x0, 0x0, 0x0,
    0x0, 0x0, 0xf, 0xff, 0x60, 0x0, 0x0, 0x0,
    0x0, 0x0, 0x9, 0xff, 0xc0, 0x0, 0x0, 0x0,
    0x0, 0x0, 0x3, 0xff, 0xf3, 0x0, 0x0, 0x0,
    0x0, 0x0, 0x0, 0xcf, 0xf9, 0x0, 0x0, 0x0,
    0x0, 0x0, 0x0, 0x6f, 0xff, 0x0, 0x0, 0x0,
    0x0, 0x0, 0x0, 0xf, 0xff, 0x60, 0x0, 0x0,
    0x0, 0x0, 0x0, 0x9, 0xff, 0xc0, 0x0, 0x0,
    0x0, 0x0, 0x0, 0x3, 0xff, 0xf3, 0x0, 0x0,
    0x0, 0x0, 0x0, 0x0, 0xcf, 0xf9, 0x0, 0x0,
    0x0, 0x0, 0x0, 0x0, 0x6f, 0xff, 0x0, 0x0,
    0x0, 0x0, 0x0, 0x0, 0xf, 0xff, 0x60, 0x0,
    0x0, 0x0, 0x0, 0x0, 0x9, 0xff, 0xc0, 0x0,
    0x0, 0x0, 0x0, 0x0, 0x3, 0xff, 0xf3, 0x0,
    0x0, 0x0, 0x0, 0x0, 0x0, 0xdf, 0xf9, 0x0,
    0x0, 0x0, 0x0, 0x0, 0x0, 0x6f, 0xff, 0x0,
    0x0, 0x0, 0x0, 0x0, 0x0, 0xf, 0xff, 0x60,
    0x0, 0x0, 0x0, 0x0, 0x0, 0x9, 0xff, 0xc0,
    0x0, 0x0, 0x0, 0x0, 0x0, 0x3, 0xff, 0xf2,
    0x0, 0x0, 0x0, 0x0, 0x0, 0x0, 0xdf, 0xf9,

    /* U+005D "]" */
    0xaf, 0xff, 0xff, 0xff, 0xff, 0xf3, 0xaf, 0xff,
    0xff, 0xff, 0xff, 0xf3, 0x8d, 0xdd, 0xdd, 0xdd,
    0xff, 0xf3, 0x0, 0x0, 0x0, 0x0, 0xff, 0xf3,
    0x0, 0x0, 0x0, 0x0, 0xff, 0xf3, 0x0, 0x0,
    0x0, 0x0, 0xff, 0xf3, 0x0, 0x0, 0x0, 0x0,
    0xff, 0xf3, 0x0, 0x0, 0x0, 0x0, 0xff, 0xf3,
    0x0, 0x0, 0x0, 0x0, 0xff, 0xf3, 0x0, 0x0,
    0x0, 0x0, 0xff, 0xf3, 0x0, 0x0, 0x0, 0x0,
    0xff, 0xf3, 0x0, 0x0, 0x0, 0x0, 0xff, 0xf3,
    0x0, 0x0, 0x0, 0x0, 0xff, 0xf3, 0x0, 0x0,
    0x0, 0x0, 0xff, 0xf3, 0x0, 0x0, 0x0, 0x0,
    0xff, 0xf3, 0x0, 0x0, 0x0, 0x0, 0xff, 0xf3,
    0x0, 0x0, 0x0, 0x0, 0xff, 0xf3, 0x0, 0x0,
    0x0, 0x0, 0xff, 0xf3, 0x0, 0x0, 0x0, 0x0,
    0xff, 0xf3, 0x0, 0x0, 0x0, 0x0, 0xff, 0xf3,
    0x0, 0x0, 0x0, 0x0, 0xff, 0xf3, 0x0, 0x0,
    0x0, 0x0, 0xff, 0xf3, 0x0, 0x0, 0x0, 0x0,
    0xff, 0xf3, 0x0, 0x0, 0x0, 0x0, 0xff, 0xf3,
    0x0, 0x0, 0x0, 0x0, 0xff, 0xf3, 0x0, 0x0,
    0x0, 0x0, 0xff, 0xf3, 0x8d, 0xdd, 0xdd, 0xdd,
    0xff, 0xf3, 0xaf, 0xff, 0xff, 0xff, 0xff, 0xf3,
    0xaf, 0xff, 0xff, 0xff, 0xff, 0xf3,

    /* U+005E "^" */
    0x0, 0x0, 0x0, 0xc, 0xff, 0xf3, 0x0, 0x0,
    0x0, 0x0, 0x0, 0x0, 0x6f, 0xff, 0xfc, 0x0,
    0x0, 0x0, 0x0, 0x0, 0x1, 0xef, 0xff, 0xff,
    0x60, 0x0, 0x0, 0x0, 0x0, 0x9, 0xff, 0xea,
    0xff, 0xe0, 0x0, 0x0, 0x0, 0x0, 0x2f, 0xff,
    0x71, 0xff, 0xf8, 0x0, 0x0, 0x0, 0x0, 0xbf,
    0xfd, 0x0, 0x7f, 0xff, 0x20, 0x0, 0x0, 0x4,
    0xff, 0xf5, 0x0, 0xe, 0xff, 0xb0, 0x0, 0x0,
    0xd, 0xff, 0xc0, 0x0, 0x6, 0xff, 0xf4, 0x0,
    0x0, 0x7f, 0xff, 0x30, 0x0, 0x0, 0xdf, 0xfd,
    0x0, 0x1, 0xff, 0xfa, 0x0, 0x0, 0x0, 0x4f,
    0xff, 0x70, 0xa, 0xff, 0xf2, 0x0, 0x0, 0x0,
    0xb, 0xff, 0xe1, 0xe, 0xff, 0x80, 0x0, 0x0,
    0x0, 0x2, 0xff, 0xf5, 0x0, 0x6d, 0x10, 0x0,
    0x0, 0x0, 0x0, 0x99, 0x20, 0x0, 0x0, 0x0,
    0x0, 0x0, 0x0, 0x0, 0x0, 0x0,

    /* U+005F "_" */
    0x1d, 0xdd, 0xdd, 0xdd, 0xdd, 0xdd, 0xdd, 0xd7,
    0x1f, 0xff, 0xff, 0xff, 0xff, 0xff, 0xff, 0xf8,
    0x1f, 0xff, 0xff, 0xff, 0xff, 0xff, 0xff, 0xf8,

    /* U+0060 "`" */
    0x0, 0x2, 0x0, 0x0, 0x0, 0x0, 0x19, 0xf5,
    0x0, 0x0, 0x0, 0xe, 0xff, 0xe1, 0x0, 0x0,
    0x0, 0x5f, 0xff, 0xa0, 0x0, 0x0, 0x0, 0xaf,
    0xff, 0x40, 0x0, 0x0, 0x0, 0xdf, 0xfe, 0x0,
    0x0, 0x0, 0x3, 0xff, 0xf9, 0x0, 0x0, 0x0,
    0x8, 0xff, 0xf3, 0x0, 0x0, 0x0, 0xc, 0xff,
    0xd0, 0x0, 0x0, 0x0, 0x2f, 0xff, 0x80, 0x0,
    0x0, 0x0, 0x6f, 0xff, 0x20, 0x0, 0x0, 0x0,
    0xaf, 0xfa, 0x0, 0x0, 0x0, 0x1, 0xd7, 0x0,
    0x0, 0x0, 0x0, 0x0, 0x0,

    /* U+0061 "a" */
    0x0, 0x1, 0x7b, 0xef, 0xff, 0xea, 0x50, 0x0,
    0x0, 0x6f, 0xff, 0xff, 0xff, 0xff, 0xfd, 0x20,
    0x6, 0xff, 0xff, 0xfd, 0xdd, 0xff, 0xff, 0xe0,
    0xe, 0xff, 0xe4, 0x0, 0x0, 0x6, 0xff, 0xf5,
    0x2f, 0xff, 0x30, 0x0, 0x0, 0x0, 0xbf, 0xf7,
    0x2, 0x22, 0x0, 0x0, 0x0, 0x0, 0xbf, 0xf8,
    0x0, 0x0, 0x0, 0x0, 0x0, 0x0, 0xbf, 0xf8,
    0x0, 0x0, 0x27, 0xac, 0xdd, 0xdd, 0xff, 0xf8,
    0x0, 0x2b, 0xff, 0xff, 0xff, 0xff, 0xff, 0xf8,
    0x2, 0xef, 0xff, 0xff, 0xff, 0xff, 0xff, 0xf8,
    0xc, 0xff, 0xf8, 0x30, 0x0, 0x0, 0xbf, 0xf8,
    0x2f, 0xff, 0x40, 0x0, 0x0, 0x0, 0xbf, 0xf8,
    0x5f, 0xfd, 0x0, 0x0, 0x0, 0x0, 0xbf, 0xf8,
    0x5f, 0xff, 0x0, 0x0, 0x0, 0x0, 0xdf, 0xf8,
    0x2f, 0xff, 0xb1, 0x0, 0x0, 0x8, 0xff, 0xf8,
    0xb, 0xff, 0xff, 0xca, 0xab, 0xff, 0xff, 0xf8,
    0x1, 0xdf, 0xff, 0xff, 0xff, 0xf8, 0xbf, 0xf8,
    0x0, 0x6, 0xbe, 0xff, 0xda, 0x30, 0xbf, 0xf8,

    /* U+0062 "b" */
    0x1f, 0xff, 0x20, 0x0, 0x0, 0x0, 0x0, 0x0,
    0x1f, 0xff, 0x20, 0x0, 0x0, 0x0, 0x0, 0x0,
    0x1f, 0xff, 0x20, 0x0, 0x0, 0x0, 0x0, 0x0,
    0x1f, 0xff, 0x20, 0x0, 0x0, 0x0, 0x0, 0x0,
    0x1f, 0xff, 0x20, 0x0, 0x0, 0x0, 0x0, 0x0,
    0x1f, 0xff, 0x20, 0x0, 0x0, 0x0, 0x0, 0x0,
    0x1f, 0xff, 0x20, 0x0, 0x0, 0x0, 0x0, 0x0,
    0x1f, 0xff, 0x20, 0x6b, 0xef, 0xec, 0x81, 0x0,
    0x1f, 0xff, 0x3b, 0xff, 0xff, 0xff, 0xfe, 0x30,
    0x1f, 0xff, 0xcf, 0xfe, 0xdf, 0xff, 0xff, 0xe1,
    0x1f, 0xff, 0xf7, 0x10, 0x0, 0x2a, 0xff, 0xf6,
    0x1f, 0xff, 0x70, 0x0, 0x0, 0x0, 0xcf, 0xfa,
    0x1f, 0xff, 0x30, 0x0, 0x0, 0x0, 0x8f, 0xfc,
    0x1f, 0xff, 0x20, 0x0, 0x0, 0x0, 0x7f, 0xfc,
    0x1f, 0xff, 0x20, 0x0, 0x0, 0x0, 0x7f, 0xfc,
    0x1f, 0xff, 0x20, 0x0, 0x0, 0x0, 0x7f, 0xfc,
    0x1f, 0xff, 0x20, 0x0, 0x0, 0x0, 0x7f, 0xfc,
    0x1f, 0xff, 0x20, 0x0, 0x0, 0x0, 0x7f, 0xfc,
    0x1f, 0xff, 0x20, 0x0, 0x0, 0x0, 0x7f, 0xfc,
    0x1f, 0xff, 0x20, 0x0, 0x0, 0x0, 0x7f, 0xfc,
    0x1f, 0xff, 0x50, 0x0, 0x0, 0x0, 0xaf, 0xfa,
    0x1f, 0xff, 0xe2, 0x0, 0x0, 0x6, 0xff, 0xf6,
    0x1f, 0xff, 0xef, 0xca, 0x9a, 0xef, 0xff, 0xe1,
    0x1f, 0xff, 0x4d, 0xff, 0xff, 0xff, 0xfe, 0x30,
    0x1f, 0xff, 0x20, 0x7c, 0xef, 0xfc, 0x81, 0x0,

    /* U+0063 "c" */
    0x0, 0x1, 0x7b, 0xef, 0xfe, 0xc9, 0x50, 0x0,
    0x0, 0x6f, 0xff, 0xff, 0xff, 0xff, 0xfe, 0x80,
    0x6, 0xff, 0xff, 0xfe, 0xef, 0xff, 0xff, 0xf8,
    0xf, 0xff, 0xe5, 0x0, 0x0, 0x27, 0xcf, 0xf8,
    0x4f, 0xff, 0x30, 0x0, 0x0, 0x0, 0x5f, 0xf8,
    0x5f, 0xfe, 0x0, 0x0, 0x0, 0x0, 0x5f, 0xf8,
    0x6f, 0xfe, 0x0, 0x0, 0x0, 0x0, 0x27, 0x73,
    0x6f, 0xfe, 0x0, 0x0, 0x0, 0x0, 0x0, 0x0,
    0x6f, 0xfe, 0x0, 0x0, 0x0, 0x0, 0x0, 0x0,
    0x6f, 0xfe, 0x0, 0x0, 0x0, 0x0, 0x0, 0x0,
    0x6f, 0xfe, 0x0, 0x0, 0x0, 0x0, 0x0, 0x0,
    0x6f, 0xfe, 0x0, 0x0, 0x0, 0x0, 0x27, 0x73,
    0x5f, 0xfe, 0x0, 0x0, 0x0, 0x0, 0x5f, 0xf8,
    0x4f, 0xff, 0x20, 0x0, 0x0, 0x0, 0x5f, 0xf8,
    0xf, 0xff, 0xe5, 0x0, 0x0, 0x26, 0xcf, 0xf8,
    0x6, 0xff, 0xff, 0xfe, 0xef, 0xff, 0xff, 0xf8,
    0x0, 0x6f, 0xff, 0xff, 0xff, 0xff, 0xff, 0x81,
    0x0, 0x1, 0x7b, 0xef, 0xfe, 0xc9, 0x50, 0x0,

    /* U+0064 "d" */
    0x0, 0x0, 0x0, 0x0, 0x0, 0x0, 0xcf, 0xf8,
    0x0, 0x0, 0x0, 0x0, 0x0, 0x0, 0xcf, 0xf8,
    0x0, 0x0, 0x0, 0x0, 0x0, 0x0, 0xcf, 0xf8,
    0x0, 0x0, 0x0, 0x0, 0x0, 0x0, 0xcf, 0xf8,
    0x0, 0x0, 0x0, 0x0, 0x0, 0x0, 0xcf, 0xf8,
    0x0, 0x0, 0x0, 0x0, 0x0, 0x0, 0xcf, 0xf8,
    0x0, 0x0, 0x0, 0x0, 0x0, 0x0, 0xcf, 0xf8,
    0x0, 0x5, 0xae, 0xff, 0xd8, 0x10, 0xcf, 0xf8,
    0x0, 0xbf, 0xff, 0xff, 0xff, 0xe4, 0xcf, 0xf8,
    0x9, 0xff, 0xff, 0xfe, 0xef, 0xfe, 0xdf, 0xf8,
    0x1f, 0xff, 0xe5, 0x0, 0x0, 0x4d, 0xff, 0xf8,
    0x4f, 0xff, 0x30, 0x0, 0x0, 0x1, 0xff, 0xf8,
    0x5f, 0xfe, 0x0, 0x0, 0x0, 0x0, 0xcf, 0xf8,
    0x6f, 0xfe, 0x0, 0x0, 0x0, 0x0, 0xcf, 0xf8,
    0x6f, 0xfe, 0x0, 0x0, 0x0, 0x0, 0xcf, 0xf8,
    0x6f, 0xfe, 0x0, 0x0, 0x0, 0x0, 0xcf, 0xf8,
    0x6f, 0xfe, 0x0, 0x0, 0x0, 0x0, 0xcf, 0xf8,
    0x6f, 0xfe, 0x0, 0x0, 0x0, 0x0, 0xcf, 0xf8,
    0x6f, 0xfe, 0x0, 0x0, 0x0, 0x0, 0xcf, 0xf8,
    0x5f, 0xfe, 0x0, 0x0, 0x0, 0x0, 0xcf, 0xf8,
    0x4f, 0xff, 0x10, 0x0, 0x0, 0x0, 0xef, 0xf8,
    0x1f, 0xff, 0xb1, 0x0, 0x0, 0xa, 0xff, 0xf8,
    0x9, 0xff, 0xff, 0xb9, 0x9b, 0xff, 0xef, 0xf8,
    0x0, 0xbf, 0xff, 0xff, 0xff, 0xf5, 0xcf, 0xf8,
    0x0, 0x5, 0xbe, 0xff, 0xd9, 0x20, 0xcf, 0xf8,

    /* U+0065 "e" */
    0x0, 0x1, 0x7b, 0xef, 0xfe, 0xc9, 0x40, 0x0,
    0x0, 0x6f, 0xff, 0xff, 0xff, 0xff, 0xfb, 0x10,
    0x6, 0xff, 0xff, 0xfd, 0xde, 0xff, 0xff, 0xd0,
    0xf, 0xff, 0xc3, 0x0, 0x0, 0x18, 0xff, 0xf6,
    0x4f, 0xff, 0x10, 0x0, 0x0, 0x0, 0xaf, 0xfa,
    0x5f, 0xfd, 0x0, 0x0, 0x0, 0x0, 0x6f, 0xfc,
    0x6f, 0xfd, 0x0, 0x0, 0x0, 0x0, 0x6f, 0xfc,
    0x6f, 0xff, 0xcc, 0xcc, 0xcc, 0xcc, 0xef, 0xfc,
    0x6f, 0xff, 0xff, 0xff, 0xff, 0xff, 0xff, 0xfc,
    0x6f, 0xff, 0xff, 0xff, 0xff, 0xff, 0xff, 0xfc,
    0x6f, 0xfd, 0x0, 0x0, 0x0, 0x0, 0x0, 0x0,
    0x6f, 0xfd, 0x0, 0x0, 0x0, 0x0, 0x0, 0x0,
    0x5f, 0xfd, 0x0, 0x0, 0x0, 0x0, 0x37, 0x75,
    0x4f, 0xff, 0x20, 0x0, 0x0, 0x0, 0xcf, 0xfa,
    0xf, 0xff, 0xe4, 0x0, 0x0, 0x2a, 0xff, 0xf5,
    0x6, 0xff, 0xff, 0xfd, 0xdf, 0xff, 0xff, 0xc0,
    0x0, 0x6f, 0xff, 0xff, 0xff, 0xff, 0xfa, 0x0,
    0x0, 0x1, 0x7b, 0xef, 0xff, 0xc9, 0x30, 0x0,

    /* U+0066 "f" */
    0x0, 0x0, 0x0, 0x0, 0x6b, 0xef, 0xff, 0xff,
    0x30, 0x0, 0x0, 0x0, 0xbf, 0xff, 0xff, 0xff,
    0xf3, 0x0, 0x0, 0x0, 0x8f, 0xff, 0xfe, 0xdd,
    0xdd, 0x30, 0x0, 0x0, 0xf, 0xff, 0xb1, 0x0,
    0x0, 0x0, 0x0, 0x0, 0x3, 0xff, 0xf2, 0x0,
    0x0, 0x0, 0x0, 0x0, 0x0, 0x4f, 0xff, 0x0,
    0x0, 0x0, 0x0, 0x0, 0x0, 0x5, 0xff, 0xf0,
    0x0, 0x0, 0x0, 0xd, 0xff, 0xff, 0xff, 0xff,
    0xff, 0xff, 0xff, 0xf3, 0xdf, 0xff, 0xff, 0xff,
    0xff, 0xff, 0xff, 0xff, 0x3b, 0xdd, 0xdd, 0xef,
    0xff, 0xdd, 0xdd, 0xdd, 0xd3, 0x0, 0x0, 0x5,
    0xff, 0xf0, 0x0, 0x0, 0x0, 0x0, 0x0, 0x0,
    0x5f, 0xff, 0x0, 0x0, 0x0, 0x0, 0x0, 0x0,
    0x5, 0xff, 0xf0, 0x0, 0x0, 0x0, 0x0, 0x0,
    0x0, 0x5f, 0xff, 0x0, 0x0, 0x0, 0x0, 0x0,
    0x0, 0x5, 0xff, 0xf0, 0x0, 0x0, 0x0, 0x0,
    0x0, 0x0, 0x5f, 0xff, 0x0, 0x0, 0x0, 0x0,
    0x0, 0x0, 0x5, 0xff, 0xf0, 0x0, 0x0, 0x0,
    0x0, 0x0, 0x0, 0x5f, 0xff, 0x0, 0x0, 0x0,
    0x0, 0x0, 0x0, 0x5, 0xff, 0xf0, 0x0, 0x0,
    0x0, 0x0, 0x0, 0x0, 0x5f, 0xff, 0x0, 0x0,
    0x0, 0x0, 0x0, 0x0, 0x5, 0xff, 0xf0, 0x0,
    0x0, 0x0, 0x0, 0x0, 0x0, 0x5f, 0xff, 0x0,
    0x0, 0x0, 0x0, 0x0, 0x0, 0x5, 0xff, 0xf0,
    0x0, 0x0, 0x0, 0x0, 0x0, 0x0, 0x5f, 0xff,
    0x0, 0x0, 0x0, 0x0, 0x0, 0x0, 0x5, 0xff,
    0xf0, 0x0, 0x0, 0x0, 0x0,

    /* U+0067 "g" */
    0x0, 0x5, 0xae, 0xff, 0xd9, 0x20, 0xcf, 0xf8,
    0x0, 0xbf, 0xff, 0xff, 0xff, 0xf5, 0xcf, 0xf8,
    0x9, 0xff, 0xff, 0xb9, 0x9b, 0xff, 0xef, 0xf8,
    0x1f, 0xff, 0xb1, 0x0, 0x0, 0xa, 0xff, 0xf8,
    0x4f, 0xff, 0x10, 0x0, 0x0, 0x0, 0xef, 0xf8,
    0x5f, 0xfe, 0x0, 0x0, 0x0, 0x0, 0xcf, 0xf8,
    0x6f, 0xfe, 0x0, 0x0, 0x0, 0x0, 0xcf, 0xf8,
    0x6f, 0xfe, 0x0, 0x0, 0x0, 0x0, 0xcf, 0xf8,
    0x6f, 0xfe, 0x0, 0x0, 0x0, 0x0, 0xcf, 0xf8,
    0x6f, 0xfe, 0x0, 0x0, 0x0, 0x0, 0xcf, 0xf8,
    0x6f, 0xfe, 0x0, 0x0, 0x0, 0x0, 0xcf, 0xf8,
    0x6f, 0xfe, 0x0, 0x0, 0x0, 0x0, 0xcf, 0xf8,
    0x5f, 0xfe, 0x0, 0x0, 0x0, 0x0, 0xcf, 0xf8,
    0x4f, 0xff, 0x30, 0x0, 0x0, 0x1, 0xff, 0xf8,
    0x1f, 0xff, 0xe4, 0x0, 0x0, 0x4d, 0xff, 0xf8,
    0x9, 0xff, 0xff, 0xfe, 0xdf, 0xfe, 0xdf, 0xf8,
    0x0, 0xbf, 0xff, 0xff, 0xff, 0xe4, 0xcf, 0xf8,
    0x0, 0x5, 0xbe, 0xff, 0xd8, 0x10, 0xcf, 0xf8,
    0x0, 0x0, 0x0, 0x0, 0x0, 0x0, 0xcf, 0xf8,
    0x0, 0x0, 0x0, 0x0, 0x0, 0x0, 0xcf, 0xf7,
    0x1b, 0xbb, 0x20, 0x0, 0x0, 0x1, 0xef, 0xf5,
    0xe, 0xff, 0xc3, 0x0, 0x0, 0x3c, 0xff, 0xf2,
    0x6, 0xff, 0xff, 0xfe, 0xdf, 0xff, 0xff, 0x90,
    0x0, 0x7f, 0xff, 0xff, 0xff, 0xff, 0xf8, 0x0,
    0x0, 0x2, 0x7b, 0xef, 0xfe, 0xc8, 0x20, 0x0,

    /* U+0068 "h" */
    0x1f, 0xff, 0x20, 0x0, 0x0, 0x0, 0x0, 0x0,
    0x1f, 0xff, 0x20, 0x0, 0x0, 0x0, 0x0, 0x0,
    0x1f, 0xff, 0x20, 0x0, 0x0, 0x0, 0x0, 0x0,
    0x1f, 0xff, 0x20, 0x0, 0x0, 0x0, 0x0, 0x0,
    0x1f, 0xff, 0x20, 0x0, 0x0, 0x0, 0x0, 0x0,
    0x1f, 0xff, 0x20, 0x0, 0x0, 0x0, 0x0, 0x0,
    0x1f, 0xff, 0x20, 0x0, 0x0, 0x0, 0x0, 0x0,
    0x1f, 0xff, 0x20, 0x6b, 0xef, 0xeb, 0x60, 0x0,
    0x1f, 0xff, 0x3c, 0xff, 0xff, 0xff, 0xfc, 0x10,
    0x1f, 0xff, 0xcf, 0xfe, 0xef, 0xff, 0xff, 0xb0,
    0x1f, 0xff, 0xf7, 0x10, 0x0, 0x4d, 0xff, 0xf2,
    0x1f, 0xff, 0x70, 0x0, 0x0, 0x1, 0xff, 0xf6,
    0x1f, 0xff, 0x20, 0x0, 0x0, 0x0, 0xcf, 0xf7,
    0x1f, 0xff, 0x20, 0x0, 0x0, 0x0, 0xcf, 0xf8,
    0x1f, 0xff, 0x20, 0x0, 0x0, 0x0, 0xcf, 0xf8,
    0x1f, 0xff, 0x20, 0x0, 0x0, 0x0, 0xcf, 0xf8,
    0x1f, 0xff, 0x20, 0x0, 0x0, 0x0, 0xcf, 0xf8,
    0x1f, 0xff, 0x20, 0x0, 0x0, 0x0, 0xcf, 0xf8,
    0x1f, 0xff, 0x20, 0x0, 0x0, 0x0, 0xcf, 0xf8,
    0x1f, 0xff, 0x20, 0x0, 0x0, 0x0, 0xcf, 0xf8,
    0x1f, 0xff, 0x20, 0x0, 0x0, 0x0, 0xcf, 0xf8,
    0x1f, 0xff, 0x20, 0x0, 0x0, 0x0, 0xcf, 0xf8,
    0x1f, 0xff, 0x20, 0x0, 0x0, 0x0, 0xcf, 0xf8,
    0x1f, 0xff, 0x20, 0x0, 0x0, 0x0, 0xcf, 0xf8,
    0x1f, 0xff, 0x20, 0x0, 0x0, 0x0, 0xcf, 0xf8,

    /* U+0069 "i" */
    0x0, 0x0, 0xb, 0xff, 0xf8, 0x0, 0x0, 0x0,
    0x0, 0x0, 0xbf, 0xff, 0x80, 0x0, 0x0, 0x0,
    0x0, 0xb, 0xff, 0xf8, 0x0, 0x0, 0x0, 0x0,
    0x0, 0xbf, 0xff, 0x80, 0x0, 0x0, 0x0, 0x0,
    0x2, 0x33, 0x31, 0x0, 0x0, 0x0, 0x0, 0x0,
    0x0, 0x0, 0x0, 0x0, 0x0, 0x0, 0x0, 0x0,
    0x0, 0x0, 0x0, 0x0, 0x1, 0xff, 0xff, 0xff,
    0xff, 0x10, 0x0, 0x0, 0x1f, 0xff, 0xff, 0xff,
    0xf1, 0x0, 0x0, 0x1, 0xdd, 0xdd, 0xef, 0xff,
    0x10, 0x0, 0x0, 0x0, 0x0, 0x2, 0xff, 0xf1,
    0x0, 0x0, 0x0, 0x0, 0x0, 0x2f, 0xff, 0x10,
    0x0, 0x0, 0x0, 0x0, 0x2, 0xff, 0xf1, 0x0,
    0x0, 0x0, 0x0, 0x0, 0x2f, 0xff, 0x10, 0x0,
    0x0, 0x0, 0x0, 0x2, 0xff, 0xf1, 0x0, 0x0,
    0x0, 0x0, 0x0, 0x2f, 0xff, 0x10, 0x0, 0x0,
    0x0, 0x0, 0x2, 0xff, 0xf1, 0x0, 0x0, 0x0,
    0x0, 0x0, 0x2f, 0xff, 0x10, 0x0, 0x0, 0x0,
    0x0, 0x2, 0xff, 0xf1, 0x0, 0x0, 0x0, 0x0,
    0x0, 0x2f, 0xff, 0x10, 0x0, 0x0, 0x0, 0x0,
    0x2, 0xff, 0xf1, 0x0, 0x0, 0x0, 0x0, 0x0,
    0x2f, 0xff, 0x10, 0x0, 0x0, 0x8d, 0xdd, 0xde,
    0xff, 0xfd, 0xdd, 0xdd, 0xa, 0xff, 0xff, 0xff,
    0xff, 0xff, 0xff, 0xf0, 0xaf, 0xff, 0xff, 0xff,
    0xff, 0xff, 0xff, 0x0,

    /* U+006A "j" */
    0x0, 0x0, 0x0, 0xf, 0xff, 0xf2, 0x0, 0x0,
    0x0, 0xf, 0xff, 0xf2, 0x0, 0x0, 0x0, 0xf,
    0xff, 0xf2, 0x0, 0x0, 0x0, 0xf, 0xff, 0xf2,
    0x0, 0x0, 0x0, 0x3, 0x33, 0x30, 0x0, 0x0,
    0x0, 0x0, 0x0, 0x0, 0x0, 0x0, 0x0, 0x0,
    0x0, 0x0, 0x0, 0x7f, 0xff, 0xff, 0xff, 0xf0,
    0x0, 0x7f, 0xff, 0xff, 0xff, 0xf0, 0x0, 0x6d,
    0xdd, 0xde, 0xff, 0xf0, 0x0, 0x0, 0x0, 0x4,
    0xff, 0xf0, 0x0, 0x0, 0x0, 0x4, 0xff, 0xf0,
    0x0, 0x0, 0x0, 0x4, 0xff, 0xf0, 0x0, 0x0,
    0x0, 0x4, 0xff, 0xf0, 0x0, 0x0, 0x0, 0x4,
    0xff, 0xf0, 0x0, 0x0, 0x0, 0x4, 0xff, 0xf0,
    0x0, 0x0, 0x0, 0x4, 0xff, 0xf0, 0x0, 0x0,
    0x0, 0x4, 0xff, 0xf0, 0x0, 0x0, 0x0, 0x4,
    0xff, 0xf0, 0x0, 0x0, 0x0, 0x4, 0xff, 0xf0,
    0x0, 0x0, 0x0, 0x4, 0xff, 0xf0, 0x0, 0x0,
    0x0, 0x4, 0xff, 0xf0, 0x0, 0x0, 0x0, 0x4,
    0xff, 0xf0, 0x0, 0x0, 0x0, 0x4, 0xff, 0xf0,
    0x0, 0x0, 0x0, 0x4, 0xff, 0xf0, 0x0, 0x0,
    0x0, 0x4, 0xff, 0xf0, 0x0, 0x0, 0x0, 0x5,
    0xff, 0xf0, 0x0, 0x0, 0x0, 0x8, 0xff, 0xd0,
    0x0, 0x0, 0x0, 0x4f, 0xff, 0x90, 0x7d, 0xdd,
    0xde, 0xff, 0xff, 0x20, 0x9f, 0xff, 0xff, 0xff,
    0xf5, 0x0, 0x9f, 0xff, 0xff, 0xe9, 0x20, 0x0,

    /* U+006B "k" */
    0x7f, 0xfc, 0x0, 0x0, 0x0, 0x0, 0x0, 0x0,
    0x7f, 0xfc, 0x0, 0x0, 0x0, 0x0, 0x0, 0x0,
    0x7f, 0xfc, 0x0, 0x0, 0x0, 0x0, 0x0, 0x0,
    0x7f, 0xfc, 0x0, 0x0, 0x0, 0x0, 0x0, 0x0,
    0x7f, 0xfc, 0x0, 0x0, 0x0, 0x0, 0x0, 0x0,
    0x7f, 0xfc, 0x0, 0x0, 0x0, 0x0, 0x0, 0x0,
    0x7f, 0xfc, 0x0, 0x0, 0x0, 0x0, 0x0, 0x0,
    0x7f, 0xfc, 0x0, 0x0, 0x0, 0xbf, 0xff, 0x80,
    0x7f, 0xfc, 0x0, 0x0, 0xa, 0xff, 0xf8, 0x0,
    0x7f, 0xfc, 0x0, 0x0, 0x9f, 0xff, 0x90, 0x0,
    0x7f, 0xfc, 0x0, 0x9, 0xff, 0xf9, 0x0, 0x0,
    0x7f, 0xfc, 0x0, 0x8f, 0xff, 0xa0, 0x0, 0x0,
    0x7f, 0xfc, 0x7, 0xff, 0xfa, 0x0, 0x0, 0x0,
    0x7f, 0xfc, 0x6f, 0xff, 0xb0, 0x0, 0x0, 0x0,
    0x7f, 0xff, 0xff, 0xfb, 0x0, 0x0, 0x0, 0x0,
    0x7f, 0xff, 0xff, 0xc0, 0x0, 0x0, 0x0, 0x0,
    0x7f, 0xff, 0xff, 0xc0, 0x0, 0x0, 0x0, 0x0,
    0x7f, 0xff, 0xff, 0xfb, 0x0, 0x0, 0x0, 0x0,
    0x7f, 0xfc, 0x6f, 0xff, 0xb0, 0x0, 0x0, 0x0,
    0x7f, 0xfc, 0x7, 0xff, 0xfa, 0x0, 0x0, 0x0,
    0x7f, 0xfc, 0x0, 0x8f, 0xff, 0xa0, 0x0, 0x0,
    0x7f, 0xfc, 0x0, 0x9, 0xff, 0xf9, 0x0, 0x0,
    0x7f, 0xfc, 0x0, 0x0, 0x9f, 0xff, 0x90, 0x0,
    0x7f, 0xfc, 0x0, 0x0, 0xa, 0xff, 0xf8, 0x0,
    0x7f, 0xfc, 0x0, 0x0, 0x0, 0xbf, 0xff, 0x80,

    /* U+006C "l" */
    0x1f, 0xff, 0xff, 0xff, 0xf1, 0x0, 0x0, 0x1,
    0xff, 0xff, 0xff, 0xff, 0x10, 0x0, 0x0, 0x1d,
    0xdd, 0xde, 0xff, 0xf1, 0x0, 0x0, 0x0, 0x0,
    0x0, 0x2f, 0xff, 0x10, 0x0, 0x0, 0x0, 0x0,
    0x2, 0xff, 0xf1, 0x0, 0x0, 0x0, 0x0, 0x0,
    0x2f, 0xff, 0x10, 0x0, 0x0, 0x0, 0x0, 0x2,
    0xff, 0xf1, 0x0, 0x0, 0x0, 0x0, 0x0, 0x2f,
    0xff, 0x10, 0x0, 0x0, 0x0, 0x0, 0x2, 0xff,
    0xf1, 0x0, 0x0, 0x0, 0x0, 0x0, 0x2f, 0xff,
    0x10, 0x0, 0x0, 0x0, 0x0, 0x2, 0xff, 0xf1,
    0x0, 0x0, 0x0, 0x0, 0x0, 0x2f, 0xff, 0x10,
    0x0, 0x0, 0x0, 0x0, 0x2, 0xff, 0xf1, 0x0,
    0x0, 0x0, 0x0, 0x0, 0x2f, 0xff, 0x10, 0x0,
    0x0, 0x0, 0x0, 0x2, 0xff, 0xf1, 0x0, 0x0,
    0x0, 0x0, 0x0, 0x2f, 0xff, 0x10, 0x0, 0x0,
    0x0, 0x0, 0x2, 0xff, 0xf1, 0x0, 0x0, 0x0,
    0x0, 0x0, 0x2f, 0xff, 0x10, 0x0, 0x0, 0x0,
    0x0, 0x2, 0xff, 0xf1, 0x0, 0x0, 0x0, 0x0,
    0x0, 0x2f, 0xff, 0x10, 0x0, 0x0, 0x0, 0x0,
    0x2, 0xff, 0xf1, 0x0, 0x0, 0x0, 0x0, 0x0,
    0x2f, 0xff, 0x10, 0x0, 0x0, 0x8d, 0xdd, 0xde,
    0xff, 0xfd, 0xdd, 0xdd, 0xa, 0xff, 0xff, 0xff,
    0xff, 0xff, 0xff, 0xf0, 0xaf, 0xff, 0xff, 0xff,
    0xff, 0xff, 0xff, 0x0,

    /* U+006D "m" */
    0xef, 0xf4, 0xbf, 0xfc, 0x40, 0x5c, 0xfe, 0x90,
    0xe, 0xff, 0xff, 0xff, 0xff, 0x8f, 0xff, 0xff,
    0xb0, 0xef, 0xfc, 0x67, 0xef, 0xff, 0x96, 0x9f,
    0xff, 0x1e, 0xff, 0x20, 0x5, 0xff, 0xc0, 0x0,
    0xcf, 0xf4, 0xef, 0xf1, 0x0, 0x4f, 0xfb, 0x0,
    0xb, 0xff, 0x5e, 0xff, 0x10, 0x4, 0xff, 0xb0,
    0x0, 0xbf, 0xf5, 0xef, 0xf1, 0x0, 0x4f, 0xfb,
    0x0, 0xb, 0xff, 0x5e, 0xff, 0x10, 0x4, 0xff,
    0xb0, 0x0, 0xbf, 0xf5, 0xef, 0xf1, 0x0, 0x4f,
    0xfb, 0x0, 0xb, 0xff, 0x5e, 0xff, 0x10, 0x4,
    0xff, 0xb0, 0x0, 0xbf, 0xf5, 0xef, 0xf1, 0x0,
    0x4f, 0xfb, 0x0, 0xb, 0xff, 0x5e, 0xff, 0x10,
    0x4, 0xff, 0xb0, 0x0, 0xbf, 0xf5, 0xef, 0xf1,
    0x0, 0x4f, 0xfb, 0x0, 0xb, 0xff, 0x5e, 0xff,
    0x10, 0x4, 0xff, 0xb0, 0x0, 0xbf, 0xf5, 0xef,
    0xf1, 0x0, 0x4f, 0xfb, 0x0, 0xb, 0xff, 0x5e,
    0xff, 0x10, 0x4, 0xff, 0xb0, 0x0, 0xbf, 0xf5,
    0xef, 0xf1, 0x0, 0x4f, 0xfb, 0x0, 0xb, 0xff,
    0x5e, 0xff, 0x10, 0x4, 0xff, 0xb0, 0x0, 0xbf,
    0xf5,

    /* U+006E "n" */
    0x1f, 0xff, 0x20, 0x7c, 0xef, 0xeb, 0x60, 0x0,
    0x1f, 0xff, 0x4d, 0xff, 0xff, 0xff, 0xfc, 0x10,
    0x1f, 0xff, 0xef, 0xda, 0xab, 0xff, 0xff, 0xb0,
    0x1f, 0xff, 0xe3, 0x0, 0x0, 0x1a, 0xff, 0xf2,
    0x1f, 0xff, 0x50, 0x0, 0x0, 0x0, 0xef, 0xf6,
    0x1f, 0xff, 0x20, 0x0, 0x0, 0x0, 0xcf, 0xf7,
    0x1f, 0xff, 0x20, 0x0, 0x0, 0x0, 0xcf, 0xf8,
    0x1f, 0xff, 0x20, 0x0, 0x0, 0x0, 0xcf, 0xf8,
    0x1f, 0xff, 0x20, 0x0, 0x0, 0x0, 0xcf, 0xf8,
    0x1f, 0xff, 0x20, 0x0, 0x0, 0x0, 0xcf, 0xf8,
    0x1f, 0xff, 0x20, 0x0, 0x0, 0x0, 0xcf, 0xf8,
    0x1f, 0xff, 0x20, 0x0, 0x0, 0x0, 0xcf, 0xf8,
    0x1f, 0xff, 0x20, 0x0, 0x0, 0x0, 0xcf, 0xf8,
    0x1f, 0xff, 0x20, 0x0, 0x0, 0x0, 0xcf, 0xf8,
    0x1f, 0xff, 0x20, 0x0, 0x0, 0x0, 0xcf, 0xf8,
    0x1f, 0xff, 0x20, 0x0, 0x0, 0x0, 0xcf, 0xf8,
    0x1f, 0xff, 0x20, 0x0, 0x0, 0x0, 0xcf, 0xf8,
    0x1f, 0xff, 0x20, 0x0, 0x0, 0x0, 0xcf, 0xf8,

    /* U+006F "o" */
    0x0, 0x1, 0x7b, 0xef, 0xfe, 0xc9, 0x30, 0x0,
    0x0, 0x6f, 0xff, 0xff, 0xff, 0xff, 0xfb, 0x10,
    0x6, 0xff, 0xff, 0xfe, 0xef, 0xff, 0xff, 0xc0,
    0xf, 0xff, 0xe5, 0x0, 0x0, 0x3b, 0xff, 0xf5,
    0x4f, 0xff, 0x30, 0x0, 0x0, 0x0, 0xcf, 0xfa,
    0x5f, 0xfe, 0x0, 0x0, 0x0, 0x0, 0x8f, 0xfc,
    0x6f, 0xfe, 0x0, 0x0, 0x0, 0x0, 0x7f, 0xfc,
    0x6f, 0xfe, 0x0, 0x0, 0x0, 0x0, 0x7f, 0xfc,
    0x6f, 0xfe, 0x0, 0x0, 0x0, 0x0, 0x7f, 0xfc,
    0x6f, 0xfe, 0x0, 0x0, 0x0, 0x0, 0x7f, 0xfc,
    0x6f, 0xfe, 0x0, 0x0, 0x0, 0x0, 0x7f, 0xfc,
    0x6f, 0xfe, 0x0, 0x0, 0x0, 0x0, 0x7f, 0xfc,
    0x5f, 0xfe, 0x0, 0x0, 0x0, 0x0, 0x8f, 0xfc,
    0x4f, 0xff, 0x30, 0x0, 0x0, 0x0, 0xcf, 0xfa,
    0xf, 0xff, 0xe5, 0x0, 0x0, 0x2a, 0xff, 0xf5,
    0x6, 0xff, 0xff, 0xfe, 0xdf, 0xff, 0xff, 0xc0,
    0x0, 0x6f, 0xff, 0xff, 0xff, 0xff, 0xfb, 0x10,
    0x0, 0x1, 0x7b, 0xef, 0xff, 0xd9, 0x30, 0x0,

    /* U+0070 "p" */
    0x1f, 0xff, 0x20, 0x7b, 0xef, 0xec, 0x81, 0x0,
    0x1f, 0xff, 0x4d, 0xff, 0xff, 0xff, 0xfe, 0x30,
    0x1f, 0xff, 0xef, 0xca, 0x9a, 0xef, 0xff, 0xe1,
    0x1f, 0xff, 0xe2, 0x0, 0x0, 0x6, 0xff, 0xf6,
    0x1f, 0xff, 0x50, 0x0, 0x0, 0x0, 0xaf, 0xfa,
    0x1f, 0xff, 0x20, 0x0, 0x0, 0x0, 0x7f, 0xfc,
    0x1f, 0xff, 0x20, 0x0, 0x0, 0x0, 0x7f, 0xfc,
    0x1f, 0xff, 0x20, 0x0, 0x0, 0x0, 0x7f, 0xfc,
    0x1f, 0xff, 0x20, 0x0, 0x0, 0x0, 0x7f, 0xfc,
    0x1f, 0xff, 0x20, 0x0, 0x0, 0x0, 0x7f, 0xfc,
    0x1f, 0xff, 0x20, 0x0, 0x0, 0x0, 0x7f, 0xfc,
    0x1f, 0xff, 0x20, 0x0, 0x0, 0x0, 0x7f, 0xfc,
    0x1f, 0xff, 0x30, 0x0, 0x0, 0x0, 0x8f, 0xfc,
    0x1f, 0xff, 0x70, 0x0, 0x0, 0x0, 0xcf, 0xfa,
    0x1f, 0xff, 0xf7, 0x0, 0x0, 0x2a, 0xff, 0xf6,
    0x1f, 0xff, 0xcf, 0xfe, 0xde, 0xff, 0xff, 0xe1,
    0x1f, 0xff, 0x3c, 0xff, 0xff, 0xff, 0xfe, 0x30,
    0x1f, 0xff, 0x20, 0x6b, 0xef, 0xfc, 0x81, 0x0,
    0x1f, 0xff, 0x20, 0x0, 0x0, 0x0, 0x0, 0x0,
    0x1f, 0xff, 0x20, 0x0, 0x0, 0x0, 0x0, 0x0,
    0x1f, 0xff, 0x20, 0x0, 0x0, 0x0, 0x0, 0x0,
    0x1f, 0xff, 0x20, 0x0, 0x0, 0x0, 0x0, 0x0,
    0x1f, 0xff, 0x20, 0x0, 0x0, 0x0, 0x0, 0x0,
    0x1f, 0xff, 0x20, 0x0, 0x0, 0x0, 0x0, 0x0,
    0x1f, 0xff, 0x20, 0x0, 0x0, 0x0, 0x0, 0x0,

    /* U+0071 "q" */
    0x0, 0x5, 0xae, 0xff, 0xd9, 0x20, 0xcf, 0xf8,
    0x0, 0xbf, 0xff, 0xff, 0xff, 0xf5, 0xcf, 0xf8,
    0x9, 0xff, 0xff, 0xb9, 0x9b, 0xff, 0xef, 0xf8,
    0x1f, 0xff, 0xb1, 0x0, 0x0, 0xa, 0xff, 0xf8,
    0x4f, 0xff, 0x10, 0x0, 0x0, 0x0, 0xef, 0xf8,
    0x5f, 0xfe, 0x0, 0x0, 0x0, 0x0, 0xcf, 0xf8,
    0x6f, 0xfe, 0x0, 0x0, 0x0, 0x0, 0xcf, 0xf8,
    0x6f, 0xfe, 0x0, 0x0, 0x0, 0x0, 0xcf, 0xf8,
    0x6f, 0xfe, 0x0, 0x0, 0x0, 0x0, 0xcf, 0xf8,
    0x6f, 0xfe, 0x0, 0x0, 0x0, 0x0, 0xcf, 0xf8,
    0x6f, 0xfe, 0x0, 0x0, 0x0, 0x0, 0xcf, 0xf8,
    0x6f, 0xfe, 0x0, 0x0, 0x0, 0x0, 0xcf, 0xf8,
    0x5f, 0xfe, 0x0, 0x0, 0x0, 0x0, 0xcf, 0xf8,
    0x4f, 0xff, 0x30, 0x0, 0x0, 0x1, 0xff, 0xf8,
    0x1f, 0xff, 0xe4, 0x0, 0x0, 0x4d, 0xff, 0xf8,
    0x9, 0xff, 0xff, 0xfe, 0xdf, 0xfe, 0xdf, 0xf8,
    0x0, 0xbf, 0xff, 0xff, 0xff, 0xe4, 0xcf, 0xf8,
    0x0, 0x5, 0xbe, 0xff, 0xd8, 0x10, 0xcf, 0xf8,
    0x0, 0x0, 0x0, 0x0, 0x0, 0x0, 0xcf, 0xf8,
    0x0, 0x0, 0x0, 0x0, 0x0, 0x0, 0xcf, 0xf8,
    0x0, 0x0, 0x0, 0x0, 0x0, 0x0, 0xcf, 0xf8,
    0x0, 0x0, 0x0, 0x0, 0x0, 0x0, 0xcf, 0xf8,
    0x0, 0x0, 0x0, 0x0, 0x0, 0x0, 0xcf, 0xf8,
    0x0, 0x0, 0x0, 0x0, 0x0, 0x0, 0xcf, 0xf8,
    0x0, 0x0, 0x0, 0x0, 0x0, 0x0, 0xcf, 0xf8,

    /* U+0072 "r" */
    0xcf, 0xf8, 0x0, 0x1, 0x6b, 0xdf, 0x6c, 0xff,
    0x80, 0x7, 0xff, 0xff, 0xf7, 0xcf, 0xf8, 0xb,
    0xff, 0xff, 0xff, 0x7c, 0xff, 0x8a, 0xff, 0xd8,
    0x53, 0x21, 0xcf, 0xfb, 0xfc, 0x30, 0x0, 0x0,
    0xc, 0xff, 0xfb, 0x0, 0x0, 0x0, 0x0, 0xcf,
    0xfe, 0x0, 0x0, 0x0, 0x0, 0xc, 0xff, 0xa0,
    0x0, 0x0, 0x0, 0x0, 0xcf, 0xf8, 0x0, 0x0,
    0x0, 0x0, 0xc, 0xff, 0x80, 0x0, 0x0, 0x0,
    0x0, 0xcf, 0xf8, 0x0, 0x0, 0x0, 0x0, 0xc,
    0xff, 0x80, 0x0, 0x0, 0x0, 0x0, 0xcf, 0xf8,
    0x0, 0x0, 0x0, 0x0, 0xc, 0xff, 0x80, 0x0,
    0x0, 0x0, 0x0, 0xcf, 0xf8, 0x0, 0x0, 0x0,
    0x0, 0xc, 0xff, 0x80, 0x0, 0x0, 0x0, 0x0,
    0xcf, 0xf8, 0x0, 0x0, 0x0, 0x0, 0xc, 0xff,
    0x80, 0x0, 0x0, 0x0, 0x0,

    /* U+0073 "s" */
    0x0, 0x0, 0x6b, 0xdf, 0xfe, 0xc8, 0x20, 0x0,
    0x0, 0x2d, 0xff, 0xff, 0xff, 0xff, 0xf8, 0x0,
    0x1, 0xef, 0xff, 0xfe, 0xde, 0xff, 0xff, 0x70,
    0x9, 0xff, 0xf5, 0x0, 0x0, 0x2b, 0xff, 0xf1,
    0xc, 0xff, 0x70, 0x0, 0x0, 0x0, 0xdd, 0xd3,
    0xc, 0xff, 0x80, 0x0, 0x0, 0x0, 0x0, 0x0,
    0x7, 0xff, 0xf6, 0x0, 0x0, 0x0, 0x0, 0x0,
    0x0, 0xcf, 0xff, 0xea, 0x62, 0x0, 0x0, 0x0,
    0x0, 0xa, 0xff, 0xff, 0xff, 0xd7, 0x10, 0x0,
    0x0, 0x0, 0x39, 0xef, 0xff, 0xff, 0xf6, 0x0,
    0x0, 0x0, 0x0, 0x4, 0x8c, 0xff, 0xff, 0x70,
    0x0, 0x0, 0x0, 0x0, 0x0, 0x1a, 0xff, 0xf2,
    0x0, 0x0, 0x0, 0x0, 0x0, 0x0, 0xdf, 0xf6,
    0x1d, 0xdd, 0x10, 0x0, 0x0, 0x0, 0xdf, 0xf7,
    0xe, 0xff, 0xc3, 0x0, 0x0, 0x19, 0xff, 0xf3,
    0x5, 0xff, 0xff, 0xed, 0xde, 0xff, 0xff, 0xa0,
    0x0, 0x6f, 0xff, 0xff, 0xff, 0xff, 0xfa, 0x0,
    0x0, 0x1, 0x7c, 0xef, 0xfe, 0xc9, 0x30, 0x0,

    /* U+0074 "t" */
    0x0, 0x0, 0x1, 0xff, 0xf2, 0x0, 0x0, 0x0,
    0x0, 0x0, 0x0, 0x1, 0xff, 0xf2, 0x0, 0x0,
    0x0, 0x0, 0x0, 0x0, 0x1, 0xff, 0xf2, 0x0,
    0x0, 0x0, 0x0, 0x0, 0x0, 0x1, 0xff, 0xf2,
    0x0, 0x0, 0x0, 0x0, 0x0, 0x0, 0x1, 0xff,
    0xf2, 0x0, 0x0, 0x0, 0x0, 0xbf, 0xff, 0xff,
    0xff, 0xff, 0xff, 0xff, 0xff, 0xf3, 0xbf, 0xff,
    0xff, 0xff, 0xff, 0xff, 0xff, 0xff, 0xf3, 0x9d,
    0xdd, 0xdd, 0xff, 0xfe, 0xdd, 0xdd, 0xdd, 0xd3,
    0x0, 0x0, 0x1, 0xff, 0xf2, 0x0, 0x0, 0x0,
    0x0, 0x0, 0x0, 0x1, 0xff, 0xf2, 0x0, 0x0,
    0x0, 0x0, 0x0, 0x0, 0x1, 0xff, 0xf2, 0x0,
    0x0, 0x0, 0x0, 0x0, 0x0, 0x1, 0xff, 0xf2,
    0x0, 0x0, 0x0, 0x0, 0x0, 0x0, 0x1, 0xff,
    0xf2, 0x0, 0x0, 0x0, 0x0, 0x0, 0x0, 0x1,
    0xff, 0xf2, 0x0, 0x0, 0x0, 0x0, 0x0, 0x0,
    0x1, 0xff, 0xf2, 0x0, 0x0, 0x0, 0x0, 0x0,
    0x0, 0x1, 0xff, 0xf2, 0x0, 0x0, 0x0, 0x0,
    0x0, 0x0, 0x1, 0xff, 0xf2, 0x0, 0x0, 0x0,
    0x0, 0x0, 0x0, 0x0, 0xff, 0xf2, 0x0, 0x0,
    0x0, 0x0, 0x0, 0x0, 0x0, 0xff, 0xf6, 0x0,
    0x0, 0x0, 0x0, 0x0, 0x0, 0x0, 0xbf, 0xfe,
    0x30, 0x0, 0x0, 0x0, 0x0, 0x0, 0x0, 0x4f,
    0xff, 0xfe, 0xdd, 0xdd, 0xd3, 0x0, 0x0, 0x0,
    0x7, 0xff, 0xff, 0xff, 0xff, 0xf3, 0x0, 0x0,
    0x0, 0x0, 0x3a, 0xef, 0xff, 0xff, 0xf3,

    /* U+0075 "u" */
    0x1f, 0xff, 0x20, 0x0, 0x0, 0x0, 0xcf, 0xf8,
    0x1f, 0xff, 0x20, 0x0, 0x0, 0x0, 0xcf, 0xf8,
    0x1f, 0xff, 0x20, 0x0, 0x0, 0x0, 0xcf, 0xf8,
    0x1f, 0xff, 0x20, 0x0, 0x0, 0x0, 0xcf, 0xf8,
    0x1f, 0xff, 0x20, 0x0, 0x0, 0x0, 0xcf, 0xf8,
    0x1f, 0xff, 0x20, 0x0, 0x0, 0x0, 0xcf, 0xf8,
    0x1f, 0xff, 0x20, 0x0, 0x0, 0x0, 0xcf, 0xf8,
    0x1f, 0xff, 0x20, 0x0, 0x0, 0x0, 0xcf, 0xf8,
    0x1f, 0xff, 0x20, 0x0, 0x0, 0x0, 0xcf, 0xf8,
    0x1f, 0xff, 0x20, 0x0, 0x0, 0x0, 0xcf, 0xf8,
    0x1f, 0xff, 0x20, 0x0, 0x0, 0x0, 0xcf, 0xf8,
    0x1f, 0xff, 0x20, 0x0, 0x0, 0x0, 0xcf, 0xf8,
    0x1f, 0xff, 0x20, 0x0, 0x0, 0x0, 0xcf, 0xf8,
    0xf, 0xff, 0x50, 0x0, 0x0, 0x0, 0xef, 0xf8,
    0xc, 0xff, 0xe3, 0x0, 0x0, 0x1a, 0xff, 0xf8,
    0x5, 0xff, 0xff, 0xda, 0xab, 0xff, 0xef, 0xf8,
    0x0, 0x7f, 0xff, 0xff, 0xff, 0xf6, 0xcf, 0xf8,
    0x0, 0x3, 0xae, 0xff, 0xd9, 0x20, 0xcf, 0xf8,

    /* U+0076 "v" */
    0xe, 0xff, 0x90, 0x0, 0x0, 0x0, 0x2, 0xff,
    0xf5, 0x8, 0xff, 0xe0, 0x0, 0x0, 0x0, 0x7,
    0xff, 0xe0, 0x3, 0xff, 0xf3, 0x0, 0x0, 0x0,
    0xd, 0xff, 0x90, 0x0, 0xdf, 0xf9, 0x0, 0x0,
    0x0, 0x2f, 0xff, 0x30, 0x0, 0x7f, 0xfe, 0x0,
    0x0, 0x0, 0x7f, 0xfe, 0x0, 0x0, 0x2f, 0xff,
    0x30, 0x0, 0x0, 0xdf, 0xf8, 0x0, 0x0, 0xc,
    0xff, 0x80, 0x0, 0x2, 0xff, 0xf2, 0x0, 0x0,
    0x6, 0xff, 0xe0, 0x0, 0x7, 0xff, 0xd0, 0x0,
    0x0, 0x1, 0xff, 0xf3, 0x0, 0xd, 0xff, 0x70,
    0x0, 0x0, 0x0, 0xbf, 0xf8, 0x0, 0x2f, 0xff,
    0x10, 0x0, 0x0, 0x0, 0x5f, 0xfe, 0x0, 0x7f,
    0xfb, 0x0, 0x0, 0x0, 0x0, 0xf, 0xff, 0x30,
    0xdf, 0xf6, 0x0, 0x0, 0x0, 0x0, 0xa, 0xff,
    0x82, 0xff, 0xf0, 0x0, 0x0, 0x0, 0x0, 0x4,
    0xff, 0xd7, 0xff, 0xa0, 0x0, 0x0, 0x0, 0x0,
    0x0, 0xef, 0xfe, 0xff, 0x50, 0x0, 0x0, 0x0,
    0x0, 0x0, 0x9f, 0xff, 0xfe, 0x0, 0x0, 0x0,
    0x0, 0x0, 0x0, 0x3f, 0xff, 0xf9, 0x0, 0x0,
    0x0, 0x0, 0x0, 0x0, 0xd, 0xff, 0xf3, 0x0,
    0x0, 0x0,

    /* U+0077 "w" */
    0x6f, 0xfa, 0x0, 0x5, 0xff, 0xb0, 0x0, 0x3f,
    0xfc, 0x2f, 0xfc, 0x0, 0x7, 0xff, 0xe0, 0x0,
    0x5f, 0xf9, 0xf, 0xfe, 0x0, 0xa, 0xff, 0xf0,
    0x0, 0x8f, 0xf6, 0xc, 0xff, 0x0, 0xd, 0xff,
    0xf3, 0x0, 0xaf, 0xf3, 0x9, 0xff, 0x30, 0xf,
    0xfe, 0xf6, 0x0, 0xcf, 0xf0, 0x6, 0xff, 0x50,
    0x2f, 0xf9, 0xf9, 0x0, 0xef, 0xd0, 0x3, 0xff,
    0x70, 0x5f, 0xc6, 0xfb, 0x1, 0xff, 0xa0, 0x0,
    0xff, 0x90, 0x8f, 0xa3, 0xfe, 0x3, 0xff, 0x70,
    0x0, 0xdf, 0xc0, 0xbf, 0x70, 0xff, 0x15, 0xff,
    0x30, 0x0, 0xaf, 0xe0, 0xdf, 0x40, 0xef, 0x48,
    0xff, 0x0, 0x0, 0x7f, 0xf1, 0xff, 0x10, 0xbf,
    0x6a, 0xfd, 0x0, 0x0, 0x4f, 0xf6, 0xfe, 0x0,
    0x8f, 0x9c, 0xfa, 0x0, 0x0, 0x1f, 0xfb, 0xfc,
    0x0, 0x5f, 0xce, 0xf7, 0x0, 0x0, 0xe, 0xff,
    0xf9, 0x0, 0x3f, 0xff, 0xf4, 0x0, 0x0, 0xb,
    0xff, 0xf6, 0x0, 0xf, 0xff, 0xf1, 0x0, 0x0,
    0x8, 0xff, 0xf3, 0x0, 0xd, 0xff, 0xe0, 0x0,
    0x0, 0x5, 0xff, 0xf1, 0x0, 0xa, 0xff, 0xb0,
    0x0, 0x0, 0x2, 0xff, 0xe0, 0x0, 0x8, 0xff,
    0x80, 0x0,

    /* U+0078 "x" */
    0x4f, 0xff, 0xb0, 0x0, 0x0, 0x4, 0xff, 0xfa,
    0x9, 0xff, 0xf4, 0x0, 0x0, 0xd, 0xff, 0xe1,
    0x0, 0xdf, 0xfe, 0x0, 0x0, 0x8f, 0xff, 0x40,
    0x0, 0x3f, 0xff, 0x80, 0x2, 0xff, 0xfa, 0x0,
    0x0, 0x9, 0xff, 0xf2, 0xb, 0xff, 0xe1, 0x0,
    0x0, 0x0, 0xdf, 0xfb, 0x5f, 0xff, 0x40, 0x0,
    0x0, 0x0, 0x3f, 0xff, 0xff, 0xf9, 0x0, 0x0,
    0x0, 0x0, 0x8, 0xff, 0xff, 0xe0, 0x0, 0x0,
    0x0, 0x0, 0x0, 0xdf, 0xff, 0x40, 0x0, 0x0,
    0x0, 0x0, 0x0, 0xdf, 0xff, 0x40, 0x0, 0x0,
    0x0, 0x0, 0x8, 0xff, 0xff, 0xe0, 0x0, 0x0,
    0x0, 0x0, 0x3f, 0xff, 0xff, 0xf9, 0x0, 0x0,
    0x0, 0x0, 0xdf, 0xfc, 0x5f, 0xff, 0x40, 0x0,
    0x0, 0x9, 0xff, 0xf2, 0xb, 0xff, 0xe1, 0x0,
    0x0, 0x3f, 0xff, 0x80, 0x2, 0xff, 0xfa, 0x0,
    0x0, 0xdf, 0xfe, 0x0, 0x0, 0x8f, 0xff, 0x40,
    0x9, 0xff, 0xf4, 0x0, 0x0, 0xd, 0xff, 0xe1,
    0x4f, 0xff, 0xb0, 0x0, 0x0, 0x4, 0xff, 0xfa,

    /* U+0079 "y" */
    0x8f, 0xfe, 0x0, 0x0, 0x0, 0x0, 0x7f, 0xfe,
    0x2, 0xff, 0xf3, 0x0, 0x0, 0x0, 0xc, 0xff,
    0x80, 0xc, 0xff, 0x80, 0x0, 0x0, 0x1, 0xff,
    0xf3, 0x0, 0x7f, 0xfd, 0x0, 0x0, 0x0, 0x7f,
    0xfd, 0x0, 0x1, 0xff, 0xf2, 0x0, 0x0, 0xc,
    0xff, 0x80, 0x0, 0xb, 0xff, 0x80, 0x0, 0x1,
    0xff, 0xf2, 0x0, 0x0, 0x5f, 0xfd, 0x0, 0x0,
    0x6f, 0xfc, 0x0, 0x0, 0x0, 0xff, 0xf2, 0x0,
    0xb, 0xff, 0x70, 0x0, 0x0, 0xa, 0xff, 0x70,
    0x0, 0xff, 0xf1, 0x0, 0x0, 0x0, 0x4f, 0xfc,
    0x0, 0x5f, 0xfb, 0x0, 0x0, 0x0, 0x0, 0xef,
    0xf2, 0xa, 0xff, 0x60, 0x0, 0x0, 0x0, 0x9,
    0xff, 0x70, 0xff, 0xf0, 0x0, 0x0, 0x0, 0x0,
    0x3f, 0xfc, 0x5f, 0xfa, 0x0, 0x0, 0x0, 0x0,
    0x0, 0xdf, 0xfb, 0xff, 0x50, 0x0, 0x0, 0x0,
    0x0, 0x8, 0xff, 0xff, 0xe0, 0x0, 0x0, 0x0,
    0x0, 0x0, 0x2f, 0xff, 0xf9, 0x0, 0x0, 0x0,
    0x0, 0x0, 0x0, 0xcf, 0xff, 0x40, 0x0, 0x0,
    0x0, 0x0, 0x0, 0x9, 0xff, 0xe0, 0x0, 0x0,
    0x0, 0x0, 0x0, 0x0, 0xdf, 0xf8, 0x0, 0x0,
    0x0, 0x0, 0x0, 0x0, 0x3f, 0xff, 0x30, 0x0,
    0x0, 0x0, 0x0, 0x0, 0x9, 0xff, 0xd0, 0x0,
    0x0, 0x0, 0x0, 0x0, 0x0, 0xef, 0xf7, 0x0,
    0x0, 0x0, 0x0, 0x0, 0x0, 0x4f, 0xff, 0x20,
    0x0, 0x0, 0x0, 0x0, 0x0, 0xa, 0xff, 0xc0,
    0x0, 0x0, 0x0, 0x0, 0x0, 0x0, 0xff, 0xf6,
    0x0, 0x0, 0x0, 0x0, 0x0,

    /* U+007A "z" */
    0x1f, 0xff, 0xff, 0xff, 0xff, 0xff, 0xff, 0xf8,
    0x1f, 0xff, 0xff, 0xff, 0xff, 0xff, 0xff, 0xf8,
    0x1d, 0xdd, 0xdd, 0xdd, 0xdd, 0xde, 0xff, 0xf8,
    0x0, 0x0, 0x0, 0x0, 0x0, 0xa, 0xff, 0xd1,
    0x0, 0x0, 0x0, 0x0, 0x0, 0x9f, 0xfe, 0x20,
    0x0, 0x0, 0x0, 0x0, 0x7, 0xff, 0xf3, 0x0,
    0x0, 0x0, 0x0, 0x0, 0x6f, 0xff, 0x40, 0x0,
    0x0, 0x0, 0x0, 0x4, 0xff, 0xf5, 0x0, 0x0,
    0x0, 0x0, 0x0, 0x3f, 0xff, 0x70, 0x0, 0x0,
    0x0, 0x0, 0x2, 0xef, 0xf9, 0x0, 0x0, 0x0,
    0x0, 0x0, 0x1d, 0xff, 0xa0, 0x0, 0x0, 0x0,
    0x0, 0x0, 0xcf, 0xfc, 0x0, 0x0, 0x0, 0x0,
    0x0, 0xb, 0xff, 0xd1, 0x0, 0x0, 0x0, 0x0,
    0x0, 0xaf, 0xfe, 0x10, 0x0, 0x0, 0x0, 0x0,
    0x8, 0xff, 0xe2, 0x0, 0x0, 0x0, 0x0, 0x0,
    0x1f, 0xff, 0xfd, 0xdd, 0xdd, 0xdd, 0xdd, 0xd7,
    0x1f, 0xff, 0xff, 0xff, 0xff, 0xff, 0xff, 0xf8,
    0x1f, 0xff, 0xff, 0xff, 0xff, 0xff, 0xff, 0xf8,

    /* U+007B "{" */
    0x0, 0x0, 0x2, 0x8c, 0xef, 0xff, 0xf0, 0x0,
    0x0, 0x7f, 0xff, 0xff, 0xff, 0xf0, 0x0, 0x4,
    0xff, 0xff, 0xfe, 0xee, 0xe0, 0x0, 0xb, 0xff,
    0xe5, 0x0, 0x0, 0x0, 0x0, 0xe, 0xff, 0x70,
    0x0, 0x0, 0x0, 0x0, 0xf, 0xff, 0x50, 0x0,
    0x0, 0x0, 0x0, 0xd, 0xff, 0xb0, 0x0, 0x0,
    0x0, 0x0, 0x7, 0xff, 0xf6, 0x0, 0x0, 0x0,
    0x0, 0x0, 0xdf, 0xff, 0x20, 0x0, 0x0, 0x0,
    0x0, 0x2f, 0xff, 0x90, 0x0, 0x0, 0x0, 0x0,
    0x8, 0xff, 0xd0, 0x0, 0x0, 0x0, 0x0, 0x5,
    0xff, 0xe0, 0x0, 0x0, 0x0, 0x0, 0xb, 0xff,
    0xb0, 0x0, 0x0, 0x0, 0x14, 0xbf, 0xff, 0x40,
    0x0, 0x0, 0x5f, 0xff, 0xff, 0xf6, 0x0, 0x0,
    0x0, 0x5f, 0xff, 0xff, 0x50, 0x0, 0x0, 0x0,
    0x4d, 0xff, 0xff, 0xf9, 0x0, 0x0, 0x0, 0x0,
    0x2, 0x8f, 0xff, 0x60, 0x0, 0x0, 0x0, 0x0,
    0x9, 0xff, 0xc0, 0x0, 0x0, 0x0, 0x0, 0x5,
    0xff, 0xe0, 0x0, 0x0, 0x0, 0x0, 0xb, 0xff,
    0xc0, 0x0, 0x0, 0x0, 0x0, 0x7f, 0xff, 0x50,
    0x0, 0x0, 0x0, 0x3, 0xff, 0xfb, 0x0, 0x0,
    0x0, 0x0, 0xb, 0xff, 0xd0, 0x0, 0x0, 0x0,
    0x0, 0xe, 0xff, 0x60, 0x0, 0x0, 0x0, 0x0,
    0xe, 0xff, 0x60, 0x0, 0x0, 0x0, 0x0, 0xc,
    0xff, 0xe4, 0x0, 0x0, 0x0, 0x0, 0x6, 0xff,
    0xff, 0xfe, 0xdd, 0xd0, 0x0, 0x0, 0x8f, 0xff,
    0xff, 0xff, 0xf0, 0x0, 0x0, 0x2, 0x9c, 0xff,
    0xff, 0xf0,

    /* U+007C "|" */
    0x25, 0x54, 0x7f, 0xfd, 0x7f, 0xfd, 0x7f, 0xfd,
    0x7f, 0xfd, 0x7f, 0xfd, 0x7f, 0xfd, 0x7f, 0xfd,
    0x7f, 0xfd, 0x7f, 0xfd, 0x7f, 0xfd, 0x7f, 0xfd,
    0x7f, 0xfd, 0x7f, 0xfd, 0x7f, 0xfd, 0x7f, 0xfd,
    0x7f, 0xfd, 0x7f, 0xfd, 0x7f, 0xfd, 0x7f, 0xfd,
    0x7f, 0xfd, 0x7f, 0xfd, 0x7f, 0xfd, 0x7f, 0xfd,
    0x7f, 0xfd, 0x7f, 0xfd, 0x7f, 0xfd, 0x7f, 0xfd,
    0x7f, 0xfd, 0x7f, 0xfd,

    /* U+007D "}" */
    0xaf, 0xff, 0xfd, 0xa4, 0x0, 0x0, 0xa, 0xff,
    0xff, 0xff, 0xfc, 0x10, 0x0, 0x8e, 0xee, 0xff,
    0xff, 0xfb, 0x0, 0x0, 0x0, 0x0, 0x2b, 0xff,
    0xf1, 0x0, 0x0, 0x0, 0x0, 0xf, 0xff, 0x40,
    0x0, 0x0, 0x0, 0x0, 0xef, 0xf5, 0x0, 0x0,
    0x0, 0x0, 0x5f, 0xff, 0x30, 0x0, 0x0, 0x0,
    0x1e, 0xff, 0xd0, 0x0, 0x0, 0x0, 0xb, 0xff,
    0xf4, 0x0, 0x0, 0x0, 0x3, 0xff, 0xf8, 0x0,
    0x0, 0x0, 0x0, 0x7f, 0xfe, 0x0, 0x0, 0x0,
    0x0, 0x7, 0xff, 0xc0, 0x0, 0x0, 0x0, 0x0,
    0x5f, 0xff, 0x20, 0x0, 0x0, 0x0, 0x0, 0xdf,
    0xfe, 0x62, 0x0, 0x0, 0x0, 0x2, 0xdf, 0xff,
    0xff, 0xc0, 0x0, 0x0, 0x1, 0xdf, 0xff, 0xfc,
    0x0, 0x0, 0x4, 0xff, 0xff, 0xfe, 0xa0, 0x0,
    0x1, 0xff, 0xfc, 0x40, 0x0, 0x0, 0x0, 0x6f,
    0xfe, 0x0, 0x0, 0x0, 0x0, 0x8, 0xff, 0xb0,
    0x0, 0x0, 0x0, 0x0, 0x5f, 0xff, 0x20, 0x0,
    0x0, 0x0, 0x0, 0xef, 0xfc, 0x0, 0x0, 0x0,
    0x0, 0x4, 0xff, 0xf9, 0x0, 0x0, 0x0, 0x0,
    0x8, 0xff, 0xf1, 0x0, 0x0, 0x0, 0x0, 0xf,
    0xff, 0x40, 0x0, 0x0, 0x0, 0x0, 0xff, 0xf5,
    0x0, 0x0, 0x0, 0x1, 0xaf, 0xff, 0x20, 0x8,
    0xdd, 0xde, 0xff, 0xff, 0xc0, 0x0, 0xaf, 0xff,
    0xff, 0xff, 0xc1, 0x0, 0xa, 0xff, 0xff, 0xda,
    0x50, 0x0, 0x0,

    /* U+007E "~" */
    0x0, 0x0, 0x4d, 0xfb, 0x10, 0x0, 0x0, 0x9,
    0x62, 0x0, 0x3, 0xff, 0xff, 0xd0, 0x0, 0x0,
    0x5f, 0xfd, 0x0, 0xd, 0xff, 0xff, 0xf7, 0x0,
    0x0, 0xaf, 0xf8, 0x0, 0x5f, 0xfe, 0x7f, 0xfe,
    0x0, 0x0, 0xef, 0xf3, 0x0, 0xcf, 0xf7, 0xd,
    0xff, 0x60, 0x4, 0xff, 0xe0, 0x2, 0xff, 0xf1,
    0x7, 0xff, 0xd0, 0xa, 0xff, 0x90, 0x8, 0xff,
    0xa0, 0x1, 0xff, 0xf4, 0x1f, 0xff, 0x20, 0xd,
    0xff, 0x50, 0x0, 0x9f, 0xfc, 0xaf, 0xfb, 0x0,
    0x2f, 0xff, 0x0, 0x0, 0x1f, 0xff, 0xff, 0xf4,
    0x0, 0x6f, 0xfb, 0x0, 0x0, 0x7, 0xff, 0xff,
    0x90, 0x0, 0x4, 0x85, 0x0, 0x0, 0x0, 0x7e,
    0xe8, 0x0, 0x0,

    /* U+00B7 "·" */
    0x8, 0x88, 0x84, 0xf, 0xff, 0xf7, 0xf, 0xff,
    0xf7, 0xf, 0xff, 0xf7, 0xf, 0xff, 0xf7,

    /* U+2022 "•" */
    0x0, 0x18, 0xdf, 0xfe, 0xa3, 0x0, 0x0, 0x3e,
    0xff, 0xff, 0xff, 0xf8, 0x0, 0xe, 0xff, 0xff,
    0xff, 0xff, 0xf5, 0x6, 0xff, 0xff, 0xff, 0xff,
    0xff, 0xd0, 0xbf, 0xff, 0xff, 0xff, 0xff, 0xff,
    0x1d, 0xff, 0xff, 0xff, 0xff, 0xff, 0xf3, 0xdf,
    0xff, 0xff, 0xff, 0xff, 0xff, 0x3c, 0xff, 0xff,
    0xff, 0xff, 0xff, 0xf2, 0x7f, 0xff, 0xff, 0xff,
    0xff, 0xfe, 0x1, 0xff, 0xff, 0xff, 0xff, 0xff,
    0x70, 0x5, 0xff, 0xff, 0xff, 0xff, 0xb0, 0x0,
    0x3, 0xbf, 0xff, 0xfd, 0x60, 0x0, 0x0, 0x0,
    0x2, 0x21, 0x0, 0x0, 0x0,

    /* U+2026 "…" */
    0x38, 0x88, 0x80, 0x0, 0x0, 0x0, 0x0, 0x78,
    0x88, 0x50, 0x0, 0x0, 0x0, 0x2, 0x88, 0x88,
    0x27, 0xff, 0xff, 0x10, 0x0, 0x0, 0x0, 0xd,
    0xff, 0xfa, 0x0, 0x0, 0x0, 0x0, 0x4f, 0xff,
    0xf4, 0x7f, 0xff, 0xf1, 0x0, 0x0, 0x0, 0x0,
    0xdf, 0xff, 0xa0, 0x0, 0x0, 0x0, 0x4, 0xff,
    0xff, 0x47, 0xff, 0xff, 0x10, 0x0, 0x0, 0x0,
    0xd, 0xff, 0xfa, 0x0, 0x0, 0x0, 0x0, 0x4f,
    0xff, 0xf4, 0x7f, 0xff, 0xf1, 0x0, 0x0, 0x0,
    0x0, 0xdf, 0xff, 0xa0, 0x0, 0x0, 0x0, 0x4,
    0xff, 0xff, 0x40
};


/*---------------------
 *  GLYPH DESCRIPTION
 *--------------------*/

static const lv_font_fmt_txt_glyph_dsc_t glyph_dsc[] = {
    {.bitmap_index = 0, .adv_w = 0, .box_w = 0, .box_h = 0, .ofs_x = 0, .ofs_y = 0} /* id = 0 reserved */,
    {.bitmap_index = 0, .adv_w = 326, .box_w = 0, .box_h = 0, .ofs_x = 0, .ofs_y = 0},
    {.bitmap_index = 0, .adv_w = 326, .box_w = 5, .box_h = 24, .ofs_x = 8, .ofs_y = 0},
    {.bitmap_index = 60, .adv_w = 326, .box_w = 13, .box_h = 10, .ofs_x = 4, .ofs_y = 15},
    {.bitmap_index = 125, .adv_w = 326, .box_w = 20, .box_h = 23, .ofs_x = 0, .ofs_y = 1},
    {.bitmap_index = 355, .adv_w = 326, .box_w = 16, .box_h = 31, .ofs_x = 2, .ofs_y = -4},
    {.bitmap_index = 603, .adv_w = 326, .box_w = 19, .box_h = 24, .ofs_x = 1, .ofs_y = 0},
    {.bitmap_index = 831, .adv_w = 326, .box_w = 18, .box_h = 24, .ofs_x = 2, .ofs_y = 0},
    {.bitmap_index = 1047, .adv_w = 326, .box_w = 4, .box_h = 10, .ofs_x = 8, .ofs_y = 15},
    {.bitmap_index = 1067, .adv_w = 326, .box_w = 12, .box_h = 30, .ofs_x = 3, .ofs_y = -4},
    {.bitmap_index = 1247, .adv_w = 326, .box_w = 12, .box_h = 30, .ofs_x = 5, .ofs_y = -4},
    {.bitmap_index = 1427, .adv_w = 326, .box_w = 18, .box_h = 16, .ofs_x = 1, .ofs_y = 5},
    {.bitmap_index = 1571, .adv_w = 326, .box_w = 16, .box_h = 16, .ofs_x = 2, .ofs_y = 4},
    {.bitmap_index = 1699, .adv_w = 326, .box_w = 6, .box_h = 13, .ofs_x = 7, .ofs_y = -8},
    {.bitmap_index = 1738, .adv_w = 326, .box_w = 16, .box_h = 3, .ofs_x = 2, .ofs_y = 10},
    {.bitmap_index = 1762, .adv_w = 326, .box_w = 6, .box_h = 5, .ofs_x = 7, .ofs_y = 0},
    {.bitmap_index = 1777, .adv_w = 326, .box_w = 16, .box_h = 30, .ofs_x = 2, .ofs_y = -3},
    {.bitmap_index = 2017, .adv_w = 326, .box_w = 16, .box_h = 24, .ofs_x = 2, .ofs_y = 0},
    {.bitmap_index = 2209, .adv_w = 326, .box_w = 10, .box_h = 24, .ofs_x = 3, .ofs_y = 0},
    {.bitmap_index = 2329, .adv_w = 326, .box_w = 16, .box_h = 24, .ofs_x = 2, .ofs_y = 0},
    {.bitmap_index = 2521, .adv_w = 326, .box_w = 17, .box_h = 24, .ofs_x = 2, .ofs_y = 0},
    {.bitmap_index = 2725, .adv_w = 326, .box_w = 16, .box_h = 24, .ofs_x = 2, .ofs_y = 0},
    {.bitmap_index = 2917, .adv_w = 326, .box_w = 16, .box_h = 24, .ofs_x = 2, .ofs_y = 0},
    {.bitmap_index = 3109, .adv_w = 326, .box_w = 16, .box_h = 24, .ofs_x = 2, .ofs_y = 0},
    {.bitmap_index = 3301, .adv_w = 326, .box_w = 16, .box_h = 24, .ofs_x = 2, .ofs_y = 0},
    {.bitmap_index = 3493, .adv_w = 326, .box_w = 16, .box_h = 24, .ofs_x = 2, .ofs_y = 0},
    {.bitmap_index = 3685, .adv_w = 326, .box_w = 16, .box_h = 24, .ofs_x = 2, .ofs_y = 0},
    {.bitmap_index = 3877, .adv_w = 326, .box_w = 6, .box_h = 18, .ofs_x = 7, .ofs_y = 0},
    {.bitmap_index = 3931, .adv_w = 326, .box_w = 6, .box_h = 26, .ofs_x = 7, .ofs_y = -8},
    {.bitmap_index = 4009, .adv_w = 326, .box_w = 17, .box_h = 21, .ofs_x = 2, .ofs_y = 1},
    {.bitmap_index = 4188, .adv_w = 326, .box_w = 16, .box_h = 10, .ofs_x = 2, .ofs_y = 7},
    {.bitmap_index = 4268, .adv_w = 326, .box_w = 16, .box_h = 21, .ofs_x = 2, .ofs_y = 1},
    {.bitmap_index = 4436, .adv_w = 326, .box_w = 16, .box_h = 24, .ofs_x = 2, .ofs_y = 0},
    {.bitmap_index = 4628, .adv_w = 326, .box_w = 19, .box_h = 28, .ofs_x = 1, .ofs_y = -3},
    {.bitmap_index = 4894, .adv_w = 326, .box_w = 18, .box_h = 24, .ofs_x = 1, .ofs_y = 0},
    {.bitmap_index = 5110, .adv_w = 326, .box_w = 17, .box_h = 24, .ofs_x = 2, .ofs_y = 0},
    {.bitmap_index = 5314, .adv_w = 326, .box_w = 16, .box_h = 24, .ofs_x = 2, .ofs_y = 0},
    {.bitmap_index = 5506, .adv_w = 326, .box_w = 16, .box_h = 24, .ofs_x = 2, .ofs_y = 0},
    {.bitmap_index = 5698, .adv_w = 326, .box_w = 15, .box_h = 24, .ofs_x = 3, .ofs_y = 0},
    {.bitmap_index = 5878, .adv_w = 326, .box_w = 14, .box_h = 24, .ofs_x = 4, .ofs_y = 0},
    {.bitmap_index = 6046, .adv_w = 326, .box_w = 16, .box_h = 24, .ofs_x = 2, .ofs_y = 0},
    {.bitmap_index = 6238, .adv_w = 326, .box_w = 16, .box_h = 24, .ofs_x = 2, .ofs_y = 0},
    {.bitmap_index = 6430, .adv_w = 326, .box_w = 15, .box_h = 24, .ofs_x = 3, .ofs_y = 0},
    {.bitmap_index = 6610, .adv_w = 326, .box_w = 15, .box_h = 24, .ofs_x = 2, .ofs_y = 0},
    {.bitmap_index = 6790, .adv_w = 326, .box_w = 16, .box_h = 24, .ofs_x = 3, .ofs_y = 0},
    {.bitmap_index = 6982, .adv_w = 326, .box_w = 14, .box_h = 24, .ofs_x = 4, .ofs_y = 0},
    {.bitmap_index = 7150, .adv_w = 326, .box_w = 17, .box_h = 24, .ofs_x = 2, .ofs_y = 0},
    {.bitmap_index = 7354, .adv_w = 326, .box_w = 16, .box_h = 24, .ofs_x = 2, .ofs_y = 0},
    {.bitmap_index = 7546, .adv_w = 326, .box_w = 16, .box_h = 24, .ofs_x = 2, .ofs_y = 0},
    {.bitmap_index = 7738, .adv_w = 326, .box_w = 16, .box_h = 24, .ofs_x = 3, .ofs_y = 0},
    {.bitmap_index = 7930, .adv_w = 326, .box_w = 18, .box_h = 26, .ofs_x = 2, .ofs_y = -2},
    {.bitmap_index = 8164, .adv_w = 326, .box_w = 17, .box_h = 24, .ofs_x = 2, .ofs_y = 0},
    {.bitmap_index = 8368, .adv_w = 326, .box_w = 16, .box_h = 24, .ofs_x = 2, .ofs_y = 0},
    {.bitmap_index = 8560, .adv_w = 326, .box_w = 16, .box_h = 24, .ofs_x = 2, .ofs_y = 0},
    {.bitmap_index = 8752, .adv_w = 326, .box_w = 16, .box_h = 24, .ofs_x = 2, .ofs_y = 0},
    {.bitmap_index = 8944, .adv_w = 326, .box_w = 18, .box_h = 24, .ofs_x = 1, .ofs_y = 0},
    {.bitmap_index = 9160, .adv_w = 326, .box_w = 18, .box_h = 24, .ofs_x = 1, .ofs_y = 0},
    {.bitmap_index = 9376, .adv_w = 326, .box_w = 17, .box_h = 24, .ofs_x = 2, .ofs_y = 0},
    {.bitmap_index = 9580, .adv_w = 326, .box_w = 17, .box_h = 24, .ofs_x = 2, .ofs_y = 0},
    {.bitmap_index = 9784, .adv_w = 326, .box_w = 16, .box_h = 24, .ofs_x = 2, .ofs_y = 0},
    {.bitmap_index = 9976, .adv_w = 326, .box_w = 12, .box_h = 29, .ofs_x = 5, .ofs_y = -3},
    {.bitmap_index = 10150, .adv_w = 326, .box_w = 16, .box_h = 30, .ofs_x = 2, .ofs_y = -3},
    {.bitmap_index = 10390, .adv_w = 326, .box_w = 12, .box_h = 29, .ofs_x = 4, .ofs_y = -3},
    {.bitmap_index = 10564, .adv_w = 326, .box_w = 18, .box_h = 14, .ofs_x = 1, .ofs_y = 13},
    {.bitmap_index = 10690, .adv_w = 326, .box_w = 16, .box_h = 3, .ofs_x = 2, .ofs_y = -3},
    {.bitmap_index = 10714, .adv_w = 326, .box_w = 11, .box_h = 14, .ofs_x = 3, .ofs_y = 16},
    {.bitmap_index = 10791, .adv_w = 326, .box_w = 16, .box_h = 18, .ofs_x = 2, .ofs_y = 0},
    {.bitmap_index = 10935, .adv_w = 326, .box_w = 16, .box_h = 25, .ofs_x = 2, .ofs_y = 0},
    {.bitmap_index = 11135, .adv_w = 326, .box_w = 16, .box_h = 18, .ofs_x = 2, .ofs_y = 0},
    {.bitmap_index = 11279, .adv_w = 326, .box_w = 16, .box_h = 25, .ofs_x = 2, .ofs_y = 0},
    {.bitmap_index = 11479, .adv_w = 326, .box_w = 16, .box_h = 18, .ofs_x = 2, .ofs_y = 0},
    {.bitmap_index = 11623, .adv_w = 326, .box_w = 17, .box_h = 25, .ofs_x = 2, .ofs_y = 0},
    {.bitmap_index = 11836, .adv_w = 326, .box_w = 16, .box_h = 25, .ofs_x = 2, .ofs_y = -7},
    {.bitmap_index = 12036, .adv_w = 326, .box_w = 16, .box_h = 25, .ofs_x = 2, .ofs_y = 0},
    {.bitmap_index = 12236, .adv_w = 326, .box_w = 15, .box_h = 25, .ofs_x = 3, .ofs_y = 0},
    {.bitmap_index = 12424, .adv_w = 326, .box_w = 12, .box_h = 32, .ofs_x = 3, .ofs_y = -7},
    {.bitmap_index = 12616, .adv_w = 326, .box_w = 16, .box_h = 25, .ofs_x = 3, .ofs_y = 0},
    {.bitmap_index = 12816, .adv_w = 326, .box_w = 15, .box_h = 25, .ofs_x = 3, .ofs_y = 0},
    {.bitmap_index = 13004, .adv_w = 326, .box_w = 17, .box_h = 18, .ofs_x = 2, .ofs_y = 0},
    {.bitmap_index = 13157, .adv_w = 326, .box_w = 16, .box_h = 18, .ofs_x = 2, .ofs_y = 0},
    {.bitmap_index = 13301, .adv_w = 326, .box_w = 16, .box_h = 18, .ofs_x = 2, .ofs_y = 0},
    {.bitmap_index = 13445, .adv_w = 326, .box_w = 16, .box_h = 25, .ofs_x = 2, .ofs_y = -7},
    {.bitmap_index = 13645, .adv_w = 326, .box_w = 16, .box_h = 25, .ofs_x = 2, .ofs_y = -7},
    {.bitmap_index = 13845, .adv_w = 326, .box_w = 13, .box_h = 18, .ofs_x = 5, .ofs_y = 0},
    {.bitmap_index = 13962, .adv_w = 326, .box_w = 16, .box_h = 18, .ofs_x = 2, .ofs_y = 0},
    {.bitmap_index = 14106, .adv_w = 326, .box_w = 18, .box_h = 23, .ofs_x = 1, .ofs_y = 0},
    {.bitmap_index = 14313, .adv_w = 326, .box_w = 16, .box_h = 18, .ofs_x = 2, .ofs_y = 0},
    {.bitmap_index = 14457, .adv_w = 326, .box_w = 18, .box_h = 18, .ofs_x = 1, .ofs_y = 0},
    {.bitmap_index = 14619, .adv_w = 326, .box_w = 18, .box_h = 18, .ofs_x = 1, .ofs_y = 0},
    {.bitmap_index = 14781, .adv_w = 326, .box_w = 16, .box_h = 18, .ofs_x = 2, .ofs_y = 0},
    {.bitmap_index = 14925, .adv_w = 326, .box_w = 17, .box_h = 25, .ofs_x = 2, .ofs_y = -7},
    {.bitmap_index = 15138, .adv_w = 326, .box_w = 16, .box_h = 18, .ofs_x = 2, .ofs_y = 0},
    {.bitmap_index = 15282, .adv_w = 326, .box_w = 14, .box_h = 30, .ofs_x = 3, .ofs_y = -3},
    {.bitmap_index = 15492, .adv_w = 326, .box_w = 4, .box_h = 30, .ofs_x = 8, .ofs_y = -3},
    {.bitmap_index = 15552, .adv_w = 326, .box_w = 13, .box_h = 30, .ofs_x = 4, .ofs_y = -3},
    {.bitmap_index = 15747, .adv_w = 326, .box_w = 18, .box_h = 11, .ofs_x = 1, .ofs_y = 5},
    {.bitmap_index = 15846, .adv_w = 326, .box_w = 6, .box_h = 5, .ofs_x = 7, .ofs_y = 9},
    {.bitmap_index = 15861, .adv_w = 326, .box_w = 13, .box_h = 13, .ofs_x = 4, .ofs_y = 5},
    {.bitmap_index = 15946, .adv_w = 653, .box_w = 33, .box_h = 5, .ofs_x = 4, .ofs_y = 0}
};

/*---------------------
 *  CHARACTER MAPPING
 *--------------------*/

static const uint16_t unicode_list_1[] = {
    0x0, 0x1f6b, 0x1f6f
};

/*Collect the unicode lists and glyph_id offsets*/
static const lv_font_fmt_txt_cmap_t cmaps[] =
{
    {
        .range_start = 32, .range_length = 95, .glyph_id_start = 1,
        .unicode_list = NULL, .glyph_id_ofs_list = NULL, .list_length = 0, .type = LV_FONT_FMT_TXT_CMAP_FORMAT0_TINY
    },
    {
        .range_start = 183, .range_length = 8048, .glyph_id_start = 96,
        .unicode_list = unicode_list_1, .glyph_id_ofs_list = NULL, .list_length = 3, .type = LV_FONT_FMT_TXT_CMAP_SPARSE_TINY
    }
};



/*--------------------
 *  ALL CUSTOM DATA
 *--------------------*/

#if LVGL_VERSION_MAJOR == 8
/*Store all the custom data of the font*/
static  lv_font_fmt_txt_glyph_cache_t cache;
#endif

#if LVGL_VERSION_MAJOR >= 8
static const lv_font_fmt_txt_dsc_t font_dsc = {
#else
static lv_font_fmt_txt_dsc_t font_dsc = {
#endif
    .glyph_bitmap = glyph_bitmap,
    .glyph_dsc = glyph_dsc,
    .cmaps = cmaps,
    .kern_dsc = NULL,
    .kern_scale = 0,
    .cmap_num = 2,
    .bpp = 4,
    .kern_classes = 0,
    .bitmap_format = 0,
#if LVGL_VERSION_MAJOR == 8
    .cache = &cache
#endif
};



/*-----------------
 *  PUBLIC FONT
 *----------------*/

/*Initialize a public general font descriptor*/
#if LVGL_VERSION_MAJOR >= 8
const lv_font_t font_kiss_mono34 = {
#else
lv_font_t font_kiss_mono34 = {
#endif
    .get_glyph_dsc = lv_font_get_glyph_dsc_fmt_txt,    /*Function pointer to get glyph's data*/
    .get_glyph_bitmap = lv_font_get_bitmap_fmt_txt,    /*Function pointer to get glyph's bitmap*/
    .line_height = 38,          /*The maximum line height required by the font*/
    .base_line = 8,             /*Baseline measured from the bottom of the line*/
#if !(LVGL_VERSION_MAJOR == 6 && LVGL_VERSION_MINOR == 0)
    .subpx = LV_FONT_SUBPX_NONE,
#endif
#if LV_VERSION_CHECK(7, 4, 0) || LVGL_VERSION_MAJOR >= 8
    .underline_position = -2,
    .underline_thickness = 2,
#endif
    .dsc = &font_dsc,          /*The custom font data. Will be accessed by `get_glyph_bitmap/dsc` */
#if LV_VERSION_CHECK(8, 2, 0) || LVGL_VERSION_MAJOR >= 9
    .fallback = NULL,
#endif
    .user_data = NULL,
};



#endif /*#if FONT_KISS_MONO34*/
