/*******************************************************************************
 * Size: 14 px
 * Bpp: 4
 * Opts: --no-compress --no-prefilter --bpp 4 --format lvgl --force-fast-kern-format --size 14 --font ../../managed_components/lvgl__lvgl/scripts/built_in_font/Montserrat-Medium.ttf --autohint-strong -r 0x20-0x7E,0xA0-0xFF,0x100-0x17F,0x1A0-0x1B0,0x1EA0-0x1EF9,0x400-0x45F,0x490-0x491,0x2018-0x201D,0x2022,0x2026 --font ../../managed_components/lvgl__lvgl/scripts/built_in_font/FontAwesome5-Solid+Brands+Regular.woff -r 61441,61448,61451,61452,61453,61457,61459,61461,61465,61468,61473,61475,61478,61479,61480,61481,61488,61498,61502,61507,61512,61515,61516,61517,61521,61522,61523,61524,61536,61537,61541,61543,61544,61550,61552,61553,61556,61559,61560,61561,61563,61572,61587,61612,61633,61636,61637,61639,61641,61664,61671,61674,61683,61704,61724,61732,61736,61787,61931,61979,62016,62017,62018,62019,62020,62087,62099,62189,62212,62413,62445,62810,62835,63426,63650 --lv-fallback font_kiss_ja14 -o ../../main/fonts_ws35/font_kiss_lat14.c
 ******************************************************************************/

#ifdef LV_LVGL_H_INCLUDE_SIMPLE
#include "lvgl.h"
#else
#include "lvgl/lvgl.h"
#endif

#ifndef FONT_KISS_LAT14
#define FONT_KISS_LAT14 1
#endif

#if FONT_KISS_LAT14

/*-----------------
 *    BITMAPS
 *----------------*/

/*Store the image of the glyphs*/
static LV_ATTRIBUTE_LARGE_CONST const uint8_t glyph_bitmap[] = {
    /* U+0020 " " */

    /* U+0021 "!" */
    0x4f, 0x14, 0xf1, 0x4f, 0x14, 0xf1, 0x4f, 0x14,
    0xf1, 0x4f, 0x10, 0x0, 0x1c, 0x1, 0xd0,

    /* U+0022 "\"" */
    0x4f, 0x5f, 0x14, 0xf5, 0xf1, 0x4f, 0x5f, 0x14,
    0xf5, 0xf1,

    /* U+0023 "#" */
    0x0, 0x7a, 0x0, 0x79, 0x0, 0x9, 0x70, 0xa,
    0x70, 0xff, 0xff, 0xff, 0xff, 0xf4, 0x4e, 0x64,
    0x4e, 0x64, 0x0, 0xf1, 0x0, 0xf0, 0x0, 0x3e,
    0x0, 0x3e, 0x0, 0xff, 0xff, 0xff, 0xff, 0xf3,
    0x8b, 0x33, 0x8b, 0x33, 0x8, 0x90, 0x8, 0x90,
    0x0, 0xa7, 0x0, 0xa7, 0x0,

    /* U+0024 "$" */
    0x0, 0x2, 0x80, 0x0, 0x0, 0x0, 0x4f, 0x10,
    0x0, 0x0, 0x4, 0xf1, 0x0, 0x0, 0x2b, 0xff,
    0xeb, 0x30, 0xd, 0xc7, 0xf6, 0x96, 0x3, 0xf2,
    0x4f, 0x10, 0x0, 0x2f, 0x64, 0xf1, 0x0, 0x0,
    0x8f, 0xef, 0x71, 0x0, 0x0, 0x29, 0xfe, 0xf5,
    0x0, 0x0, 0x4f, 0x1a, 0xe0, 0x1, 0x4, 0xf1,
    0x5f, 0x5, 0xe7, 0x7f, 0x6d, 0xb0, 0x7, 0xdf,
    0xfe, 0xa1, 0x0, 0x0, 0x4f, 0x10, 0x0, 0x0,
    0x2, 0x80, 0x0, 0x0,

    /* U+0025 "%" */
    0x6, 0xee, 0x40, 0x0, 0x3c, 0x0, 0x1, 0xf8,
    0xae, 0x0, 0xc, 0x20, 0x0, 0x3f, 0x24, 0xf0,
    0x8, 0x60, 0x0, 0x1, 0xf4, 0x7d, 0x3, 0xa0,
    0x0, 0x0, 0x5, 0xdc, 0x30, 0xb3, 0xbd, 0xa1,
    0x0, 0x0, 0x0, 0x84, 0xd7, 0xa, 0xa0, 0x0,
    0x0, 0x38, 0x2f, 0x10, 0x4f, 0x0, 0x0, 0xa,
    0x3, 0xf2, 0x5, 0xf0, 0x0, 0x8, 0x20, 0xe,
    0xb4, 0xdb, 0x0, 0x3, 0x60, 0x0, 0x3c, 0xfb,
    0x10,

    /* U+0026 "&" */
    0x0, 0x5d, 0xfd, 0x40, 0x0, 0x1, 0xf9, 0x4b,
    0xe0, 0x0, 0x3, 0xf2, 0x5, 0xf0, 0x0, 0x0,
    0xda, 0x4e, 0x60, 0x0, 0x0, 0x4f, 0xf4, 0x0,
    0x0, 0x5, 0xe7, 0xda, 0x1, 0x80, 0x1f, 0x50,
    0x1c, 0xc7, 0xd0, 0x3f, 0x20, 0x0, 0xcf, 0x60,
    0xe, 0xd5, 0x47, 0xfd, 0xd1, 0x2, 0xbe, 0xfc,
    0x60, 0xa3, 0x0, 0x0, 0x0, 0x0, 0x0,

    /* U+0027 "'" */
    0x4f, 0x14, 0xf1, 0x4f, 0x14, 0xf1,

    /* U+0028 "(" */
    0x0, 0xc7, 0x4, 0xf1, 0x9, 0xb0, 0xd, 0x70,
    0xf, 0x40, 0x2f, 0x20, 0x3f, 0x10, 0x3f, 0x10,
    0x2f, 0x20, 0xf, 0x40, 0xd, 0x70, 0x9, 0xb0,
    0x4, 0xf1, 0x0, 0xc7,

    /* U+0029 ")" */
    0xa9, 0x0, 0x3f, 0x10, 0xe, 0x60, 0xa, 0xb0,
    0x7, 0xe0, 0x5, 0xf0, 0x4, 0xf1, 0x4, 0xf1,
    0x5, 0xf0, 0x7, 0xe0, 0xa, 0xb0, 0xe, 0x60,
    0x3f, 0x10, 0xa9, 0x0,

    /* U+002A "*" */
    0x0, 0x4f, 0x10, 0x2, 0xa5, 0xf3, 0xb0, 0x7,
    0xff, 0xe6, 0x0, 0x7f, 0xfe, 0x60, 0x2a, 0x5f,
    0x3b, 0x0, 0x4, 0xf1, 0x0,

    /* U+002B "+" */
    0x0, 0x4f, 0x10, 0x0, 0x4f, 0x10, 0x0, 0x4f,
    0x10, 0xff, 0xff, 0xff, 0x33, 0x6f, 0x43, 0x0,
    0x4f, 0x10, 0x0, 0x4f, 0x10,

    /* U+002C "," */
    0x2e, 0x1, 0xf0, 0xb, 0x2, 0x80,

    /* U+002D "-" */
    0x0, 0x0, 0xff, 0xff, 0x33, 0x33,

    /* U+002E "." */
    0x0, 0x2, 0xe0, 0x1d, 0x0,

    /* U+002F "/" */
    0x0, 0x0, 0xe, 0x40, 0x0, 0x4, 0xe0, 0x0,
    0x0, 0x9a, 0x0, 0x0, 0xe, 0x40, 0x0, 0x4,
    0xf0, 0x0, 0x0, 0x9a, 0x0, 0x0, 0xe, 0x40,
    0x0, 0x3, 0xf0, 0x0, 0x0, 0x9a, 0x0, 0x0,
    0xe, 0x50, 0x0, 0x3, 0xf0, 0x0, 0x0, 0x9a,
    0x0, 0x0, 0xe, 0x50, 0x0, 0x3, 0xf0, 0x0,
    0x0,

    /* U+0030 "0" */
    0x0, 0x3b, 0xfe, 0xa1, 0x0, 0x3, 0xfb, 0x56,
    0xce, 0x10, 0xc, 0xb0, 0x0, 0xe, 0x90, 0x1f,
    0x40, 0x0, 0x7, 0xe0, 0x3f, 0x20, 0x0, 0x5,
    0xf0, 0x3f, 0x20, 0x0, 0x5, 0xf0, 0x1f, 0x40,
    0x0, 0x7, 0xe0, 0xc, 0xb0, 0x0, 0xd, 0x90,
    0x3, 0xfb, 0x55, 0xce, 0x10, 0x0, 0x3b, 0xfe,
    0xa1, 0x0,

    /* U+0031 "1" */
    0x7f, 0xff, 0x11, 0x47, 0xf1, 0x0, 0x4f, 0x10,
    0x4, 0xf1, 0x0, 0x4f, 0x10, 0x4, 0xf1, 0x0,
    0x4f, 0x10, 0x4, 0xf1, 0x0, 0x4f, 0x10, 0x4,
    0xf1,

    /* U+0032 "2" */
    0x3, 0xae, 0xfd, 0x80, 0x1, 0xfb, 0x54, 0x6e,
    0xb0, 0x1, 0x0, 0x0, 0x5f, 0x0, 0x0, 0x0,
    0x6, 0xf0, 0x0, 0x0, 0x1, 0xe8, 0x0, 0x0,
    0x2, 0xdb, 0x0, 0x0, 0x3, 0xea, 0x0, 0x0,
    0x5, 0xf9, 0x0, 0x0, 0x6, 0xfb, 0x44, 0x44,
    0x0, 0xff, 0xff, 0xff, 0xf1,

    /* U+0033 "3" */
    0xf, 0xff, 0xff, 0xf0, 0x0, 0x44, 0x44, 0x8b,
    0x0, 0x0, 0x0, 0x2e, 0x20, 0x0, 0x0, 0x1d,
    0x70, 0x0, 0x0, 0x9, 0xfc, 0x60, 0x0, 0x0,
    0x25, 0x7f, 0x90, 0x0, 0x0, 0x0, 0x6f, 0x0,
    0x10, 0x0, 0x6, 0xf0, 0x3f, 0x95, 0x47, 0xe9,
    0x0, 0x6c, 0xff, 0xd7, 0x0,

    /* U+0034 "4" */
    0x0, 0x0, 0x3f, 0x60, 0x0, 0x0, 0x1e, 0x80,
    0x0, 0x0, 0xc, 0xb0, 0x0, 0x0, 0xb, 0xd0,
    0x1, 0x0, 0x9, 0xe1, 0x4, 0xf1, 0x6, 0xf4,
    0x0, 0x4f, 0x10, 0xff, 0xff, 0xff, 0xff, 0xf3,
    0x33, 0x33, 0x7f, 0x43, 0x0, 0x0, 0x4, 0xf1,
    0x0, 0x0, 0x0, 0x4f, 0x10,

    /* U+0035 "5" */
    0x0, 0xff, 0xff, 0xf9, 0x0, 0x1f, 0x64, 0x44,
    0x20, 0x2, 0xf1, 0x0, 0x0, 0x0, 0x4f, 0x0,
    0x0, 0x0, 0x6, 0xff, 0xfe, 0x90, 0x0, 0x13,
    0x34, 0x7e, 0xa0, 0x0, 0x0, 0x0, 0x6f, 0x0,
    0x10, 0x0, 0x6, 0xf0, 0xe, 0xa5, 0x47, 0xe9,
    0x0, 0x4b, 0xef, 0xd8, 0x0,

    /* U+0036 "6" */
    0x0, 0x2a, 0xef, 0xc4, 0x0, 0x2f, 0xc6, 0x47,
    0x20, 0xb, 0xc0, 0x0, 0x0, 0x1, 0xf5, 0x0,
    0x0, 0x0, 0x3f, 0x5c, 0xff, 0x90, 0x3, 0xfe,
    0x84, 0x6e, 0xa0, 0x2f, 0x80, 0x0, 0x6f, 0x0,
    0xe8, 0x0, 0x6, 0xf0, 0x5, 0xf8, 0x46, 0xe9,
    0x0, 0x5, 0xdf, 0xe8, 0x0,

    /* U+0037 "7" */
    0x4f, 0xff, 0xff, 0xff, 0x34, 0xf5, 0x44, 0x4a,
    0xf0, 0x4f, 0x10, 0x0, 0xe8, 0x0, 0x0, 0x0,
    0x5f, 0x20, 0x0, 0x0, 0xd, 0xa0, 0x0, 0x0,
    0x4, 0xf3, 0x0, 0x0, 0x0, 0xbc, 0x0, 0x0,
    0x0, 0x2f, 0x50, 0x0, 0x0, 0x9, 0xd0, 0x0,
    0x0, 0x1, 0xf7, 0x0, 0x0,

    /* U+0038 "8" */
    0x2, 0xae, 0xfe, 0x91, 0x0, 0xec, 0x54, 0x6e,
    0xc0, 0x3f, 0x20, 0x0, 0x5f, 0x1, 0xf9, 0x20,
    0x2b, 0xd0, 0x4, 0xff, 0xff, 0xf2, 0x0, 0xdd,
    0x54, 0x6e, 0xa0, 0x3f, 0x30, 0x0, 0x6f, 0x3,
    0xf3, 0x0, 0x6, 0xf0, 0xd, 0xd6, 0x47, 0xfa,
    0x0, 0x19, 0xef, 0xd8, 0x0,

    /* U+0039 "9" */
    0x1, 0x9e, 0xfc, 0x30, 0x0, 0xcd, 0x55, 0xaf,
    0x30, 0x2f, 0x30, 0x0, 0xbb, 0x3, 0xf2, 0x0,
    0xa, 0xf0, 0xe, 0xb2, 0x16, 0xff, 0x0, 0x3e,
    0xff, 0xd8, 0xf0, 0x0, 0x2, 0x20, 0x7e, 0x0,
    0x0, 0x0, 0xe, 0x80, 0x4, 0x64, 0x6d, 0xd0,
    0x0, 0x6d, 0xfe, 0x91, 0x0,

    /* U+003A ":" */
    0x1d, 0x2, 0xe0, 0x0, 0x0, 0x0, 0x0, 0x0,
    0x0, 0x2e, 0x1, 0xd0,

    /* U+003B ";" */
    0x1d, 0x2, 0xe0, 0x0, 0x0, 0x0, 0x0, 0x0,
    0x0, 0x2e, 0x1, 0xf0, 0xb, 0x1, 0x80,

    /* U+003C "<" */
    0x0, 0x0, 0x2, 0x30, 0x0, 0x4b, 0xf6, 0x17,
    0xee, 0x81, 0xf, 0xd4, 0x0, 0x0, 0x9f, 0xc6,
    0x0, 0x0, 0x6, 0xdf, 0x92, 0x0, 0x0, 0x3a,
    0x70, 0x0, 0x0, 0x0,

    /* U+003D "=" */
    0xff, 0xff, 0xff, 0x44, 0x44, 0x44, 0x0, 0x0,
    0x0, 0x0, 0x0, 0x0, 0xff, 0xff, 0xff, 0x33,
    0x33, 0x33,

    /* U+003E ">" */
    0x50, 0x0, 0x0, 0xe, 0xe8, 0x10, 0x0, 0x5,
    0xbf, 0xb4, 0x0, 0x0, 0x18, 0xf7, 0x0, 0x29,
    0xed, 0x46, 0xcf, 0xa3, 0x0, 0xd7, 0x10, 0x0,
    0x0, 0x0, 0x0, 0x0,

    /* U+003F "?" */
    0x2, 0xae, 0xfe, 0x91, 0x1, 0xeb, 0x54, 0x6e,
    0xc0, 0x2, 0x0, 0x0, 0x5f, 0x0, 0x0, 0x0,
    0x9, 0xc0, 0x0, 0x0, 0xa, 0xc1, 0x0, 0x0,
    0xc, 0xb0, 0x0, 0x0, 0x2, 0xb1, 0x0, 0x0,
    0x0, 0x0, 0x0, 0x0, 0x0, 0x1, 0xc0, 0x0,
    0x0, 0x0, 0x2d, 0x0, 0x0,

    /* U+0040 "@" */
    0x0, 0x0, 0x6b, 0xef, 0xeb, 0x50, 0x0, 0x0,
    0x2, 0xcf, 0x95, 0x45, 0xaf, 0xc1, 0x0, 0x1,
    0xdc, 0x18, 0xef, 0xa6, 0xfe, 0xd0, 0x0, 0x9e,
    0x18, 0xf7, 0x49, 0xff, 0x3f, 0x70, 0xe, 0x70,
    0xf7, 0x0, 0xa, 0xf1, 0x9d, 0x2, 0xf3, 0x3f,
    0x20, 0x0, 0x5f, 0x15, 0xf0, 0x3f, 0x13, 0xf2,
    0x0, 0x5, 0xf1, 0x4f, 0x2, 0xf3, 0xf, 0x60,
    0x0, 0x9f, 0x16, 0xe0, 0xe, 0x70, 0x8f, 0x62,
    0x7e, 0xf5, 0xc9, 0x0, 0x8e, 0x10, 0x8e, 0xfb,
    0x1a, 0xfc, 0x10, 0x0, 0xdc, 0x10, 0x0, 0x0,
    0x0, 0x0, 0x0, 0x2, 0xdf, 0x95, 0x45, 0x93,
    0x0, 0x0, 0x0, 0x0, 0x6b, 0xef, 0xd9, 0x10,
    0x0, 0x0,

    /* U+0041 "A" */
    0x0, 0x0, 0xc, 0xf1, 0x0, 0x0, 0x0, 0x0,
    0x3f, 0xd7, 0x0, 0x0, 0x0, 0x0, 0xb9, 0x6e,
    0x0, 0x0, 0x0, 0x2, 0xf2, 0xe, 0x50, 0x0,
    0x0, 0x9, 0xa0, 0x7, 0xd0, 0x0, 0x0, 0x1f,
    0x30, 0x0, 0xf4, 0x0, 0x0, 0x7f, 0xff, 0xff,
    0xfb, 0x0, 0x0, 0xe7, 0x33, 0x33, 0x4f, 0x20,
    0x5, 0xf0, 0x0, 0x0, 0xc, 0x90, 0xc, 0x90,
    0x0, 0x0, 0x6, 0xf1,

    /* U+0042 "B" */
    0x4f, 0xff, 0xff, 0xe9, 0x10, 0x4f, 0x54, 0x44,
    0x6e, 0xc0, 0x4f, 0x10, 0x0, 0x5, 0xf0, 0x4f,
    0x10, 0x0, 0x3b, 0xc0, 0x4f, 0xff, 0xff, 0xff,
    0x20, 0x4f, 0x43, 0x33, 0x6e, 0xb0, 0x4f, 0x10,
    0x0, 0x6, 0xf0, 0x4f, 0x10, 0x0, 0x6, 0xf0,
    0x4f, 0x54, 0x44, 0x6e, 0xa0, 0x4f, 0xff, 0xff,
    0xd8, 0x0,

    /* U+0043 "C" */
    0x0, 0x6, 0xcf, 0xfc, 0x50, 0x0, 0xcf, 0x84,
    0x49, 0xf5, 0x9, 0xe2, 0x0, 0x0, 0x20, 0xf,
    0x60, 0x0, 0x0, 0x0, 0x3f, 0x20, 0x0, 0x0,
    0x0, 0x3f, 0x20, 0x0, 0x0, 0x0, 0xf, 0x60,
    0x0, 0x0, 0x0, 0x9, 0xe2, 0x0, 0x0, 0x20,
    0x0, 0xcf, 0x84, 0x49, 0xf5, 0x0, 0x7, 0xcf,
    0xfc, 0x50,

    /* U+0044 "D" */
    0x4f, 0xff, 0xfe, 0xc5, 0x0, 0x4, 0xf5, 0x44,
    0x59, 0xfa, 0x0, 0x4f, 0x10, 0x0, 0x3, 0xf6,
    0x4, 0xf1, 0x0, 0x0, 0x9, 0xd0, 0x4f, 0x10,
    0x0, 0x0, 0x5f, 0x4, 0xf1, 0x0, 0x0, 0x5,
    0xf0, 0x4f, 0x10, 0x0, 0x0, 0x9d, 0x4, 0xf1,
    0x0, 0x0, 0x3f, 0x60, 0x4f, 0x54, 0x45, 0x9f,
    0xa0, 0x4, 0xff, 0xff, 0xec, 0x50, 0x0,

    /* U+0045 "E" */
    0x4f, 0xff, 0xff, 0xf9, 0x4f, 0x54, 0x44, 0x42,
    0x4f, 0x10, 0x0, 0x0, 0x4f, 0x10, 0x0, 0x0,
    0x4f, 0xff, 0xff, 0xf0, 0x4f, 0x43, 0x33, 0x30,
    0x4f, 0x10, 0x0, 0x0, 0x4f, 0x10, 0x0, 0x0,
    0x4f, 0x54, 0x44, 0x43, 0x4f, 0xff, 0xff, 0xfc,

    /* U+0046 "F" */
    0x4f, 0xff, 0xff, 0xf9, 0x4f, 0x54, 0x44, 0x42,
    0x4f, 0x10, 0x0, 0x0, 0x4f, 0x10, 0x0, 0x0,
    0x4f, 0x10, 0x0, 0x0, 0x4f, 0xff, 0xff, 0xf0,
    0x4f, 0x43, 0x33, 0x30, 0x4f, 0x10, 0x0, 0x0,
    0x4f, 0x10, 0x0, 0x0, 0x4f, 0x10, 0x0, 0x0,

    /* U+0047 "G" */
    0x0, 0x5, 0xbe, 0xfd, 0x81, 0x0, 0xb, 0xf9,
    0x54, 0x6d, 0xd0, 0x8, 0xf3, 0x0, 0x0, 0x2,
    0x0, 0xf7, 0x0, 0x0, 0x0, 0x0, 0x3f, 0x20,
    0x0, 0x0, 0x0, 0x3, 0xf2, 0x0, 0x0, 0x4,
    0xf1, 0xf, 0x60, 0x0, 0x0, 0x4f, 0x10, 0x8f,
    0x30, 0x0, 0x4, 0xf1, 0x0, 0xbf, 0x95, 0x46,
    0xcf, 0x0, 0x0, 0x5c, 0xef, 0xd9, 0x20,

    /* U+0048 "H" */
    0x4f, 0x10, 0x0, 0x4, 0xf1, 0x4f, 0x10, 0x0,
    0x4, 0xf1, 0x4f, 0x10, 0x0, 0x4, 0xf1, 0x4f,
    0x10, 0x0, 0x4, 0xf1, 0x4f, 0xff, 0xff, 0xff,
    0xf1, 0x4f, 0x43, 0x33, 0x36, 0xf1, 0x4f, 0x10,
    0x0, 0x4, 0xf1, 0x4f, 0x10, 0x0, 0x4, 0xf1,
    0x4f, 0x10, 0x0, 0x4, 0xf1, 0x4f, 0x10, 0x0,
    0x4, 0xf1,

    /* U+0049 "I" */
    0x4f, 0x14, 0xf1, 0x4f, 0x14, 0xf1, 0x4f, 0x14,
    0xf1, 0x4f, 0x14, 0xf1, 0x4f, 0x14, 0xf1,

    /* U+004A "J" */
    0xc, 0xff, 0xff, 0x10, 0x34, 0x47, 0xf1, 0x0,
    0x0, 0x4f, 0x10, 0x0, 0x4, 0xf1, 0x0, 0x0,
    0x4f, 0x10, 0x0, 0x4, 0xf1, 0x0, 0x0, 0x4f,
    0x11, 0x10, 0x6, 0xf0, 0x9d, 0x55, 0xdb, 0x1,
    0xae, 0xea, 0x10,

    /* U+004B "K" */
    0x4f, 0x10, 0x0, 0x2e, 0x80, 0x4f, 0x10, 0x2,
    0xe9, 0x0, 0x4f, 0x10, 0x1d, 0xa0, 0x0, 0x4f,
    0x11, 0xdb, 0x0, 0x0, 0x4f, 0x2d, 0xf1, 0x0,
    0x0, 0x4f, 0xdd, 0xf9, 0x0, 0x0, 0x4f, 0xd1,
    0x4f, 0x60, 0x0, 0x4f, 0x20, 0x7, 0xf4, 0x0,
    0x4f, 0x10, 0x0, 0x9e, 0x20, 0x4f, 0x10, 0x0,
    0xc, 0xd0,

    /* U+004C "L" */
    0x4f, 0x10, 0x0, 0x0, 0x4f, 0x10, 0x0, 0x0,
    0x4f, 0x10, 0x0, 0x0, 0x4f, 0x10, 0x0, 0x0,
    0x4f, 0x10, 0x0, 0x0, 0x4f, 0x10, 0x0, 0x0,
    0x4f, 0x10, 0x0, 0x0, 0x4f, 0x10, 0x0, 0x0,
    0x4f, 0x54, 0x44, 0x41, 0x4f, 0xff, 0xff, 0xf6,

    /* U+004D "M" */
    0x4f, 0x30, 0x0, 0x0, 0x5, 0xf1, 0x4f, 0xc0,
    0x0, 0x0, 0xe, 0xf1, 0x4f, 0xf5, 0x0, 0x0,
    0x7f, 0xf1, 0x4f, 0x9d, 0x0, 0x1, 0xf8, 0xf1,
    0x4f, 0x2d, 0x70, 0xa, 0xb4, 0xf1, 0x4f, 0x15,
    0xf1, 0x3f, 0x24, 0xf1, 0x4f, 0x10, 0xba, 0xc8,
    0x4, 0xf1, 0x4f, 0x10, 0x2f, 0xe0, 0x4, 0xf1,
    0x4f, 0x10, 0x8, 0x50, 0x4, 0xf1, 0x4f, 0x10,
    0x0, 0x0, 0x4, 0xf1,

    /* U+004E "N" */
    0x4f, 0x40, 0x0, 0x4, 0xf1, 0x4f, 0xe1, 0x0,
    0x4, 0xf1, 0x4f, 0xec, 0x0, 0x4, 0xf1, 0x4f,
    0x4f, 0x90, 0x4, 0xf1, 0x4f, 0x15, 0xf6, 0x4,
    0xf1, 0x4f, 0x10, 0x9f, 0x34, 0xf1, 0x4f, 0x10,
    0xc, 0xe5, 0xf1, 0x4f, 0x10, 0x1, 0xee, 0xf1,
    0x4f, 0x10, 0x0, 0x3f, 0xf1, 0x4f, 0x10, 0x0,
    0x6, 0xf1,

    /* U+004F "O" */
    0x0, 0x6, 0xcf, 0xeb, 0x50, 0x0, 0x0, 0xcf,
    0x84, 0x59, 0xf9, 0x0, 0x9, 0xe2, 0x0, 0x0,
    0x4f, 0x60, 0xf, 0x60, 0x0, 0x0, 0x9, 0xd0,
    0x3f, 0x20, 0x0, 0x0, 0x5, 0xf0, 0x3f, 0x20,
    0x0, 0x0, 0x5, 0xf0, 0xf, 0x60, 0x0, 0x0,
    0x9, 0xd0, 0x9, 0xe2, 0x0, 0x0, 0x4f, 0x60,
    0x0, 0xcf, 0x84, 0x59, 0xfa, 0x0, 0x0, 0x7,
    0xcf, 0xec, 0x50, 0x0,

    /* U+0050 "P" */
    0x4f, 0xff, 0xfe, 0xb4, 0x0, 0x4f, 0x54, 0x45,
    0xaf, 0x60, 0x4f, 0x10, 0x0, 0x9, 0xe0, 0x4f,
    0x10, 0x0, 0x5, 0xf0, 0x4f, 0x10, 0x0, 0x7,
    0xf0, 0x4f, 0x10, 0x1, 0x6f, 0x80, 0x4f, 0xff,
    0xff, 0xe7, 0x0, 0x4f, 0x43, 0x31, 0x0, 0x0,
    0x4f, 0x10, 0x0, 0x0, 0x0, 0x4f, 0x10, 0x0,
    0x0, 0x0,

    /* U+0051 "Q" */
    0x0, 0x6, 0xcf, 0xeb, 0x50, 0x0, 0x0, 0xcf,
    0x84, 0x59, 0xf9, 0x0, 0x9, 0xe2, 0x0, 0x0,
    0x4f, 0x60, 0xf, 0x60, 0x0, 0x0, 0x9, 0xd0,
    0x3f, 0x20, 0x0, 0x0, 0x5, 0xf0, 0x3f, 0x20,
    0x0, 0x0, 0x5, 0xf0, 0x1f, 0x60, 0x0, 0x0,
    0x9, 0xd0, 0xa, 0xe2, 0x0, 0x0, 0x4f, 0x60,
    0x1, 0xdf, 0x84, 0x59, 0xfa, 0x0, 0x0, 0x8,
    0xdf, 0xfd, 0x60, 0x0, 0x0, 0x0, 0x1, 0xdd,
    0x32, 0x94, 0x0, 0x0, 0x0, 0x1b, 0xff, 0xd2,
    0x0, 0x0, 0x0, 0x0, 0x22, 0x0,

    /* U+0052 "R" */
    0x4f, 0xff, 0xfe, 0xb4, 0x0, 0x4f, 0x54, 0x45,
    0xaf, 0x60, 0x4f, 0x10, 0x0, 0x9, 0xe0, 0x4f,
    0x10, 0x0, 0x5, 0xf0, 0x4f, 0x10, 0x0, 0x7,
    0xf0, 0x4f, 0x10, 0x1, 0x6f, 0x80, 0x4f, 0xff,
    0xff, 0xf8, 0x0, 0x4f, 0x43, 0x35, 0xf5, 0x0,
    0x4f, 0x10, 0x0, 0x7f, 0x20, 0x4f, 0x10, 0x0,
    0xa, 0xd0,

    /* U+0053 "S" */
    0x1, 0xae, 0xfd, 0xa2, 0x0, 0xdd, 0x64, 0x6b,
    0x70, 0x3f, 0x20, 0x0, 0x0, 0x2, 0xf7, 0x0,
    0x0, 0x0, 0x7, 0xfd, 0x94, 0x0, 0x0, 0x1,
    0x6a, 0xee, 0x40, 0x0, 0x0, 0x0, 0xae, 0x0,
    0x10, 0x0, 0x5, 0xf0, 0x5f, 0x95, 0x46, 0xeb,
    0x0, 0x5b, 0xef, 0xd8, 0x0,

    /* U+0054 "T" */
    0xff, 0xff, 0xff, 0xff, 0x44, 0x47, 0xf4, 0x44,
    0x0, 0x4, 0xf1, 0x0, 0x0, 0x4, 0xf1, 0x0,
    0x0, 0x4, 0xf1, 0x0, 0x0, 0x4, 0xf1, 0x0,
    0x0, 0x4, 0xf1, 0x0, 0x0, 0x4, 0xf1, 0x0,
    0x0, 0x4, 0xf1, 0x0, 0x0, 0x4, 0xf1, 0x0,

    /* U+0055 "U" */
    0x4f, 0x10, 0x0, 0x4, 0xf1, 0x4f, 0x10, 0x0,
    0x4, 0xf1, 0x4f, 0x10, 0x0, 0x4, 0xf1, 0x4f,
    0x10, 0x0, 0x4, 0xf1, 0x4f, 0x10, 0x0, 0x4,
    0xf1, 0x4f, 0x10, 0x0, 0x4, 0xf1, 0x3f, 0x30,
    0x0, 0x6, 0xf0, 0xf, 0x80, 0x0, 0xb, 0xc0,
    0x7, 0xf9, 0x55, 0xbf, 0x40, 0x0, 0x5c, 0xff,
    0xb4, 0x0,

    /* U+0056 "V" */
    0xc, 0xb0, 0x0, 0x0, 0xa, 0xc0, 0x5f, 0x20,
    0x0, 0x1, 0xf5, 0x0, 0xe9, 0x0, 0x0, 0x8e,
    0x0, 0x8, 0xf0, 0x0, 0xe, 0x70, 0x0, 0x1f,
    0x60, 0x5, 0xf1, 0x0, 0x0, 0xad, 0x0, 0xc9,
    0x0, 0x0, 0x3, 0xf4, 0x3f, 0x30, 0x0, 0x0,
    0xc, 0xba, 0xc0, 0x0, 0x0, 0x0, 0x5f, 0xf5,
    0x0, 0x0, 0x0, 0x0, 0xee, 0x0, 0x0,

    /* U+0057 "W" */
    0x6f, 0x10, 0x0, 0xd, 0xb0, 0x0, 0x2, 0xf2,
    0x1f, 0x60, 0x0, 0x3f, 0xf1, 0x0, 0x8, 0xd0,
    0xb, 0xb0, 0x0, 0x8b, 0xe6, 0x0, 0xd, 0x70,
    0x6, 0xf0, 0x0, 0xe6, 0x9b, 0x0, 0x2f, 0x20,
    0x1, 0xf5, 0x3, 0xf1, 0x4f, 0x10, 0x8d, 0x0,
    0x0, 0xca, 0x9, 0xb0, 0xe, 0x60, 0xd8, 0x0,
    0x0, 0x6f, 0xe, 0x60, 0x9, 0xb2, 0xf3, 0x0,
    0x0, 0x1f, 0x9f, 0x10, 0x4, 0xf9, 0xd0, 0x0,
    0x0, 0xc, 0xfb, 0x0, 0x0, 0xef, 0x80, 0x0,
    0x0, 0x7, 0xf6, 0x0, 0x0, 0x9f, 0x30, 0x0,

    /* U+0058 "X" */
    0x4f, 0x50, 0x0, 0xd, 0x90, 0x8, 0xf2, 0x0,
    0x9d, 0x0, 0x0, 0xcc, 0x4, 0xf3, 0x0, 0x0,
    0x2f, 0x9e, 0x70, 0x0, 0x0, 0x6, 0xfc, 0x0,
    0x0, 0x0, 0x9, 0xfe, 0x10, 0x0, 0x0, 0x4f,
    0x4d, 0xb0, 0x0, 0x1, 0xe8, 0x2, 0xf7, 0x0,
    0xb, 0xd0, 0x0, 0x7f, 0x20, 0x7f, 0x20, 0x0,
    0xb, 0xd0,

    /* U+0059 "Y" */
    0xd, 0x90, 0x0, 0x0, 0xba, 0x4, 0xf3, 0x0,
    0x4, 0xf2, 0x0, 0xac, 0x0, 0xd, 0x70, 0x0,
    0x1f, 0x60, 0x7d, 0x0, 0x0, 0x7, 0xe3, 0xf4,
    0x0, 0x0, 0x0, 0xdf, 0xb0, 0x0, 0x0, 0x0,
    0x5f, 0x20, 0x0, 0x0, 0x0, 0x4f, 0x10, 0x0,
    0x0, 0x0, 0x4f, 0x10, 0x0, 0x0, 0x0, 0x4f,
    0x10, 0x0,

    /* U+005A "Z" */
    0xff, 0xff, 0xff, 0xff, 0x44, 0x44, 0x47, 0xf9,
    0x0, 0x0, 0x1e, 0xc0, 0x0, 0x0, 0xbe, 0x10,
    0x0, 0x8, 0xf3, 0x0, 0x0, 0x4f, 0x60, 0x0,
    0x1, 0xe9, 0x0, 0x0, 0xc, 0xc0, 0x0, 0x0,
    0x9f, 0x54, 0x44, 0x44, 0xff, 0xff, 0xff, 0xff,

    /* U+005B "[" */
    0x4f, 0xfa, 0x4f, 0x52, 0x4f, 0x10, 0x4f, 0x10,
    0x4f, 0x10, 0x4f, 0x10, 0x4f, 0x10, 0x4f, 0x10,
    0x4f, 0x10, 0x4f, 0x10, 0x4f, 0x10, 0x4f, 0x10,
    0x4f, 0x52, 0x4f, 0xfa,

    /* U+005C "\\" */
    0x5d, 0x0, 0x0, 0x0, 0xf2, 0x0, 0x0, 0xb,
    0x80, 0x0, 0x0, 0x6d, 0x0, 0x0, 0x1, 0xf2,
    0x0, 0x0, 0xb, 0x80, 0x0, 0x0, 0x6d, 0x0,
    0x0, 0x1, 0xf2, 0x0, 0x0, 0xb, 0x70, 0x0,
    0x0, 0x6d, 0x0, 0x0, 0x1, 0xf2, 0x0, 0x0,
    0xb, 0x70, 0x0, 0x0, 0x6d, 0x0, 0x0, 0x1,
    0xf2,

    /* U+005D "]" */
    0xdf, 0xf1, 0x37, 0xf1, 0x4, 0xf1, 0x4, 0xf1,
    0x4, 0xf1, 0x4, 0xf1, 0x4, 0xf1, 0x4, 0xf1,
    0x4, 0xf1, 0x4, 0xf1, 0x4, 0xf1, 0x4, 0xf1,
    0x37, 0xf1, 0xdf, 0xf1,

    /* U+005E "^" */
    0x0, 0xad, 0x0, 0x0, 0x1e, 0xc4, 0x0, 0x8,
    0x85, 0xa0, 0x0, 0xe2, 0xe, 0x10, 0x5b, 0x0,
    0x97, 0xb, 0x50, 0x2, 0xe0,

    /* U+005F "_" */
    0x0, 0x0, 0x0, 0xf, 0xff, 0xff, 0xff, 0x33,
    0x33, 0x33, 0x30,

    /* U+0060 "`" */
    0xb, 0xc0, 0x0, 0x9, 0xb0,

    /* U+0061 "a" */
    0x4, 0xcf, 0xea, 0x10, 0xa, 0x74, 0x5d, 0xa0,
    0x0, 0x0, 0x5, 0xf0, 0x5, 0xdf, 0xff, 0xf1,
    0x1f, 0x93, 0x36, 0xf1, 0x3f, 0x20, 0x6, 0xf1,
    0x1f, 0xa4, 0x6e, 0xf1, 0x4, 0xdf, 0xc6, 0xf1,

    /* U+0062 "b" */
    0x4f, 0x10, 0x0, 0x0, 0x4, 0xf1, 0x0, 0x0,
    0x0, 0x4f, 0x10, 0x0, 0x0, 0x4, 0xf5, 0xcf,
    0xd5, 0x0, 0x4f, 0xf7, 0x49, 0xf5, 0x4, 0xf7,
    0x0, 0xa, 0xd0, 0x4f, 0x20, 0x0, 0x5f, 0x4,
    0xf2, 0x0, 0x5, 0xf0, 0x4f, 0x70, 0x0, 0xad,
    0x4, 0xfe, 0x74, 0x9f, 0x50, 0x4f, 0x4c, 0xfd,
    0x50, 0x0,

    /* U+0063 "c" */
    0x0, 0x5c, 0xfe, 0x70, 0x7, 0xf8, 0x47, 0xf6,
    0xf, 0x70, 0x0, 0x20, 0x3f, 0x20, 0x0, 0x0,
    0x3f, 0x20, 0x0, 0x0, 0xf, 0x70, 0x0, 0x20,
    0x6, 0xf8, 0x47, 0xf6, 0x0, 0x5d, 0xfe, 0x70,

    /* U+0064 "d" */
    0x0, 0x0, 0x0, 0x4f, 0x10, 0x0, 0x0, 0x4,
    0xf1, 0x0, 0x0, 0x0, 0x4f, 0x10, 0x7, 0xef,
    0xb6, 0xf1, 0x8, 0xf7, 0x49, 0xff, 0x10, 0xf7,
    0x0, 0xa, 0xf1, 0x3f, 0x20, 0x0, 0x5f, 0x13,
    0xf2, 0x0, 0x5, 0xf1, 0xf, 0x70, 0x0, 0xaf,
    0x10, 0x8f, 0x74, 0x9f, 0xf1, 0x0, 0x7e, 0xfb,
    0x5f, 0x10,

    /* U+0065 "e" */
    0x4, 0xdf, 0xd5, 0x4, 0xf7, 0x47, 0xf5, 0xb7,
    0x0, 0x6, 0xcf, 0xff, 0xff, 0xff, 0xf8, 0x33,
    0x33, 0x3b, 0xb0, 0x0, 0x10, 0x3f, 0xa4, 0x5d,
    0x50, 0x4c, 0xfe, 0x90,

    /* U+0066 "f" */
    0x0, 0x6e, 0xe4, 0x1, 0xf8, 0x51, 0x4, 0xf1,
    0x0, 0xff, 0xff, 0xf0, 0x47, 0xf4, 0x40, 0x4,
    0xf1, 0x0, 0x4, 0xf1, 0x0, 0x4, 0xf1, 0x0,
    0x4, 0xf1, 0x0, 0x4, 0xf1, 0x0, 0x4, 0xf1,
    0x0,

    /* U+0067 "g" */
    0x0, 0x7e, 0xfb, 0x5f, 0x10, 0x8f, 0x84, 0x9f,
    0xf1, 0xf, 0x70, 0x0, 0xaf, 0x13, 0xf2, 0x0,
    0x5, 0xf1, 0x3f, 0x20, 0x0, 0x5f, 0x10, 0xf7,
    0x0, 0xa, 0xf1, 0x8, 0xf7, 0x49, 0xff, 0x10,
    0x7, 0xef, 0xb6, 0xf0, 0x0, 0x0, 0x0, 0x8e,
    0x0, 0xab, 0x64, 0x7f, 0x70, 0x2, 0xae, 0xfd,
    0x60, 0x0,

    /* U+0068 "h" */
    0x4f, 0x10, 0x0, 0x0, 0x4, 0xf1, 0x0, 0x0,
    0x0, 0x4f, 0x10, 0x0, 0x0, 0x4, 0xf5, 0xcf,
    0xe9, 0x0, 0x4f, 0xf8, 0x47, 0xf9, 0x4, 0xf6,
    0x0, 0x7, 0xf0, 0x4f, 0x20, 0x0, 0x4f, 0x14,
    0xf1, 0x0, 0x4, 0xf1, 0x4f, 0x10, 0x0, 0x4f,
    0x14, 0xf1, 0x0, 0x4, 0xf1, 0x4f, 0x10, 0x0,
    0x4f, 0x10,

    /* U+0069 "i" */
    0x2e, 0x1, 0xb0, 0x0, 0x4, 0xf1, 0x4f, 0x14,
    0xf1, 0x4f, 0x14, 0xf1, 0x4f, 0x14, 0xf1, 0x4f,
    0x10,

    /* U+006A "j" */
    0x0, 0x2e, 0x0, 0x1, 0xb0, 0x0, 0x0, 0x0,
    0x4, 0xf1, 0x0, 0x4f, 0x10, 0x4, 0xf1, 0x0,
    0x4f, 0x10, 0x4, 0xf1, 0x0, 0x4f, 0x10, 0x4,
    0xf1, 0x0, 0x4f, 0x10, 0x4, 0xf1, 0x44, 0xbd,
    0x9, 0xfd, 0x30,

    /* U+006B "k" */
    0x4f, 0x10, 0x0, 0x0, 0x4, 0xf1, 0x0, 0x0,
    0x0, 0x4f, 0x10, 0x0, 0x0, 0x4, 0xf1, 0x0,
    0x6f, 0x40, 0x4f, 0x10, 0x6f, 0x50, 0x4, 0xf1,
    0x6f, 0x60, 0x0, 0x4f, 0x8f, 0xd0, 0x0, 0x4,
    0xff, 0x9f, 0x80, 0x0, 0x4f, 0x60, 0x7f, 0x30,
    0x4, 0xf1, 0x0, 0xbe, 0x10, 0x4f, 0x10, 0x1,
    0xeb, 0x0,

    /* U+006C "l" */
    0x4f, 0x14, 0xf1, 0x4f, 0x14, 0xf1, 0x4f, 0x14,
    0xf1, 0x4f, 0x14, 0xf1, 0x4f, 0x14, 0xf1, 0x4f,
    0x10,

    /* U+006D "m" */
    0x4f, 0x5d, 0xfb, 0x16, 0xef, 0xa1, 0x4, 0xfe,
    0x65, 0xed, 0xe6, 0x5e, 0xa0, 0x4f, 0x50, 0x7,
    0xf5, 0x0, 0x7f, 0x4, 0xf2, 0x0, 0x4f, 0x20,
    0x4, 0xf1, 0x4f, 0x10, 0x4, 0xf1, 0x0, 0x4f,
    0x14, 0xf1, 0x0, 0x4f, 0x10, 0x4, 0xf1, 0x4f,
    0x10, 0x4, 0xf1, 0x0, 0x4f, 0x14, 0xf1, 0x0,
    0x4f, 0x10, 0x4, 0xf1,

    /* U+006E "n" */
    0x4f, 0x4c, 0xfe, 0x90, 0x4, 0xfe, 0x84, 0x7f,
    0x90, 0x4f, 0x60, 0x0, 0x7f, 0x4, 0xf2, 0x0,
    0x4, 0xf1, 0x4f, 0x10, 0x0, 0x4f, 0x14, 0xf1,
    0x0, 0x4, 0xf1, 0x4f, 0x10, 0x0, 0x4f, 0x14,
    0xf1, 0x0, 0x4, 0xf1,

    /* U+006F "o" */
    0x0, 0x6d, 0xfc, 0x40, 0x0, 0x7f, 0x74, 0x9f,
    0x40, 0xf, 0x70, 0x0, 0xac, 0x3, 0xf2, 0x0,
    0x5, 0xf0, 0x3f, 0x20, 0x0, 0x5f, 0x0, 0xf7,
    0x0, 0xa, 0xc0, 0x7, 0xf7, 0x49, 0xf4, 0x0,
    0x6, 0xdf, 0xc4, 0x0,

    /* U+0070 "p" */
    0x4f, 0x4c, 0xfd, 0x50, 0x4, 0xfe, 0x74, 0x9f,
    0x50, 0x4f, 0x70, 0x0, 0xad, 0x4, 0xf2, 0x0,
    0x5, 0xf0, 0x4f, 0x20, 0x0, 0x5f, 0x4, 0xf7,
    0x0, 0xa, 0xd0, 0x4f, 0xf7, 0x49, 0xf5, 0x4,
    0xf5, 0xcf, 0xd5, 0x0, 0x4f, 0x10, 0x0, 0x0,
    0x4, 0xf1, 0x0, 0x0, 0x0, 0x4f, 0x10, 0x0,
    0x0, 0x0,

    /* U+0071 "q" */
    0x0, 0x7e, 0xfb, 0x5f, 0x10, 0x8f, 0x74, 0x9f,
    0xf1, 0xf, 0x70, 0x0, 0xaf, 0x13, 0xf2, 0x0,
    0x5, 0xf1, 0x3f, 0x20, 0x0, 0x5f, 0x10, 0xf7,
    0x0, 0xa, 0xf1, 0x8, 0xf7, 0x49, 0xff, 0x10,
    0x7, 0xef, 0xb6, 0xf1, 0x0, 0x0, 0x0, 0x4f,
    0x10, 0x0, 0x0, 0x4, 0xf1, 0x0, 0x0, 0x0,
    0x4f, 0x10,

    /* U+0072 "r" */
    0x4f, 0x4c, 0xb4, 0xfe, 0x73, 0x4f, 0x60, 0x4,
    0xf2, 0x0, 0x4f, 0x10, 0x4, 0xf1, 0x0, 0x4f,
    0x10, 0x4, 0xf1, 0x0,

    /* U+0073 "s" */
    0x3, 0xbf, 0xec, 0x60, 0x1f, 0xa4, 0x58, 0x60,
    0x3f, 0x20, 0x0, 0x0, 0xc, 0xea, 0x73, 0x0,
    0x0, 0x59, 0xcf, 0x90, 0x0, 0x0, 0x6, 0xf0,
    0x3d, 0x74, 0x5b, 0xd0, 0x19, 0xdf, 0xea, 0x20,

    /* U+0074 "t" */
    0x4, 0xf1, 0x0, 0x4, 0xf1, 0x0, 0xff, 0xff,
    0xf0, 0x47, 0xf4, 0x40, 0x4, 0xf1, 0x0, 0x4,
    0xf1, 0x0, 0x4, 0xf1, 0x0, 0x4, 0xf1, 0x0,
    0x1, 0xf8, 0x51, 0x0, 0x7e, 0xe4,

    /* U+0075 "u" */
    0x4f, 0x10, 0x0, 0x4f, 0x14, 0xf1, 0x0, 0x4,
    0xf1, 0x4f, 0x10, 0x0, 0x4f, 0x14, 0xf1, 0x0,
    0x4, 0xf1, 0x4f, 0x10, 0x0, 0x5f, 0x11, 0xf4,
    0x0, 0x9, 0xf1, 0xc, 0xe6, 0x49, 0xff, 0x10,
    0x1a, 0xef, 0xb5, 0xf1,

    /* U+0076 "v" */
    0xd, 0x90, 0x0, 0xa, 0xa0, 0x6e, 0x0, 0x1,
    0xf3, 0x0, 0xf5, 0x0, 0x7d, 0x0, 0x9, 0xc0,
    0xe, 0x60, 0x0, 0x3f, 0x24, 0xf0, 0x0, 0x0,
    0xc8, 0xb9, 0x0, 0x0, 0x6, 0xff, 0x30, 0x0,
    0x0, 0xf, 0xc0, 0x0,

    /* U+0077 "w" */
    0xc8, 0x0, 0x6, 0xf1, 0x0, 0xd, 0x56, 0xd0,
    0x0, 0xcf, 0x60, 0x3, 0xf0, 0x1f, 0x30, 0x2f,
    0x9c, 0x0, 0x9a, 0x0, 0xb8, 0x7, 0xb2, 0xf1,
    0xe, 0x40, 0x5, 0xe0, 0xd6, 0xc, 0x74, 0xe0,
    0x0, 0xf, 0x6f, 0x0, 0x7c, 0x99, 0x0, 0x0,
    0xaf, 0xa0, 0x1, 0xff, 0x40, 0x0, 0x5, 0xf4,
    0x0, 0xb, 0xe0, 0x0,

    /* U+0078 "x" */
    0x4f, 0x30, 0x7, 0xe1, 0x9, 0xd0, 0x2f, 0x40,
    0x0, 0xd9, 0xd9, 0x0, 0x0, 0x3f, 0xd0, 0x0,
    0x0, 0x4f, 0xe1, 0x0, 0x1, 0xe7, 0xbb, 0x0,
    0xb, 0xb0, 0x1e, 0x70, 0x7e, 0x10, 0x5, 0xf3,

    /* U+0079 "y" */
    0xd, 0x90, 0x0, 0xa, 0xa0, 0x6f, 0x0, 0x1,
    0xf3, 0x0, 0xf6, 0x0, 0x7d, 0x0, 0x9, 0xc0,
    0xd, 0x60, 0x0, 0x2f, 0x34, 0xf0, 0x0, 0x0,
    0xc9, 0xa9, 0x0, 0x0, 0x5, 0xff, 0x20, 0x0,
    0x0, 0xe, 0xc0, 0x0, 0x0, 0x0, 0xe5, 0x0,
    0x0, 0x94, 0xad, 0x0, 0x0, 0x1b, 0xfc, 0x20,
    0x0, 0x0,

    /* U+007A "z" */
    0xff, 0xff, 0xff, 0x44, 0x45, 0xf9, 0x0, 0xa,
    0xd0, 0x0, 0x6f, 0x20, 0x2, 0xf5, 0x0, 0xd,
    0x90, 0x0, 0xae, 0x44, 0x44, 0xff, 0xff, 0xff,

    /* U+007B "{" */
    0x0, 0x9f, 0x70, 0x2f, 0x81, 0x4, 0xf1, 0x0,
    0x4f, 0x10, 0x4, 0xf1, 0x0, 0x6f, 0x10, 0x4f,
    0xa0, 0x0, 0x8f, 0x0, 0x4, 0xf1, 0x0, 0x4f,
    0x10, 0x4, 0xf1, 0x0, 0x4f, 0x10, 0x2, 0xf8,
    0x10, 0x8, 0xf7,

    /* U+007C "|" */
    0x4f, 0x14, 0xf1, 0x4f, 0x14, 0xf1, 0x4f, 0x14,
    0xf1, 0x4f, 0x14, 0xf1, 0x4f, 0x14, 0xf1, 0x4f,
    0x14, 0xf1, 0x4f, 0x14, 0xf1,

    /* U+007D "}" */
    0xae, 0x60, 0x2, 0xaf, 0x0, 0x4, 0xf1, 0x0,
    0x4f, 0x10, 0x4, 0xf1, 0x0, 0x3f, 0x30, 0x0,
    0xdf, 0x30, 0x3f, 0x60, 0x4, 0xf1, 0x0, 0x4f,
    0x10, 0x4, 0xf1, 0x0, 0x4f, 0x10, 0x2a, 0xf0,
    0xa, 0xe5, 0x0,

    /* U+007E "~" */
    0x0, 0x0, 0x0, 0x6, 0xfe, 0x71, 0xa6, 0xe2,
    0x3d, 0xfe, 0x13, 0x0, 0x2, 0x0,

    /* U+00A0 " " */

    /* U+00A1 "¡" */
    0x1d, 0x1, 0xc0, 0x0, 0x4, 0xf1, 0x4f, 0x14,
    0xf1, 0x4f, 0x14, 0xf1, 0x4f, 0x14, 0xf1,

    /* U+00A2 "¢" */
    0x0, 0x4, 0xf1, 0x0, 0x0, 0x5, 0xf2, 0x0,
    0x0, 0xbf, 0xff, 0xb1, 0x9, 0xe8, 0xf5, 0xd8,
    0xf, 0x64, 0xf1, 0x10, 0x3f, 0x24, 0xf1, 0x0,
    0x3f, 0x24, 0xf1, 0x0, 0xf, 0x54, 0xf1, 0x10,
    0x9, 0xe7, 0xf5, 0xd8, 0x0, 0xbf, 0xff, 0xb1,
    0x0, 0x5, 0xf2, 0x0, 0x0, 0x4, 0xf1, 0x0,

    /* U+00A3 "£" */
    0x0, 0x19, 0xef, 0xe9, 0x0, 0xc, 0xe6, 0x45,
    0x90, 0x2, 0xf3, 0x0, 0x0, 0x0, 0x4f, 0x10,
    0x0, 0x0, 0xff, 0xff, 0xff, 0x80, 0x3, 0x6f,
    0x43, 0x31, 0x0, 0x4, 0xf1, 0x0, 0x0, 0x0,
    0x4f, 0x10, 0x0, 0x0, 0x47, 0xf4, 0x44, 0x44,
    0xf, 0xff, 0xff, 0xff, 0xf0,

    /* U+00A4 "¤" */
    0x63, 0x0, 0x0, 0x6, 0x48, 0xf6, 0xcf, 0xb8,
    0xf4, 0x9, 0xf7, 0x49, 0xf6, 0x0, 0xd8, 0x0,
    0xb, 0xa0, 0x2f, 0x20, 0x0, 0x5f, 0x2, 0xf2,
    0x0, 0x4, 0xf0, 0xe, 0x60, 0x0, 0x9b, 0x0,
    0x8f, 0x41, 0x6f, 0x40, 0x4f, 0xaf, 0xfe, 0xbe,
    0x29, 0x70, 0x2, 0x0, 0xa6, 0x0, 0x0, 0x0,
    0x0, 0x0,

    /* U+00A5 "¥" */
    0x3f, 0x40, 0x0, 0x0, 0x6e, 0x10, 0x6e, 0x10,
    0x0, 0x3f, 0x40, 0x0, 0xac, 0x0, 0xd, 0x70,
    0x0, 0x0, 0xd9, 0xa, 0xb0, 0x0, 0x0, 0x2,
    0xfb, 0xe1, 0x0, 0x0, 0x2d, 0xde, 0xfe, 0xdd,
    0x0, 0x0, 0x0, 0x4f, 0x10, 0x0, 0x0, 0x3f,
    0xff, 0xff, 0xff, 0x0, 0x0, 0x33, 0x6f, 0x43,
    0x30, 0x0, 0x0, 0x4, 0xf1, 0x0, 0x0,

    /* U+00A6 "¦" */
    0x4f, 0x14, 0xf1, 0x4f, 0x14, 0xf1, 0x4f, 0x10,
    0x0, 0x0, 0x0, 0x0, 0x0, 0x4, 0xf1, 0x4f,
    0x14, 0xf1, 0x4f, 0x14, 0xf1,

    /* U+00A7 "§" */
    0x2, 0xae, 0xfd, 0x80, 0xe, 0xa4, 0x5a, 0x70,
    0x3f, 0x20, 0x0, 0x0, 0xc, 0xc5, 0x10, 0x0,
    0x8, 0xdd, 0xfc, 0x30, 0x2f, 0x30, 0x1b, 0xe0,
    0x3f, 0x40, 0x5, 0xf0, 0xa, 0xfa, 0x8f, 0x70,
    0x0, 0x28, 0xfe, 0x0, 0x0, 0x0, 0x5f, 0x0,
    0x47, 0x21, 0xae, 0x0, 0x2c, 0xff, 0xf5, 0x0,
    0x0, 0x13, 0x0, 0x0,

    /* U+00A8 "¨" */
    0x0, 0x0, 0x0, 0x2e, 0x2, 0xe0, 0x1, 0x0,
    0x10,

    /* U+00A9 "©" */
    0x0, 0x0, 0x0, 0x0, 0x0, 0x0, 0x0, 0x5,
    0xcf, 0xfb, 0x40, 0x0, 0x0, 0x9f, 0x84, 0x49,
    0xf7, 0x0, 0x6, 0xf3, 0x0, 0x0, 0x5f, 0x30,
    0xd, 0x92, 0xcf, 0xd4, 0xb, 0xb0, 0x2f, 0x3d,
    0xc4, 0x6a, 0x6, 0xf0, 0x3f, 0x5f, 0x30, 0x0,
    0x4, 0xf0, 0x2f, 0x6f, 0x20, 0x0, 0x6, 0xf0,
    0xe, 0x8e, 0xa1, 0x37, 0xa, 0xb0, 0x8, 0xf6,
    0xef, 0xf6, 0x4f, 0x40, 0x0, 0xce, 0x64, 0x37,
    0xf9, 0x0, 0x0, 0x8, 0xff, 0xfe, 0x60, 0x0,
    0x0, 0x0, 0x2, 0x20, 0x0, 0x0,

    /* U+00AA "ª" */
    0x6d, 0xd6, 0x2, 0x0, 0xe0, 0x7d, 0xdf, 0xf,
    0x21, 0xe0, 0x7d, 0xbc, 0x0,

    /* U+00AB "«" */
    0x0, 0xa8, 0x1e, 0x40, 0x5d, 0xa, 0x90, 0x1e,
    0x45, 0xe0, 0x1, 0xe3, 0x5e, 0x0, 0x5, 0xd0,
    0xa9, 0x0, 0xa, 0x81, 0xe4,

    /* U+00AC "¬" */
    0x0, 0x0, 0x0, 0x0, 0x5f, 0xff, 0xff, 0xf1,
    0x13, 0x33, 0x36, 0xf1, 0x0, 0x0, 0x4, 0xf1,
    0x0, 0x0, 0x3, 0xb1,

    /* U+00AD "­" */
    0x0, 0x0, 0xff, 0xff, 0x33, 0x33,

    /* U+00AE "®" */
    0x0, 0x0, 0x0, 0x0, 0x0, 0x0, 0x0, 0x5,
    0xcf, 0xfb, 0x40, 0x0, 0x0, 0x9f, 0x84, 0x49,
    0xf7, 0x0, 0x6, 0xf4, 0x0, 0x0, 0x5f, 0x30,
    0xd, 0x94, 0xff, 0xe5, 0xb, 0xb0, 0x2f, 0x34,
    0xf4, 0xaf, 0x6, 0xf0, 0x3f, 0x14, 0xf1, 0x7f,
    0x4, 0xf0, 0x2f, 0x34, 0xff, 0xe5, 0x6, 0xf0,
    0xe, 0x74, 0xf4, 0xb2, 0xa, 0xb0, 0x8, 0xf5,
    0xb0, 0x49, 0x4f, 0x40, 0x0, 0xce, 0x51, 0x17,
    0xf9, 0x0, 0x0, 0x8, 0xff, 0xfe, 0x60, 0x0,
    0x0, 0x0, 0x2, 0x20, 0x0, 0x0,

    /* U+00AF "¯" */
    0x0, 0x0, 0x0, 0x1f, 0xff, 0xf7, 0x3, 0x33,
    0x31,

    /* U+00B0 "°" */
    0x0, 0x0, 0x0, 0x0, 0x4d, 0xfc, 0x20, 0xf,
    0xa4, 0xcc, 0x3, 0xf2, 0x5, 0xf0, 0x1f, 0x71,
    0xae, 0x0, 0x6f, 0xfe, 0x40, 0x0, 0x13, 0x0,
    0x0,

    /* U+00B1 "±" */
    0x0, 0x4f, 0x10, 0x0, 0x4f, 0x10, 0xff, 0xff,
    0xff, 0x33, 0x6f, 0x43, 0x0, 0x4f, 0x10, 0x0,
    0x4f, 0x10, 0x0, 0x0, 0x0, 0x44, 0x44, 0x44,
    0xff, 0xff, 0xff,

    /* U+00B2 "²" */
    0x3c, 0xdd, 0x70, 0x11, 0x1, 0xe0, 0x0, 0x1a,
    0x50, 0x5, 0xb2, 0x0, 0x6f, 0xdd, 0xd3,

    /* U+00B3 "³" */
    0x8d, 0xdf, 0xa0, 0x0, 0x4b, 0x0, 0x0, 0xab,
    0x60, 0x20, 0x1, 0xf0, 0x6c, 0xdd, 0x60,

    /* U+00B4 "´" */
    0x6, 0xe3, 0x6d, 0x20,

    /* U+00B5 "µ" */
    0x4f, 0x10, 0x0, 0x4f, 0x14, 0xf1, 0x0, 0x4,
    0xf1, 0x4f, 0x10, 0x0, 0x4f, 0x14, 0xf1, 0x0,
    0x4, 0xf1, 0x4f, 0x10, 0x0, 0x5f, 0x14, 0xf4,
    0x0, 0x9, 0xf1, 0x4f, 0xe6, 0x49, 0xff, 0x14,
    0xf8, 0xdf, 0xb5, 0xf1, 0x4f, 0x10, 0x0, 0x0,
    0x4, 0xf1, 0x0, 0x0, 0x0, 0x4f, 0x10, 0x0,
    0x0, 0x0,

    /* U+00B6 "¶" */
    0x2, 0xbf, 0xff, 0xff, 0x10, 0xef, 0xff, 0x57,
    0xf1, 0x3f, 0xff, 0xf1, 0x4f, 0x12, 0xff, 0xff,
    0x14, 0xf1, 0x9, 0xff, 0xf1, 0x4f, 0x10, 0x3,
    0x9f, 0x14, 0xf1, 0x0, 0x4, 0xf1, 0x4f, 0x10,
    0x0, 0x4f, 0x14, 0xf1, 0x0, 0x4, 0xf1, 0x4f,
    0x10, 0x0, 0x4f, 0x14, 0xf1, 0x0, 0x4, 0xf1,
    0x4f, 0x10, 0x0, 0x4f, 0x14, 0xf1, 0x0, 0x3,
    0xc1, 0x3c, 0x0,

    /* U+00B7 "·" */
    0x0, 0x2, 0xe0, 0x1d, 0x0,

    /* U+00B8 "¸" */
    0x0, 0x0, 0x0, 0x3a, 0x0, 0x3, 0x9e, 0x2,
    0xff, 0xd0, 0x1, 0x20, 0x0,

    /* U+00B9 "¹" */
    0x6d, 0xf0, 0x0, 0xf, 0x0, 0x0, 0xf0, 0x0,
    0xf, 0x0, 0x8d, 0xfd, 0x50,

    /* U+00BA "º" */
    0x2c, 0xdc, 0x2c, 0x50, 0x5c, 0xf0, 0x0, 0xfb,
    0x60, 0x6b, 0x1b, 0xdb, 0x10,

    /* U+00BB "»" */
    0x3e, 0x18, 0xb0, 0x0, 0x8b, 0xd, 0x60, 0x0,
    0xd5, 0x3e, 0x10, 0xd, 0x63, 0xe2, 0x8, 0xb0,
    0xd6, 0x3, 0xe1, 0x8b, 0x0,

    /* U+00BC "¼" */
    0x0, 0x0, 0x0, 0x0, 0x0, 0x0, 0x0, 0xcf,
    0xf1, 0x0, 0x0, 0x69, 0x0, 0x0, 0x26, 0xf1,
    0x0, 0x1, 0xd1, 0x0, 0x0, 0x4, 0xf1, 0x0,
    0x9, 0x60, 0x0, 0x0, 0x4, 0xf1, 0x0, 0x3c,
    0x0, 0x0, 0x0, 0x4, 0xf1, 0x0, 0xd3, 0x1,
    0xd4, 0x0, 0xef, 0xff, 0x67, 0xa0, 0xa, 0x80,
    0x0, 0x33, 0x33, 0x3e, 0x10, 0x4b, 0x14, 0x0,
    0x0, 0x0, 0xa7, 0x1, 0xe6, 0x8f, 0x61, 0x0,
    0x4, 0xd0, 0x3, 0xee, 0xff, 0xe2, 0x0, 0xd,
    0x40, 0x0, 0x0, 0x4f, 0x10, 0x0, 0x25, 0x0,
    0x0, 0x0, 0x16, 0x0,

    /* U+00BD "½" */
    0x0, 0x0, 0x0, 0x0, 0x0, 0x0, 0x0, 0xcf,
    0xf1, 0x0, 0x0, 0x1d, 0x10, 0x0, 0x26, 0xf1,
    0x0, 0x0, 0xb5, 0x0, 0x0, 0x4, 0xf1, 0x0,
    0x5, 0xb0, 0x0, 0x0, 0x4, 0xf1, 0x0, 0x1e,
    0x10, 0x0, 0x0, 0x4, 0xf1, 0x0, 0xa6, 0x4c,
    0xdd, 0x50, 0xef, 0xff, 0x85, 0xc0, 0x42, 0x7,
    0xf0, 0x33, 0x33, 0x3e, 0x20, 0x0, 0x9, 0xb0,
    0x0, 0x0, 0xa7, 0x0, 0x0, 0x9a, 0x0, 0x0,
    0x4, 0xd0, 0x0, 0xb, 0x70, 0x0, 0x0, 0x1e,
    0x30, 0x0, 0x9f, 0xff, 0xf5, 0x0, 0x12, 0x0,
    0x0, 0x23, 0x33, 0x31,

    /* U+00BE "¾" */
    0x0, 0x0, 0x0, 0x0, 0x0, 0x0, 0x0, 0x0,
    0xef, 0xff, 0xb0, 0x0, 0x3a, 0x0, 0x0, 0x3,
    0x36, 0xe2, 0x0, 0xc, 0x10, 0x0, 0x0, 0x1,
    0xe5, 0x0, 0x6, 0x70, 0x0, 0x0, 0x0, 0x15,
    0xbb, 0x1, 0xc0, 0x0, 0x0, 0x0, 0x62, 0x8,
    0xf0, 0xa5, 0x0, 0xd4, 0x0, 0xa, 0xff, 0xf8,
    0x3b, 0x0, 0x89, 0x0, 0x0, 0x1, 0x31, 0xc,
    0x20, 0x2c, 0x15, 0x0, 0x0, 0x0, 0x6, 0x80,
    0xb, 0x78, 0xf6, 0x10, 0x0, 0x1, 0xd0, 0x0,
    0xee, 0xff, 0xe2, 0x0, 0x0, 0xa5, 0x0, 0x0,
    0x4, 0xf1, 0x0, 0x0, 0x6, 0x0, 0x0, 0x0,
    0x16, 0x0,

    /* U+00BF "¿" */
    0x0, 0x2d, 0x0, 0x0, 0x1, 0xc0, 0x0, 0x0,
    0x0, 0x0, 0x0, 0x2, 0xa0, 0x0, 0x0, 0x8d,
    0x0, 0x0, 0x5f, 0x30, 0x0, 0xf, 0x70, 0x0,
    0x3, 0xf2, 0x0, 0x0, 0x1f, 0x91, 0x2b, 0x90,
    0x6f, 0xff, 0xc2, 0x0, 0x2, 0x10, 0x0,

    /* U+00C0 "À" */
    0x0, 0x1, 0x74, 0x0, 0x0, 0x0, 0x0, 0x0,
    0x4e, 0x40, 0x0, 0x0, 0x0, 0x0, 0x3, 0x70,
    0x0, 0x0, 0x0, 0x0, 0x0, 0x0, 0x0, 0x0,
    0x0, 0x0, 0xc, 0xf1, 0x0, 0x0, 0x0, 0x0,
    0x3f, 0xd7, 0x0, 0x0, 0x0, 0x0, 0xb9, 0x6e,
    0x0, 0x0, 0x0, 0x2, 0xf2, 0xe, 0x50, 0x0,
    0x0, 0x9, 0xa0, 0x7, 0xd0, 0x0, 0x0, 0x1f,
    0x30, 0x0, 0xf4, 0x0, 0x0, 0x7f, 0xff, 0xff,
    0xfb, 0x0, 0x0, 0xe7, 0x33, 0x33, 0x4f, 0x20,
    0x5, 0xf0, 0x0, 0x0, 0xc, 0x90, 0xc, 0x90,
    0x0, 0x0, 0x6, 0xf1,

    /* U+00C1 "Á" */
    0x0, 0x0, 0x0, 0x28, 0x30, 0x0, 0x0, 0x0,
    0x1, 0xd8, 0x0, 0x0, 0x0, 0x0, 0x5, 0x40,
    0x0, 0x0, 0x0, 0x0, 0x0, 0x0, 0x0, 0x0,
    0x0, 0x0, 0xc, 0xf1, 0x0, 0x0, 0x0, 0x0,
    0x3f, 0xd7, 0x0, 0x0, 0x0, 0x0, 0xb9, 0x6e,
    0x0, 0x0, 0x0, 0x2, 0xf2, 0xe, 0x50, 0x0,
    0x0, 0x9, 0xa0, 0x7, 0xd0, 0x0, 0x0, 0x1f,
    0x30, 0x0, 0xf4, 0x0, 0x0, 0x7f, 0xff, 0xff,
    0xfb, 0x0, 0x0, 0xe7, 0x33, 0x33, 0x4f, 0x20,
    0x5, 0xf0, 0x0, 0x0, 0xc, 0x90, 0xc, 0x90,
    0x0, 0x0, 0x6, 0xf1,

    /* U+00C2 "Â" */
    0x0, 0x0, 0x6, 0x70, 0x0, 0x0, 0x0, 0x0,
    0x7d, 0xaa, 0x0, 0x0, 0x0, 0x1, 0x71, 0x6,
    0x30, 0x0, 0x0, 0x0, 0x0, 0x0, 0x0, 0x0,
    0x0, 0x0, 0xc, 0xf1, 0x0, 0x0, 0x0, 0x0,
    0x3f, 0xd7, 0x0, 0x0, 0x0, 0x0, 0xb9, 0x6e,
    0x0, 0x0, 0x0, 0x2, 0xf2, 0xe, 0x50, 0x0,
    0x0, 0x9, 0xa0, 0x7, 0xd0, 0x0, 0x0, 0x1f,
    0x30, 0x0, 0xf4, 0x0, 0x0, 0x7f, 0xff, 0xff,
    0xfb, 0x0, 0x0, 0xe7, 0x33, 0x33, 0x4f, 0x20,
    0x5, 0xf0, 0x0, 0x0, 0xc, 0x90, 0xc, 0x90,
    0x0, 0x0, 0x6, 0xf1,

    /* U+00C3 "Ã" */
    0x0, 0x0, 0x0, 0x0, 0x0, 0x0, 0x0, 0x8f,
    0x66, 0x70, 0x0, 0x0, 0xc, 0x1d, 0xf2, 0x0,
    0x0, 0x0, 0x20, 0x1, 0x0, 0x0, 0x0, 0x0,
    0xaf, 0x20, 0x0, 0x0, 0x0, 0x1f, 0xd9, 0x0,
    0x0, 0x0, 0x8, 0xb4, 0xf0, 0x0, 0x0, 0x0,
    0xe4, 0xd, 0x70, 0x0, 0x0, 0x6d, 0x0, 0x6d,
    0x0, 0x0, 0xd, 0x60, 0x0, 0xe5, 0x0, 0x4,
    0xff, 0xff, 0xff, 0xc0, 0x0, 0xba, 0x33, 0x33,
    0x4f, 0x30, 0x2f, 0x30, 0x0, 0x0, 0xca, 0x9,
    0xd0, 0x0, 0x0, 0x5, 0xf1,

    /* U+00C4 "Ä" */
    0x0, 0x0, 0x0, 0x0, 0x0, 0x0, 0x0, 0x2,
    0xe0, 0x2e, 0x0, 0x0, 0x0, 0x0, 0x10, 0x1,
    0x0, 0x0, 0x0, 0x0, 0x0, 0x0, 0x0, 0x0,
    0x0, 0x0, 0x3f, 0xf1, 0x0, 0x0, 0x0, 0x0,
    0xad, 0xf7, 0x0, 0x0, 0x0, 0x1, 0xf5, 0x8e,
    0x0, 0x0, 0x0, 0x8, 0xd0, 0x1f, 0x50, 0x0,
    0x0, 0xf, 0x50, 0x9, 0xc0, 0x0, 0x0, 0x6d,
    0x0, 0x1, 0xf3, 0x0, 0x0, 0xdf, 0xff, 0xff,
    0xfa, 0x0, 0x4, 0xf3, 0x33, 0x33, 0x5f, 0x10,
    0xb, 0x90, 0x0, 0x0, 0xd, 0x80, 0x2f, 0x30,
    0x0, 0x0, 0x7, 0xe0,

    /* U+00C5 "Å" */
    0x0, 0x0, 0x0, 0x0, 0x0, 0x0, 0x0, 0x9,
    0xf6, 0x0, 0x0, 0x0, 0x2, 0xfa, 0xf0, 0x0,
    0x0, 0x0, 0x3f, 0x8f, 0x0, 0x0, 0x0, 0x0,
    0xcf, 0x90, 0x0, 0x0, 0x0, 0x0, 0x20, 0x0,
    0x0, 0x0, 0x0, 0x1d, 0x0, 0x0, 0x0, 0x0,
    0x9, 0xc6, 0x0, 0x0, 0x0, 0x1, 0xd1, 0xd0,
    0x0, 0x0, 0x0, 0x96, 0x9, 0x60, 0x0, 0x0,
    0x1d, 0x0, 0x1d, 0x0, 0x0, 0x9, 0x60, 0x0,
    0x96, 0x0, 0x1, 0xff, 0xff, 0xff, 0xe0, 0x0,
    0x99, 0x33, 0x33, 0x3c, 0x60, 0x1f, 0x20, 0x0,
    0x0, 0x5e, 0x9, 0xc0, 0x0, 0x0, 0x0, 0xf6,

    /* U+00C6 "Æ" */
    0x0, 0x0, 0x0, 0x7f, 0xff, 0xff, 0xff, 0xb0,
    0x0, 0x0, 0x1f, 0x9f, 0x54, 0x44, 0x42, 0x0,
    0x0, 0xa, 0xa4, 0xf1, 0x0, 0x0, 0x0, 0x0,
    0x4, 0xf1, 0x4f, 0x10, 0x0, 0x0, 0x0, 0x0,
    0xd6, 0x4, 0xff, 0xff, 0xff, 0x10, 0x0, 0x6c,
    0x0, 0x4f, 0x43, 0x33, 0x30, 0x0, 0x1e, 0xff,
    0xff, 0xf1, 0x0, 0x0, 0x0, 0x9, 0xb3, 0x33,
    0x6f, 0x10, 0x0, 0x0, 0x2, 0xf2, 0x0, 0x4,
    0xf5, 0x44, 0x44, 0x30, 0xca, 0x0, 0x0, 0x4f,
    0xff, 0xff, 0xff,

    /* U+00C7 "Ç" */
    0x0, 0x6, 0xcf, 0xfc, 0x50, 0x0, 0xcf, 0x84,
    0x49, 0xf6, 0x9, 0xe2, 0x0, 0x0, 0x20, 0xf,
    0x60, 0x0, 0x0, 0x0, 0x3f, 0x20, 0x0, 0x0,
    0x0, 0x3f, 0x20, 0x0, 0x0, 0x0, 0xf, 0x60,
    0x0, 0x0, 0x0, 0x9, 0xe2, 0x0, 0x0, 0x20,
    0x0, 0xcf, 0x84, 0x49, 0xf6, 0x0, 0x7, 0xcf,
    0xfc, 0x50, 0x0, 0x0, 0x2b, 0x10, 0x0, 0x0,
    0x0, 0x5b, 0xf0, 0x0, 0x0, 0x0, 0xdf, 0xa0,
    0x0,

    /* U+00C8 "È" */
    0x0, 0x74, 0x0, 0x0, 0x0, 0x4e, 0x40, 0x0,
    0x0, 0x2, 0x70, 0x0, 0x0, 0x0, 0x0, 0x0,
    0x4f, 0xff, 0xff, 0xf9, 0x4f, 0x54, 0x44, 0x42,
    0x4f, 0x10, 0x0, 0x0, 0x4f, 0x10, 0x0, 0x0,
    0x4f, 0xff, 0xff, 0xf0, 0x4f, 0x43, 0x33, 0x30,
    0x4f, 0x10, 0x0, 0x0, 0x4f, 0x10, 0x0, 0x0,
    0x4f, 0x54, 0x44, 0x43, 0x4f, 0xff, 0xff, 0xfc,

    /* U+00C9 "É" */
    0x0, 0x0, 0x17, 0x30, 0x0, 0x1, 0xd8, 0x0,
    0x0, 0x5, 0x50, 0x0, 0x0, 0x0, 0x0, 0x0,
    0x4f, 0xff, 0xff, 0xf9, 0x4f, 0x54, 0x44, 0x42,
    0x4f, 0x10, 0x0, 0x0, 0x4f, 0x10, 0x0, 0x0,
    0x4f, 0xff, 0xff, 0xf0, 0x4f, 0x43, 0x33, 0x30,
    0x4f, 0x10, 0x0, 0x0, 0x4f, 0x10, 0x0, 0x0,
    0x4f, 0x54, 0x44, 0x43, 0x4f, 0xff, 0xff, 0xfc,

    /* U+00CA "Ê" */
    0x0, 0x5, 0x70, 0x0, 0x0, 0x6d, 0xab, 0x0,
    0x0, 0x71, 0x6, 0x30, 0x0, 0x0, 0x0, 0x0,
    0x4f, 0xff, 0xff, 0xf9, 0x4f, 0x54, 0x44, 0x42,
    0x4f, 0x10, 0x0, 0x0, 0x4f, 0x10, 0x0, 0x0,
    0x4f, 0xff, 0xff, 0xf0, 0x4f, 0x43, 0x33, 0x30,
    0x4f, 0x10, 0x0, 0x0, 0x4f, 0x10, 0x0, 0x0,
    0x4f, 0x54, 0x44, 0x43, 0x4f, 0xff, 0xff, 0xfc,

    /* U+00CB "Ë" */
    0x0, 0x0, 0x0, 0x0, 0x0, 0x2e, 0x2e, 0x0,
    0x0, 0x1, 0x1, 0x0, 0x0, 0x0, 0x0, 0x0,
    0x4f, 0xff, 0xff, 0xf8, 0x4f, 0x54, 0x44, 0x42,
    0x4f, 0x10, 0x0, 0x0, 0x4f, 0x10, 0x0, 0x0,
    0x4f, 0xff, 0xff, 0xe0, 0x4f, 0x43, 0x33, 0x30,
    0x4f, 0x10, 0x0, 0x0, 0x4f, 0x10, 0x0, 0x0,
    0x4f, 0x54, 0x44, 0x42, 0x4f, 0xff, 0xff, 0xfb,

    /* U+00CC "Ì" */
    0x6, 0x60, 0x0, 0x2d, 0x80, 0x0, 0x17, 0x10,
    0x0, 0x0, 0x0, 0x4f, 0x10, 0x4, 0xf1, 0x0,
    0x4f, 0x10, 0x4, 0xf1, 0x0, 0x4f, 0x10, 0x4,
    0xf1, 0x0, 0x4f, 0x10, 0x4, 0xf1, 0x0, 0x4f,
    0x10, 0x4, 0xf1,

    /* U+00CD "Í" */
    0x0, 0x75, 0xa, 0xb0, 0x37, 0x0, 0x0, 0x0,
    0x4f, 0x10, 0x4f, 0x10, 0x4f, 0x10, 0x4f, 0x10,
    0x4f, 0x10, 0x4f, 0x10, 0x4f, 0x10, 0x4f, 0x10,
    0x4f, 0x10, 0x4f, 0x10,

    /* U+00CE "Î" */
    0x0, 0x38, 0x20, 0x3, 0xe8, 0xd1, 0x6, 0x30,
    0x45, 0x0, 0x0, 0x0, 0x0, 0x4f, 0x10, 0x0,
    0x4f, 0x10, 0x0, 0x4f, 0x10, 0x0, 0x4f, 0x10,
    0x0, 0x4f, 0x10, 0x0, 0x4f, 0x10, 0x0, 0x4f,
    0x10, 0x0, 0x4f, 0x10, 0x0, 0x4f, 0x10, 0x0,
    0x4f, 0x10,

    /* U+00CF "Ï" */
    0x0, 0x0, 0x0, 0x2e, 0x2, 0xe0, 0x1, 0x0,
    0x10, 0x0, 0x0, 0x0, 0x4, 0xf1, 0x0, 0x4,
    0xf1, 0x0, 0x4, 0xf1, 0x0, 0x4, 0xf1, 0x0,
    0x4, 0xf1, 0x0, 0x4, 0xf1, 0x0, 0x4, 0xf1,
    0x0, 0x4, 0xf1, 0x0, 0x4, 0xf1, 0x0, 0x4,
    0xf1, 0x0,

    /* U+00D0 "Ð" */
    0x4, 0xff, 0xff, 0xec, 0x50, 0x0, 0x4, 0xf5,
    0x44, 0x59, 0xfa, 0x0, 0x4, 0xf1, 0x0, 0x0,
    0x3f, 0x60, 0x4, 0xf2, 0x0, 0x0, 0x9, 0xd0,
    0xbf, 0xff, 0xfe, 0x0, 0x5, 0xf0, 0x27, 0xf5,
    0x33, 0x0, 0x5, 0xf0, 0x4, 0xf1, 0x0, 0x0,
    0x9, 0xd0, 0x4, 0xf1, 0x0, 0x0, 0x3f, 0x60,
    0x4, 0xf5, 0x44, 0x59, 0xfa, 0x0, 0x4, 0xff,
    0xff, 0xec, 0x50, 0x0,

    /* U+00D1 "Ñ" */
    0x0, 0x0, 0x0, 0x0, 0x0, 0x0, 0x1d, 0xd3,
    0xb3, 0x0, 0x0, 0x57, 0x4f, 0xd0, 0x0, 0x0,
    0x11, 0x1, 0x0, 0x0, 0x4f, 0x40, 0x0, 0x4,
    0xf1, 0x4f, 0xe1, 0x0, 0x4, 0xf1, 0x4f, 0xec,
    0x0, 0x4, 0xf1, 0x4f, 0x4f, 0x90, 0x4, 0xf1,
    0x4f, 0x15, 0xf6, 0x4, 0xf1, 0x4f, 0x10, 0x9f,
    0x34, 0xf1, 0x4f, 0x10, 0xc, 0xe5, 0xf1, 0x4f,
    0x10, 0x1, 0xee, 0xf1, 0x4f, 0x10, 0x0, 0x3f,
    0xf1, 0x4f, 0x10, 0x0, 0x6, 0xf1,

    /* U+00D2 "Ò" */
    0x0, 0x2, 0x82, 0x0, 0x0, 0x0, 0x0, 0x0,
    0x7e, 0x20, 0x0, 0x0, 0x0, 0x0, 0x4, 0x50,
    0x0, 0x0, 0x0, 0x0, 0x0, 0x0, 0x0, 0x0,
    0x0, 0x6, 0xcf, 0xeb, 0x50, 0x0, 0x0, 0xcf,
    0x84, 0x59, 0xf9, 0x0, 0x9, 0xe2, 0x0, 0x0,
    0x4f, 0x60, 0xf, 0x60, 0x0, 0x0, 0x9, 0xd0,
    0x3f, 0x20, 0x0, 0x0, 0x5, 0xf0, 0x3f, 0x20,
    0x0, 0x0, 0x5, 0xf0, 0xf, 0x60, 0x0, 0x0,
    0x9, 0xd0, 0x9, 0xe2, 0x0, 0x0, 0x4f, 0x60,
    0x0, 0xcf, 0x84, 0x59, 0xfa, 0x0, 0x0, 0x7,
    0xcf, 0xec, 0x50, 0x0,

    /* U+00D3 "Ó" */
    0x0, 0x0, 0x0, 0x37, 0x10, 0x0, 0x0, 0x0,
    0x3, 0xe5, 0x0, 0x0, 0x0, 0x0, 0x6, 0x30,
    0x0, 0x0, 0x0, 0x0, 0x0, 0x0, 0x0, 0x0,
    0x0, 0x6, 0xcf, 0xeb, 0x50, 0x0, 0x0, 0xcf,
    0x84, 0x59, 0xf9, 0x0, 0x9, 0xe2, 0x0, 0x0,
    0x4f, 0x60, 0xf, 0x60, 0x0, 0x0, 0x9, 0xd0,
    0x3f, 0x20, 0x0, 0x0, 0x5, 0xf0, 0x3f, 0x20,
    0x0, 0x0, 0x5, 0xf0, 0xf, 0x60, 0x0, 0x0,
    0x9, 0xd0, 0x9, 0xe2, 0x0, 0x0, 0x4f, 0x60,
    0x0, 0xcf, 0x84, 0x59, 0xfa, 0x0, 0x0, 0x7,
    0xcf, 0xec, 0x50, 0x0,

    /* U+00D4 "Ô" */
    0x0, 0x0, 0x7, 0x60, 0x0, 0x0, 0x0, 0x0,
    0xab, 0xc8, 0x0, 0x0, 0x0, 0x2, 0x70, 0x7,
    0x10, 0x0, 0x0, 0x0, 0x0, 0x0, 0x0, 0x0,
    0x0, 0x6, 0xcf, 0xeb, 0x50, 0x0, 0x0, 0xcf,
    0x84, 0x59, 0xf9, 0x0, 0x9, 0xe2, 0x0, 0x0,
    0x4f, 0x60, 0xf, 0x60, 0x0, 0x0, 0x9, 0xd0,
    0x3f, 0x20, 0x0, 0x0, 0x5, 0xf0, 0x3f, 0x20,
    0x0, 0x0, 0x5, 0xf0, 0xf, 0x60, 0x0, 0x0,
    0x9, 0xd0, 0x9, 0xe2, 0x0, 0x0, 0x4f, 0x60,
    0x0, 0xcf, 0x84, 0x59, 0xfa, 0x0, 0x0, 0x7,
    0xcf, 0xec, 0x50, 0x0,

    /* U+00D5 "Õ" */
    0x0, 0x0, 0x0, 0x0, 0x0, 0x0, 0x0, 0x0,
    0xdd, 0x3a, 0x30, 0x0, 0x0, 0x5, 0x84, 0xfe,
    0x0, 0x0, 0x0, 0x1, 0x10, 0x11, 0x0, 0x0,
    0x0, 0x0, 0x0, 0x0, 0x0, 0x0, 0x0, 0x6,
    0xcf, 0xeb, 0x50, 0x0, 0x0, 0xcf, 0x84, 0x59,
    0xf9, 0x0, 0x9, 0xe2, 0x0, 0x0, 0x4f, 0x60,
    0xf, 0x60, 0x0, 0x0, 0x9, 0xd0, 0x3f, 0x20,
    0x0, 0x0, 0x5, 0xf0, 0x3f, 0x20, 0x0, 0x0,
    0x5, 0xf0, 0xf, 0x60, 0x0, 0x0, 0x9, 0xd0,
    0x9, 0xe2, 0x0, 0x0, 0x4f, 0x60, 0x0, 0xcf,
    0x84, 0x59, 0xfa, 0x0, 0x0, 0x7, 0xcf, 0xec,
    0x50, 0x0,

    /* U+00D6 "Ö" */
    0x0, 0x0, 0x0, 0x0, 0x0, 0x0, 0x0, 0x2,
    0xe0, 0x2e, 0x0, 0x0, 0x0, 0x0, 0x10, 0x1,
    0x0, 0x0, 0x0, 0x0, 0x0, 0x0, 0x0, 0x0,
    0x0, 0x6, 0xcf, 0xeb, 0x50, 0x0, 0x0, 0xcf,
    0x84, 0x59, 0xf9, 0x0, 0x9, 0xe2, 0x0, 0x0,
    0x4f, 0x60, 0xf, 0x60, 0x0, 0x0, 0x9, 0xd0,
    0x3f, 0x20, 0x0, 0x0, 0x5, 0xf0, 0x3f, 0x20,
    0x0, 0x0, 0x5, 0xf0, 0xf, 0x60, 0x0, 0x0,
    0x9, 0xd0, 0x9, 0xe2, 0x0, 0x0, 0x4f, 0x60,
    0x0, 0xcf, 0x84, 0x59, 0xfa, 0x0, 0x0, 0x7,
    0xcf, 0xec, 0x50, 0x0,

    /* U+00D7 "×" */
    0x0, 0x0, 0x0, 0x3b, 0x0, 0x95, 0xc, 0xa8,
    0xe2, 0x1, 0xef, 0x20, 0x6, 0xfe, 0x80, 0x3f,
    0x42, 0xe6, 0x4, 0x0, 0x31,

    /* U+00D8 "Ø" */
    0x0, 0x0, 0x0, 0x0, 0x4, 0x30, 0x0, 0x0,
    0x0, 0x0, 0x1d, 0x10, 0x0, 0x6, 0xcf, 0xec,
    0xf4, 0x0, 0x0, 0xcf, 0x84, 0x5f, 0xf9, 0x0,
    0x9, 0xe2, 0x0, 0x2d, 0x5f, 0x60, 0xf, 0x60,
    0x0, 0xc4, 0x9, 0xd0, 0x3f, 0x20, 0x6, 0x90,
    0x5, 0xf0, 0x3f, 0x20, 0x2d, 0x0, 0x5, 0xf0,
    0xf, 0x60, 0xc4, 0x0, 0x9, 0xd0, 0x9, 0xe9,
    0x90, 0x0, 0x4f, 0x60, 0x0, 0xef, 0x94, 0x59,
    0xfa, 0x0, 0x0, 0xcb, 0xcf, 0xec, 0x50, 0x0,
    0x7, 0x90, 0x0, 0x0, 0x0, 0x0,

    /* U+00D9 "Ù" */
    0x0, 0x38, 0x20, 0x0, 0x0, 0x0, 0x8, 0xe1,
    0x0, 0x0, 0x0, 0x0, 0x45, 0x0, 0x0, 0x0,
    0x0, 0x0, 0x0, 0x0, 0x4f, 0x10, 0x0, 0x4,
    0xf1, 0x4f, 0x10, 0x0, 0x4, 0xf1, 0x4f, 0x10,
    0x0, 0x4, 0xf1, 0x4f, 0x10, 0x0, 0x4, 0xf1,
    0x4f, 0x10, 0x0, 0x4, 0xf1, 0x4f, 0x10, 0x0,
    0x4, 0xf1, 0x3f, 0x30, 0x0, 0x6, 0xf0, 0xf,
    0x80, 0x0, 0xb, 0xc0, 0x7, 0xf9, 0x55, 0xbf,
    0x40, 0x0, 0x5c, 0xff, 0xb4, 0x0,

    /* U+00DA "Ú" */
    0x0, 0x0, 0x3, 0x71, 0x0, 0x0, 0x0, 0x3e,
    0x50, 0x0, 0x0, 0x0, 0x73, 0x0, 0x0, 0x0,
    0x0, 0x0, 0x0, 0x0, 0x4f, 0x10, 0x0, 0x4,
    0xf1, 0x4f, 0x10, 0x0, 0x4, 0xf1, 0x4f, 0x10,
    0x0, 0x4, 0xf1, 0x4f, 0x10, 0x0, 0x4, 0xf1,
    0x4f, 0x10, 0x0, 0x4, 0xf1, 0x4f, 0x10, 0x0,
    0x4, 0xf1, 0x3f, 0x30, 0x0, 0x6, 0xf0, 0xf,
    0x80, 0x0, 0xb, 0xc0, 0x7, 0xf9, 0x55, 0xbf,
    0x40, 0x0, 0x5c, 0xff, 0xb4, 0x0,

    /* U+00DB "Û" */
    0x0, 0x0, 0x76, 0x0, 0x0, 0x0, 0xa, 0xac,
    0x80, 0x0, 0x0, 0x36, 0x0, 0x71, 0x0, 0x0,
    0x0, 0x0, 0x0, 0x0, 0x4f, 0x10, 0x0, 0x4,
    0xf1, 0x4f, 0x10, 0x0, 0x4, 0xf1, 0x4f, 0x10,
    0x0, 0x4, 0xf1, 0x4f, 0x10, 0x0, 0x4, 0xf1,
    0x4f, 0x10, 0x0, 0x4, 0xf1, 0x4f, 0x10, 0x0,
    0x4, 0xf1, 0x3f, 0x30, 0x0, 0x6, 0xf0, 0xf,
    0x80, 0x0, 0xb, 0xc0, 0x7, 0xf9, 0x55, 0xbf,
    0x40, 0x0, 0x5c, 0xff, 0xb4, 0x0,

    /* U+00DC "Ü" */
    0x0, 0x0, 0x0, 0x0, 0x0, 0x0, 0x2e, 0x2,
    0xe0, 0x0, 0x0, 0x1, 0x0, 0x10, 0x0, 0x0,
    0x0, 0x0, 0x0, 0x0, 0x4f, 0x10, 0x0, 0x4,
    0xf1, 0x4f, 0x10, 0x0, 0x4, 0xf1, 0x4f, 0x10,
    0x0, 0x4, 0xf1, 0x4f, 0x10, 0x0, 0x4, 0xf1,
    0x4f, 0x10, 0x0, 0x4, 0xf1, 0x4f, 0x10, 0x0,
    0x4, 0xf1, 0x3f, 0x30, 0x0, 0x6, 0xf0, 0xf,
    0x80, 0x0, 0xb, 0xc0, 0x7, 0xf9, 0x55, 0xbf,
    0x40, 0x0, 0x5c, 0xff, 0xb4, 0x0,

    /* U+00DD "Ý" */
    0x0, 0x0, 0x0, 0x75, 0x0, 0x0, 0x0, 0xa,
    0xb0, 0x0, 0x0, 0x0, 0x37, 0x0, 0x0, 0x0,
    0x0, 0x0, 0x0, 0x0, 0xd, 0x90, 0x0, 0x0,
    0xba, 0x4, 0xf3, 0x0, 0x4, 0xf2, 0x0, 0xac,
    0x0, 0xd, 0x70, 0x0, 0x1f, 0x60, 0x7d, 0x0,
    0x0, 0x7, 0xe3, 0xf4, 0x0, 0x0, 0x0, 0xdf,
    0xb0, 0x0, 0x0, 0x0, 0x5f, 0x20, 0x0, 0x0,
    0x0, 0x4f, 0x10, 0x0, 0x0, 0x0, 0x4f, 0x10,
    0x0, 0x0, 0x0, 0x4f, 0x10, 0x0,

    /* U+00DE "Þ" */
    0x4f, 0x10, 0x0, 0x0, 0x0, 0x4f, 0xff, 0xfe,
    0xb4, 0x0, 0x4f, 0x43, 0x35, 0x9f, 0x60, 0x4f,
    0x10, 0x0, 0x9, 0xe0, 0x4f, 0x10, 0x0, 0x5,
    0xf0, 0x4f, 0x10, 0x0, 0x7, 0xf0, 0x4f, 0x10,
    0x1, 0x6f, 0x80, 0x4f, 0xff, 0xff, 0xe7, 0x0,
    0x4f, 0x43, 0x31, 0x0, 0x0, 0x4f, 0x10, 0x0,
    0x0, 0x0,

    /* U+00DF "ß" */
    0x1, 0xae, 0xfa, 0x10, 0x0, 0xbe, 0x55, 0xdb,
    0x0, 0x1f, 0x40, 0x5, 0xf0, 0x3, 0xf1, 0x0,
    0x5f, 0x0, 0x4f, 0x10, 0x3d, 0x80, 0x4, 0xf1,
    0x4f, 0xf6, 0x0, 0x4f, 0x10, 0x36, 0xe8, 0x4,
    0xf1, 0x0, 0x6, 0xf0, 0x4f, 0x10, 0x0, 0x6f,
    0x4, 0xf1, 0x44, 0x6e, 0xa0, 0x4f, 0x1a, 0xfe,
    0x90, 0x0,

    /* U+00E0 "à" */
    0x1, 0xcb, 0x0, 0x0, 0x0, 0xa, 0x90, 0x0,
    0x0, 0x0, 0x0, 0x0, 0x4, 0xcf, 0xea, 0x10,
    0xa, 0x74, 0x5d, 0xa0, 0x0, 0x0, 0x5, 0xf0,
    0x5, 0xdf, 0xff, 0xf1, 0x1f, 0x93, 0x36, 0xf1,
    0x3f, 0x20, 0x6, 0xf1, 0x1f, 0xa4, 0x6e, 0xf1,
    0x4, 0xdf, 0xc6, 0xf1,

    /* U+00E1 "á" */
    0x0, 0x0, 0x9d, 0x20, 0x0, 0x7, 0xb0, 0x0,
    0x0, 0x0, 0x0, 0x0, 0x4, 0xcf, 0xea, 0x10,
    0xa, 0x84, 0x5d, 0xa0, 0x0, 0x0, 0x5, 0xf0,
    0x4, 0xce, 0xef, 0xf1, 0x1f, 0x82, 0x15, 0xf1,
    0x3f, 0x20, 0x6, 0xf1, 0x1f, 0xa4, 0x7e, 0xf1,
    0x4, 0xdf, 0xc6, 0xf1,

    /* U+00E2 "â" */
    0x0, 0x2e, 0xe3, 0x0, 0x1, 0xc5, 0x3d, 0x20,
    0x0, 0x0, 0x0, 0x0, 0x4, 0xcf, 0xea, 0x10,
    0xa, 0x74, 0x5d, 0xa0, 0x0, 0x0, 0x5, 0xf0,
    0x5, 0xdf, 0xff, 0xf1, 0x1f, 0x93, 0x36, 0xf1,
    0x3f, 0x20, 0x6, 0xf1, 0x1f, 0xa4, 0x6e, 0xf1,
    0x4, 0xdf, 0xc6, 0xf1,

    /* U+00E3 "ã" */
    0x0, 0xad, 0x39, 0x40, 0x1, 0xc6, 0xfe, 0x0,
    0x0, 0x10, 0x11, 0x0, 0x4, 0xcf, 0xea, 0x10,
    0xa, 0x84, 0x5d, 0xa0, 0x0, 0x0, 0x5, 0xf0,
    0x4, 0xce, 0xef, 0xf1, 0x1f, 0x82, 0x15, 0xf1,
    0x3f, 0x20, 0x6, 0xf1, 0x1f, 0xa4, 0x7e, 0xf1,
    0x4, 0xdf, 0xc6, 0xf1,

    /* U+00E4 "ä" */
    0x0, 0xb0, 0x2d, 0x0, 0x0, 0x10, 0x2, 0x0,
    0x0, 0x0, 0x0, 0x0, 0x4, 0xcf, 0xea, 0x10,
    0xa, 0x74, 0x5d, 0xa0, 0x0, 0x0, 0x5, 0xf0,
    0x5, 0xdf, 0xff, 0xf1, 0x1f, 0x93, 0x36, 0xf1,
    0x3f, 0x20, 0x6, 0xf1, 0x1f, 0xa4, 0x6e, 0xf1,
    0x4, 0xdf, 0xc6, 0xf1,

    /* U+00E5 "å" */
    0x0, 0x0, 0x0, 0x0, 0x0, 0x5e, 0xf7, 0x0,
    0x0, 0xd7, 0xaf, 0x0, 0x0, 0x7f, 0xfa, 0x0,
    0x0, 0x1, 0x20, 0x0, 0x4, 0xcf, 0xea, 0x10,
    0xa, 0x85, 0x4a, 0xa0, 0x0, 0x0, 0x0, 0xe0,
    0x4, 0xdf, 0xff, 0xf1, 0x1f, 0xa4, 0x33, 0xf1,
    0x3f, 0x20, 0x1, 0xf1, 0xf, 0xb4, 0x5d, 0xf1,
    0x3, 0xcf, 0xd6, 0xe1,

    /* U+00E6 "æ" */
    0x4, 0xcf, 0xfb, 0x24, 0xcf, 0xd5, 0x0, 0xa8,
    0x55, 0xbe, 0xf7, 0x47, 0xf5, 0x0, 0x0, 0x1,
    0xf8, 0x0, 0x7, 0xc0, 0x4d, 0xff, 0xff, 0xff,
    0xff, 0xff, 0x1f, 0xa4, 0x33, 0xf8, 0x33, 0x33,
    0x33, 0xf2, 0x0, 0x3f, 0xb0, 0x0, 0x10, 0xe,
    0xb4, 0x5d, 0xbf, 0xa4, 0x6d, 0x40, 0x3c, 0xfe,
    0x80, 0x4c, 0xfe, 0x90,

    /* U+00E7 "ç" */
    0x0, 0x5c, 0xfe, 0xa1, 0x0, 0x6f, 0x94, 0x5d,
    0xc0, 0xe, 0x80, 0x0, 0x11, 0x3, 0xf2, 0x0,
    0x0, 0x0, 0x3f, 0x20, 0x0, 0x0, 0x0, 0xe8,
    0x0, 0x0, 0x10, 0x6, 0xf9, 0x45, 0xdc, 0x0,
    0x4, 0xcf, 0xea, 0x10, 0x0, 0x4, 0xb3, 0x0,
    0x0, 0x0, 0x59, 0xf0, 0x0, 0x0, 0x1d, 0xf9,
    0x0, 0x0,

    /* U+00E8 "è" */
    0x5, 0xe3, 0x0, 0x0, 0x4, 0xd2, 0x0, 0x0,
    0x0, 0x0, 0x0, 0x4d, 0xfd, 0x50, 0x4f, 0x74,
    0x7f, 0x5b, 0x70, 0x0, 0x6c, 0xff, 0xff, 0xff,
    0xff, 0x83, 0x33, 0x33, 0xbb, 0x0, 0x1, 0x3,
    0xfa, 0x45, 0xd5, 0x4, 0xcf, 0xe9, 0x0,

    /* U+00E9 "é" */
    0x0, 0x3, 0xe6, 0x0, 0x1, 0xd4, 0x0, 0x0,
    0x0, 0x0, 0x0, 0x4d, 0xfd, 0x50, 0x4f, 0x74,
    0x7f, 0x5b, 0x70, 0x0, 0x6c, 0xff, 0xff, 0xff,
    0xff, 0x83, 0x33, 0x33, 0xbb, 0x0, 0x1, 0x3,
    0xfa, 0x45, 0xd5, 0x4, 0xcf, 0xe9, 0x0,

    /* U+00EA "ê" */
    0x0, 0x8f, 0x90, 0x0, 0x6b, 0x1a, 0x60, 0x0,
    0x0, 0x0, 0x0, 0x4d, 0xfd, 0x50, 0x4f, 0x74,
    0x7f, 0x5b, 0x70, 0x0, 0x6c, 0xff, 0xff, 0xff,
    0xff, 0x83, 0x33, 0x33, 0xbb, 0x0, 0x1, 0x3,
    0xfa, 0x45, 0xd5, 0x4, 0xcf, 0xe9, 0x0,

    /* U+00EB "ë" */
    0x2, 0xd0, 0x2d, 0x0, 0x2, 0x0, 0x20, 0x0,
    0x0, 0x0, 0x0, 0x4d, 0xfd, 0x50, 0x4f, 0x94,
    0x5c, 0x5b, 0x90, 0x0, 0xa, 0xff, 0xff, 0xff,
    0xff, 0x93, 0x33, 0x33, 0xbd, 0x0, 0x0, 0x3,
    0xfc, 0x54, 0x99, 0x3, 0xcf, 0xfa, 0x10,

    /* U+00EC "ì" */
    0x8, 0xe2, 0x0, 0x5, 0xc1, 0x0, 0x0, 0x0,
    0x4, 0xf1, 0x0, 0x4f, 0x10, 0x4, 0xf1, 0x0,
    0x4f, 0x10, 0x4, 0xf1, 0x0, 0x4f, 0x10, 0x4,
    0xf1, 0x0, 0x4f, 0x10,

    /* U+00ED "í" */
    0x4, 0xf6, 0x3c, 0x30, 0x0, 0x0, 0x4f, 0x10,
    0x4f, 0x10, 0x4f, 0x10, 0x4f, 0x10, 0x4f, 0x10,
    0x4f, 0x10, 0x4f, 0x10, 0x4f, 0x10,

    /* U+00EE "î" */
    0x9, 0xf7, 0x5, 0xb1, 0xc3, 0x0, 0x0, 0x0,
    0x4f, 0x10, 0x4, 0xf1, 0x0, 0x4f, 0x10, 0x4,
    0xf1, 0x0, 0x4f, 0x10, 0x4, 0xf1, 0x0, 0x4f,
    0x10, 0x4, 0xf1, 0x0,

    /* U+00EF "ï" */
    0x2e, 0x2e, 0x0, 0x20, 0x20, 0x0, 0x0, 0x0,
    0x4f, 0x10, 0x4, 0xf1, 0x0, 0x4f, 0x10, 0x4,
    0xf1, 0x0, 0x4f, 0x10, 0x4, 0xf1, 0x0, 0x4f,
    0x10, 0x4, 0xf1, 0x0,

    /* U+00F0 "ð" */
    0x6, 0xef, 0xd7, 0x64, 0x0, 0x35, 0x5d, 0xff,
    0x30, 0x0, 0xad, 0x82, 0xe6, 0x0, 0x3, 0x0,
    0x7, 0xc0, 0x1, 0xaf, 0xfa, 0x5f, 0x0, 0xbe,
    0x64, 0xbd, 0xf0, 0x2f, 0x40, 0x0, 0xdf, 0x3,
    0xf2, 0x0, 0xa, 0xe0, 0x1f, 0x50, 0x0, 0xe9,
    0x0, 0xae, 0x64, 0xce, 0x10, 0x0, 0x9e, 0xfb,
    0x20, 0x0,

    /* U+00F1 "ñ" */
    0x0, 0x8e, 0x82, 0xd0, 0x0, 0xe, 0x5c, 0xf8,
    0x0, 0x0, 0x20, 0x2, 0x0, 0x4, 0xf4, 0xcf,
    0xe9, 0x0, 0x4f, 0xe8, 0x47, 0xf9, 0x4, 0xf6,
    0x0, 0x7, 0xf0, 0x4f, 0x20, 0x0, 0x4f, 0x14,
    0xf1, 0x0, 0x4, 0xf1, 0x4f, 0x10, 0x0, 0x4f,
    0x14, 0xf1, 0x0, 0x4, 0xf1, 0x4f, 0x10, 0x0,
    0x4f, 0x10,

    /* U+00F2 "ò" */
    0x0, 0x6e, 0x20, 0x0, 0x0, 0x0, 0x5c, 0x10,
    0x0, 0x0, 0x0, 0x0, 0x0, 0x0, 0x6, 0xdf,
    0xc4, 0x0, 0x7, 0xf7, 0x49, 0xf4, 0x0, 0xf7,
    0x0, 0xa, 0xc0, 0x3f, 0x20, 0x0, 0x5f, 0x3,
    0xf2, 0x0, 0x5, 0xf0, 0xf, 0x70, 0x0, 0xac,
    0x0, 0x7f, 0x74, 0x9f, 0x40, 0x0, 0x6d, 0xfc,
    0x40, 0x0,

    /* U+00F3 "ó" */
    0x0, 0x0, 0x4e, 0x40, 0x0, 0x0, 0x2d, 0x30,
    0x0, 0x0, 0x0, 0x0, 0x0, 0x0, 0x6, 0xdf,
    0xc4, 0x0, 0x7, 0xf7, 0x49, 0xf4, 0x0, 0xf7,
    0x0, 0xa, 0xc0, 0x3f, 0x20, 0x0, 0x5f, 0x3,
    0xf2, 0x0, 0x5, 0xf0, 0xf, 0x70, 0x0, 0xac,
    0x0, 0x7f, 0x74, 0x9f, 0x40, 0x0, 0x6d, 0xfc,
    0x40, 0x0,

    /* U+00F4 "ô" */
    0x0, 0xa, 0xf7, 0x0, 0x0, 0x7, 0xa1, 0xc4,
    0x0, 0x0, 0x0, 0x0, 0x0, 0x0, 0x6, 0xdf,
    0xc4, 0x0, 0x7, 0xf7, 0x49, 0xf4, 0x0, 0xf7,
    0x0, 0xa, 0xc0, 0x3f, 0x20, 0x0, 0x5f, 0x3,
    0xf2, 0x0, 0x5, 0xf0, 0xf, 0x70, 0x0, 0xac,
    0x0, 0x7f, 0x74, 0x9f, 0x40, 0x0, 0x6d, 0xfc,
    0x40, 0x0,

    /* U+00F5 "õ" */
    0x0, 0x4e, 0x84, 0x90, 0x0, 0xb, 0x6c, 0xf4,
    0x0, 0x0, 0x20, 0x2, 0x0, 0x0, 0x6, 0xdf,
    0xc4, 0x0, 0x7, 0xf7, 0x48, 0xf4, 0x0, 0xf7,
    0x0, 0x9, 0xc0, 0x3f, 0x20, 0x0, 0x4f, 0x3,
    0xf2, 0x0, 0x4, 0xf0, 0xf, 0x70, 0x0, 0x9c,
    0x0, 0x7f, 0x74, 0x8f, 0x40, 0x0, 0x6d, 0xfc,
    0x40, 0x0,

    /* U+00F6 "ö" */
    0x0, 0x2d, 0x2d, 0x0, 0x0, 0x0, 0x20, 0x20,
    0x0, 0x0, 0x0, 0x0, 0x0, 0x0, 0x6, 0xdf,
    0xc4, 0x0, 0x7, 0xf7, 0x49, 0xf4, 0x0, 0xf7,
    0x0, 0xa, 0xc0, 0x3f, 0x20, 0x0, 0x5f, 0x3,
    0xf2, 0x0, 0x5, 0xf0, 0xf, 0x70, 0x0, 0xac,
    0x0, 0x7f, 0x74, 0x9f, 0x40, 0x0, 0x6d, 0xfc,
    0x40, 0x0,

    /* U+00F7 "÷" */
    0x0, 0x0, 0x0, 0x0, 0x2e, 0x0, 0x0, 0x1,
    0x0, 0x0, 0x0, 0x0, 0xff, 0xff, 0xff, 0x33,
    0x33, 0x33, 0x0, 0x0, 0x0, 0x0, 0x2e, 0x0,
    0x0, 0x1, 0x0,

    /* U+00F8 "ø" */
    0x0, 0x0, 0x0, 0x66, 0x0, 0x6, 0xdf, 0xdf,
    0x0, 0x7, 0xf7, 0x4f, 0xf4, 0x0, 0xf7, 0x2,
    0xaa, 0xc0, 0x3f, 0x20, 0xb2, 0x5f, 0x3, 0xf2,
    0x48, 0x5, 0xf0, 0xf, 0x7c, 0x0, 0xac, 0x0,
    0x7f, 0xd4, 0x9f, 0x40, 0x1, 0xfd, 0xfc, 0x40,
    0x0, 0xa3, 0x0, 0x0, 0x0,

    /* U+00F9 "ù" */
    0x0, 0x9e, 0x20, 0x0, 0x0, 0x0, 0x5c, 0x20,
    0x0, 0x0, 0x0, 0x0, 0x0, 0x4, 0xf1, 0x0,
    0x4, 0xf1, 0x4f, 0x10, 0x0, 0x4f, 0x14, 0xf1,
    0x0, 0x4, 0xf1, 0x4f, 0x10, 0x0, 0x4f, 0x14,
    0xf1, 0x0, 0x5, 0xf1, 0x1f, 0x40, 0x0, 0x9f,
    0x10, 0xcd, 0x54, 0x8f, 0xf1, 0x1, 0xae, 0xfb,
    0x5f, 0x10,

    /* U+00FA "ú" */
    0x0, 0x0, 0x4e, 0x70, 0x0, 0x0, 0x3d, 0x40,
    0x0, 0x0, 0x0, 0x0, 0x0, 0x4, 0xf1, 0x0,
    0x4, 0xf1, 0x4f, 0x10, 0x0, 0x4f, 0x14, 0xf1,
    0x0, 0x4, 0xf1, 0x4f, 0x10, 0x0, 0x4f, 0x14,
    0xf1, 0x0, 0x5, 0xf1, 0x1f, 0x40, 0x0, 0x9f,
    0x10, 0xce, 0x64, 0x9f, 0xf1, 0x1, 0xae, 0xfb,
    0x5f, 0x10,

    /* U+00FB "û" */
    0x0, 0xc, 0xe9, 0x0, 0x0, 0xa, 0x80, 0x98,
    0x0, 0x0, 0x0, 0x0, 0x0, 0x4, 0xf1, 0x0,
    0x4, 0xf1, 0x4f, 0x10, 0x0, 0x4f, 0x14, 0xf1,
    0x0, 0x4, 0xf1, 0x4f, 0x10, 0x0, 0x4f, 0x14,
    0xf1, 0x0, 0x5, 0xf1, 0x1f, 0x40, 0x0, 0x9f,
    0x10, 0xcd, 0x54, 0x8f, 0xf1, 0x1, 0xae, 0xfb,
    0x5f, 0x10,

    /* U+00FC "ü" */
    0x0, 0x2d, 0x2d, 0x0, 0x0, 0x0, 0x20, 0x20,
    0x0, 0x0, 0x0, 0x0, 0x0, 0x4, 0xf1, 0x0,
    0x4, 0xf1, 0x4f, 0x10, 0x0, 0x4f, 0x14, 0xf1,
    0x0, 0x4, 0xf1, 0x4f, 0x10, 0x0, 0x4f, 0x14,
    0xf1, 0x0, 0x5, 0xf1, 0x1f, 0x40, 0x0, 0x9f,
    0x10, 0xce, 0x64, 0x9f, 0xf1, 0x1, 0xae, 0xfb,
    0x5f, 0x10,

    /* U+00FD "ý" */
    0x0, 0x0, 0x1d, 0xa0, 0x0, 0x0, 0xb, 0x70,
    0x0, 0x0, 0x0, 0x0, 0x0, 0x0, 0xd9, 0x0,
    0x0, 0xaa, 0x6, 0xf0, 0x0, 0x1f, 0x30, 0xf,
    0x60, 0x7, 0xd0, 0x0, 0x9c, 0x0, 0xd6, 0x0,
    0x2, 0xf3, 0x4f, 0x0, 0x0, 0xc, 0x9a, 0x90,
    0x0, 0x0, 0x5f, 0xf2, 0x0, 0x0, 0x0, 0xec,
    0x0, 0x0, 0x0, 0xe, 0x50, 0x0, 0x9, 0x4a,
    0xd0, 0x0, 0x1, 0xbf, 0xc2, 0x0, 0x0,

    /* U+00FE "þ" */
    0x4f, 0x10, 0x0, 0x0, 0x4, 0xf1, 0x0, 0x0,
    0x0, 0x4f, 0x10, 0x0, 0x0, 0x4, 0xf5, 0xcf,
    0xd5, 0x0, 0x4f, 0xf7, 0x49, 0xf5, 0x4, 0xf7,
    0x0, 0xa, 0xd0, 0x4f, 0x20, 0x0, 0x5f, 0x4,
    0xf2, 0x0, 0x5, 0xf0, 0x4f, 0x70, 0x0, 0xad,
    0x4, 0xff, 0x74, 0x9f, 0x50, 0x4f, 0x5c, 0xfd,
    0x50, 0x4, 0xf1, 0x0, 0x0, 0x0, 0x4f, 0x10,
    0x0, 0x0, 0x4, 0xf1, 0x0, 0x0, 0x0,

    /* U+00FF "ÿ" */
    0x0, 0x2e, 0x2, 0xd0, 0x0, 0x0, 0x2, 0x0,
    0x20, 0x0, 0x0, 0x0, 0x0, 0x0, 0x0, 0xc,
    0xa0, 0x0, 0x5, 0xe0, 0x6, 0xf1, 0x0, 0xb,
    0x80, 0x0, 0xf8, 0x0, 0x2f, 0x20, 0x0, 0x9e,
    0x0, 0x9b, 0x0, 0x0, 0x2f, 0x60, 0xe4, 0x0,
    0x0, 0xc, 0xd6, 0xd0, 0x0, 0x0, 0x5, 0xfe,
    0x60, 0x0, 0x0, 0x0, 0xef, 0x0, 0x0, 0x0,
    0x0, 0xe8, 0x0, 0x0, 0x9, 0x4a, 0xf1, 0x0,
    0x0, 0x1b, 0xfd, 0x40, 0x0, 0x0,

    /* U+0100 "Ā" */
    0x0, 0x0, 0x0, 0x0, 0x0, 0x0, 0x0, 0x2,
    0xff, 0xff, 0x60, 0x0, 0x0, 0x0, 0x33, 0x33,
    0x10, 0x0, 0x0, 0x0, 0x0, 0x0, 0x0, 0x0,
    0x0, 0x0, 0xc, 0xf1, 0x0, 0x0, 0x0, 0x0,
    0x3f, 0xd7, 0x0, 0x0, 0x0, 0x0, 0xb9, 0x6e,
    0x0, 0x0, 0x0, 0x2, 0xf2, 0xe, 0x50, 0x0,
    0x0, 0x9, 0xa0, 0x7, 0xd0, 0x0, 0x0, 0x1f,
    0x30, 0x0, 0xf4, 0x0, 0x0, 0x7f, 0xff, 0xff,
    0xfb, 0x0, 0x0, 0xe7, 0x33, 0x33, 0x4f, 0x20,
    0x5, 0xf0, 0x0, 0x0, 0xc, 0x90, 0xc, 0x90,
    0x0, 0x0, 0x6, 0xf1,

    /* U+0101 "ā" */
    0x2, 0xff, 0xff, 0x40, 0x0, 0x44, 0x44, 0x10,
    0x4, 0xcf, 0xea, 0x10, 0xa, 0x74, 0x5d, 0xa0,
    0x0, 0x0, 0x5, 0xf0, 0x5, 0xdf, 0xff, 0xf1,
    0x1f, 0x93, 0x36, 0xf1, 0x3f, 0x20, 0x6, 0xf1,
    0x1f, 0xa4, 0x6e, 0xf1, 0x4, 0xdf, 0xc6, 0xf1,

    /* U+0102 "Ă" */
    0x0, 0x7, 0x0, 0x33, 0x0, 0x0, 0x0, 0xd5,
    0x1c, 0x50, 0x0, 0x0, 0x4, 0xff, 0xb0, 0x0,
    0x0, 0x0, 0x1, 0x20, 0x0, 0x0, 0x0, 0x0,
    0xaf, 0x20, 0x0, 0x0, 0x0, 0x2f, 0xd9, 0x0,
    0x0, 0x0, 0x9, 0xb4, 0xf1, 0x0, 0x0, 0x0,
    0xf4, 0xc, 0x70, 0x0, 0x0, 0x7c, 0x0, 0x5e,
    0x0, 0x0, 0xe, 0x50, 0x0, 0xd6, 0x0, 0x5,
    0xff, 0xff, 0xff, 0xd0, 0x0, 0xc9, 0x33, 0x33,
    0x3f, 0x40, 0x3f, 0x20, 0x0, 0x0, 0xab, 0xa,
    0xb0, 0x0, 0x0, 0x4, 0xf2,

    /* U+0103 "ă" */
    0x0, 0xe2, 0x1d, 0x20, 0x0, 0x8f, 0xfa, 0x0,
    0x0, 0x1, 0x20, 0x0, 0x4, 0xcf, 0xea, 0x10,
    0xa, 0x84, 0x5d, 0xa0, 0x0, 0x0, 0x5, 0xf0,
    0x4, 0xce, 0xef, 0xf1, 0x1f, 0x82, 0x15, 0xf1,
    0x3f, 0x20, 0x6, 0xf1, 0x1f, 0xa4, 0x7e, 0xf1,
    0x4, 0xdf, 0xc6, 0xf1,

    /* U+0104 "Ą" */
    0x0, 0x0, 0xbf, 0x20, 0x0, 0x0, 0x0, 0x2,
    0xfd, 0xa0, 0x0, 0x0, 0x0, 0x9, 0xb4, 0xf2,
    0x0, 0x0, 0x0, 0x1f, 0x30, 0xc9, 0x0, 0x0,
    0x0, 0x7c, 0x0, 0x5f, 0x10, 0x0, 0x0, 0xe5,
    0x0, 0xe, 0x90, 0x0, 0x5, 0xff, 0xff, 0xff,
    0xf1, 0x0, 0xc, 0x83, 0x33, 0x33, 0xe8, 0x0,
    0x3f, 0x10, 0x0, 0x0, 0x7f, 0x10, 0xab, 0x0,
    0x0, 0x0, 0xf, 0xb0, 0x0, 0x0, 0x0, 0x0,
    0xaa, 0x10, 0x0, 0x0, 0x0, 0x3, 0xf7, 0x40,
    0x0, 0x0, 0x0, 0x0, 0xbf, 0xc0,

    /* U+0105 "ą" */
    0x4, 0xcf, 0xea, 0x10, 0xa, 0x85, 0x4a, 0xa0,
    0x0, 0x0, 0x0, 0xe0, 0x4, 0xdf, 0xff, 0xf1,
    0x1f, 0xa4, 0x33, 0xf1, 0x3f, 0x20, 0x1, 0xf1,
    0xf, 0xb4, 0x5d, 0xf1, 0x3, 0xcf, 0xd7, 0xf1,
    0x0, 0x0, 0xd, 0x70, 0x0, 0x0, 0x3f, 0x61,
    0x0, 0x0, 0xc, 0xe3,

    /* U+0106 "Ć" */
    0x0, 0x0, 0x0, 0x47, 0x0, 0x0, 0x0, 0x5,
    0xe3, 0x0, 0x0, 0x0, 0x7, 0x20, 0x0, 0x0,
    0x0, 0x0, 0x0, 0x0, 0x0, 0x6, 0xcf, 0xfc,
    0x50, 0x0, 0xcf, 0x84, 0x49, 0xf5, 0x9, 0xe2,
    0x0, 0x0, 0x20, 0xf, 0x60, 0x0, 0x0, 0x0,
    0x3f, 0x20, 0x0, 0x0, 0x0, 0x3f, 0x20, 0x0,
    0x0, 0x0, 0xf, 0x60, 0x0, 0x0, 0x0, 0x9,
    0xe2, 0x0, 0x0, 0x20, 0x0, 0xcf, 0x84, 0x49,
    0xf5, 0x0, 0x7, 0xcf, 0xfc, 0x50,

    /* U+0107 "ć" */
    0x0, 0x0, 0x4f, 0x50, 0x0, 0x3, 0xd3, 0x0,
    0x0, 0x0, 0x0, 0x0, 0x0, 0x5c, 0xfe, 0x70,
    0x7, 0xf8, 0x47, 0xf6, 0xf, 0x70, 0x0, 0x20,
    0x3f, 0x20, 0x0, 0x0, 0x3f, 0x20, 0x0, 0x0,
    0xf, 0x70, 0x0, 0x20, 0x6, 0xf8, 0x47, 0xf6,
    0x0, 0x5d, 0xfe, 0x70,

    /* U+0108 "Ĉ" */
    0x0, 0x0, 0x7, 0x50, 0x0, 0x0, 0x0, 0xc9,
    0xd5, 0x0, 0x0, 0x4, 0x60, 0x17, 0x0, 0x0,
    0x0, 0x0, 0x0, 0x0, 0x0, 0x6, 0xcf, 0xfc,
    0x50, 0x0, 0xcf, 0x84, 0x49, 0xf5, 0x9, 0xe2,
    0x0, 0x0, 0x20, 0xf, 0x60, 0x0, 0x0, 0x0,
    0x3f, 0x20, 0x0, 0x0, 0x0, 0x3f, 0x20, 0x0,
    0x0, 0x0, 0xf, 0x60, 0x0, 0x0, 0x0, 0x9,
    0xe2, 0x0, 0x0, 0x20, 0x0, 0xcf, 0x84, 0x49,
    0xf5, 0x0, 0x7, 0xcf, 0xfc, 0x50,

    /* U+0109 "ĉ" */
    0x0, 0xb, 0xf8, 0x0, 0x0, 0x99, 0x1b, 0x60,
    0x0, 0x0, 0x0, 0x0, 0x0, 0x5c, 0xfe, 0x70,
    0x7, 0xf8, 0x47, 0xf6, 0xf, 0x70, 0x0, 0x20,
    0x3f, 0x20, 0x0, 0x0, 0x3f, 0x20, 0x0, 0x0,
    0xf, 0x70, 0x0, 0x20, 0x6, 0xf8, 0x47, 0xf6,
    0x0, 0x5d, 0xfe, 0x70,

    /* U+010A "Ċ" */
    0x0, 0x0, 0x0, 0x0, 0x0, 0x0, 0x0, 0x2e,
    0x0, 0x0, 0x0, 0x0, 0x2, 0x0, 0x0, 0x0,
    0x0, 0x0, 0x0, 0x0, 0x0, 0x8, 0xdf, 0xe9,
    0x10, 0x1, 0xde, 0x74, 0x6c, 0xd0, 0xa, 0xe1,
    0x0, 0x0, 0x20, 0xf, 0x60, 0x0, 0x0, 0x0,
    0x3f, 0x20, 0x0, 0x0, 0x0, 0x3f, 0x20, 0x0,
    0x0, 0x0, 0xf, 0x60, 0x0, 0x0, 0x0, 0xa,
    0xe1, 0x0, 0x0, 0x20, 0x1, 0xde, 0x74, 0x6c,
    0xd0, 0x0, 0x8, 0xdf, 0xe9, 0x10,

    /* U+010B "ċ" */
    0x0, 0x2, 0xd0, 0x0, 0x0, 0x0, 0x20, 0x0,
    0x0, 0x0, 0x0, 0x0, 0x0, 0x6d, 0xfd, 0x60,
    0x7, 0xf8, 0x47, 0xf4, 0xf, 0x70, 0x0, 0x20,
    0x3f, 0x20, 0x0, 0x0, 0x3f, 0x20, 0x0, 0x0,
    0xf, 0x70, 0x0, 0x20, 0x7, 0xf8, 0x47, 0xf4,
    0x0, 0x6d, 0xfd, 0x60,

    /* U+010C "Č" */
    0x0, 0x4, 0x60, 0x17, 0x0, 0x0, 0x0, 0xc9,
    0xd5, 0x0, 0x0, 0x0, 0x17, 0x50, 0x0, 0x0,
    0x0, 0x0, 0x0, 0x0, 0x0, 0x6, 0xcf, 0xfc,
    0x50, 0x0, 0xcf, 0x84, 0x49, 0xf5, 0x9, 0xe2,
    0x0, 0x0, 0x20, 0xf, 0x60, 0x0, 0x0, 0x0,
    0x3f, 0x20, 0x0, 0x0, 0x0, 0x3f, 0x20, 0x0,
    0x0, 0x0, 0xf, 0x60, 0x0, 0x0, 0x0, 0x9,
    0xe2, 0x0, 0x0, 0x20, 0x0, 0xcf, 0x84, 0x49,
    0xf5, 0x0, 0x7, 0xcf, 0xfc, 0x50,

    /* U+010D "č" */
    0x0, 0xaa, 0x1c, 0x60, 0x0, 0xa, 0xe7, 0x0,
    0x0, 0x0, 0x0, 0x0, 0x0, 0x5c, 0xfe, 0x70,
    0x7, 0xf8, 0x47, 0xf6, 0xf, 0x70, 0x0, 0x20,
    0x3f, 0x20, 0x0, 0x0, 0x3f, 0x20, 0x0, 0x0,
    0xf, 0x70, 0x0, 0x20, 0x6, 0xf8, 0x47, 0xf6,
    0x0, 0x5d, 0xfe, 0x70,

    /* U+010E "Ď" */
    0x0, 0x54, 0x3, 0x60, 0x0, 0x0, 0x2, 0xe8,
    0xe2, 0x0, 0x0, 0x0, 0x2, 0x83, 0x0, 0x0,
    0x0, 0x0, 0x0, 0x0, 0x0, 0x0, 0x4f, 0xff,
    0xfe, 0xc5, 0x0, 0x4, 0xf5, 0x44, 0x59, 0xfa,
    0x0, 0x4f, 0x10, 0x0, 0x3, 0xf6, 0x4, 0xf1,
    0x0, 0x0, 0x9, 0xd0, 0x4f, 0x10, 0x0, 0x0,
    0x5f, 0x4, 0xf1, 0x0, 0x0, 0x5, 0xf0, 0x4f,
    0x10, 0x0, 0x0, 0x9d, 0x4, 0xf1, 0x0, 0x0,
    0x3f, 0x60, 0x4f, 0x54, 0x45, 0x9f, 0xa0, 0x4,
    0xff, 0xff, 0xec, 0x50, 0x0,

    /* U+010F "ď" */
    0x0, 0x0, 0x0, 0x0, 0x3, 0xe1, 0x0, 0x0,
    0x0, 0x4f, 0x14, 0xf1, 0x0, 0x0, 0x0, 0x4f,
    0x14, 0xf1, 0x0, 0x0, 0x0, 0x4f, 0x10, 0x0,
    0x0, 0x7e, 0xfb, 0x6f, 0x10, 0x0, 0x8, 0xf7,
    0x49, 0xff, 0x10, 0x0, 0xf, 0x70, 0x0, 0xaf,
    0x10, 0x0, 0x3f, 0x20, 0x0, 0x5f, 0x10, 0x0,
    0x3f, 0x20, 0x0, 0x5f, 0x10, 0x0, 0xf, 0x70,
    0x0, 0xaf, 0x10, 0x0, 0x8, 0xf7, 0x49, 0xff,
    0x10, 0x0, 0x0, 0x7e, 0xfb, 0x5f, 0x10, 0x0,

    /* U+0110 "Đ" */
    0x4, 0xff, 0xff, 0xec, 0x50, 0x0, 0x4, 0xf5,
    0x44, 0x59, 0xfa, 0x0, 0x4, 0xf1, 0x0, 0x0,
    0x3f, 0x60, 0x4, 0xf2, 0x0, 0x0, 0x9, 0xd0,
    0xbf, 0xff, 0xfe, 0x0, 0x5, 0xf0, 0x27, 0xf5,
    0x33, 0x0, 0x5, 0xf0, 0x4, 0xf1, 0x0, 0x0,
    0x9, 0xd0, 0x4, 0xf1, 0x0, 0x0, 0x3f, 0x60,
    0x4, 0xf5, 0x44, 0x59, 0xfa, 0x0, 0x4, 0xff,
    0xff, 0xec, 0x50, 0x0,

    /* U+0111 "đ" */
    0x0, 0x0, 0x0, 0x4f, 0x10, 0x0, 0x0, 0xee,
    0xff, 0xf4, 0x0, 0x0, 0x11, 0x5f, 0x20, 0x0,
    0x7e, 0xfb, 0x6f, 0x10, 0x8, 0xf7, 0x49, 0xff,
    0x10, 0xf, 0x70, 0x0, 0xaf, 0x10, 0x3f, 0x20,
    0x0, 0x5f, 0x10, 0x3f, 0x20, 0x0, 0x5f, 0x10,
    0xf, 0x70, 0x0, 0xaf, 0x10, 0x8, 0xf7, 0x49,
    0xff, 0x10, 0x0, 0x7e, 0xfb, 0x5f, 0x10,

    /* U+0112 "Ē" */
    0x0, 0x0, 0x0, 0x0, 0x1, 0xff, 0xff, 0x70,
    0x0, 0x33, 0x33, 0x10, 0x0, 0x0, 0x0, 0x0,
    0x4f, 0xff, 0xff, 0xf9, 0x4f, 0x54, 0x44, 0x42,
    0x4f, 0x10, 0x0, 0x0, 0x4f, 0x10, 0x0, 0x0,
    0x4f, 0xff, 0xff, 0xf0, 0x4f, 0x43, 0x33, 0x30,
    0x4f, 0x10, 0x0, 0x0, 0x4f, 0x10, 0x0, 0x0,
    0x4f, 0x54, 0x44, 0x43, 0x4f, 0xff, 0xff, 0xfc,

    /* U+0113 "ē" */
    0xa, 0xff, 0xfa, 0x0, 0x24, 0x44, 0x20, 0x4,
    0xdf, 0xd5, 0x4, 0xf7, 0x47, 0xf5, 0xb7, 0x0,
    0x6, 0xcf, 0xff, 0xff, 0xff, 0xf8, 0x33, 0x33,
    0x3b, 0xb0, 0x0, 0x10, 0x3f, 0xa4, 0x5d, 0x50,
    0x4c, 0xfe, 0x90,

    /* U+0114 "Ĕ" */
    0x0, 0x60, 0x5, 0x10, 0x0, 0xe4, 0x2e, 0x10,
    0x0, 0x6f, 0xf8, 0x0, 0x0, 0x1, 0x10, 0x0,
    0x4f, 0xff, 0xff, 0xf6, 0x4f, 0x54, 0x44, 0x41,
    0x4f, 0x10, 0x0, 0x0, 0x4f, 0x10, 0x0, 0x0,
    0x4f, 0xff, 0xff, 0xd0, 0x4f, 0x43, 0x33, 0x20,
    0x4f, 0x10, 0x0, 0x0, 0x4f, 0x10, 0x0, 0x0,
    0x4f, 0x54, 0x44, 0x42, 0x4f, 0xff, 0xff, 0xf9,

    /* U+0115 "ĕ" */
    0x8, 0x81, 0x78, 0x0, 0x2e, 0xfe, 0x20, 0x0,
    0x2, 0x0, 0x0, 0x4d, 0xfd, 0x50, 0x4f, 0x84,
    0x7f, 0x5b, 0x70, 0x0, 0x7c, 0xff, 0xee, 0xef,
    0xff, 0x71, 0x11, 0x11, 0xbb, 0x0, 0x1, 0x3,
    0xfa, 0x55, 0xd5, 0x4, 0xcf, 0xe9, 0x0,

    /* U+0116 "Ė" */
    0x0, 0x0, 0x0, 0x0, 0x0, 0x2, 0xe0, 0x0,
    0x0, 0x0, 0x20, 0x0, 0x0, 0x0, 0x0, 0x0,
    0x4f, 0xff, 0xff, 0xfb, 0x4f, 0x54, 0x44, 0x42,
    0x4f, 0x10, 0x0, 0x0, 0x4f, 0x10, 0x0, 0x0,
    0x4f, 0xff, 0xff, 0xf1, 0x4f, 0x43, 0x33, 0x30,
    0x4f, 0x10, 0x0, 0x0, 0x4f, 0x10, 0x0, 0x0,
    0x4f, 0x54, 0x44, 0x43, 0x4f, 0xff, 0xff, 0xfe,

    /* U+0117 "ė" */
    0x0, 0x2d, 0x0, 0x0, 0x0, 0x20, 0x0, 0x0,
    0x0, 0x0, 0x0, 0x4d, 0xfd, 0x50, 0x4f, 0x74,
    0x7f, 0x5b, 0x70, 0x0, 0x8c, 0xff, 0xff, 0xff,
    0xff, 0x83, 0x33, 0x33, 0xbb, 0x0, 0x1, 0x4,
    0xfa, 0x46, 0xe4, 0x4, 0xcf, 0xe9, 0x0,

    /* U+0118 "Ę" */
    0x4f, 0xff, 0xff, 0xf8, 0x4, 0xf5, 0x44, 0x44,
    0x20, 0x4f, 0x10, 0x0, 0x0, 0x4, 0xf1, 0x0,
    0x0, 0x0, 0x4f, 0xff, 0xff, 0xf0, 0x4, 0xf4,
    0x33, 0x33, 0x0, 0x4f, 0x10, 0x0, 0x0, 0x4,
    0xf1, 0x0, 0x0, 0x0, 0x4f, 0x54, 0x44, 0x42,
    0x4, 0xff, 0xff, 0xff, 0xe0, 0x0, 0x0, 0x9,
    0x91, 0x0, 0x0, 0x3, 0xf7, 0x40, 0x0, 0x0,
    0xb, 0xfc, 0x0,

    /* U+0119 "ę" */
    0x4, 0xdf, 0xd5, 0x4, 0xf8, 0x46, 0xd5, 0xb8,
    0x0, 0x2, 0xcf, 0xff, 0xff, 0xff, 0xf8, 0x33,
    0x33, 0x3b, 0xc0, 0x0, 0x0, 0x2f, 0xb5, 0x5b,
    0x70, 0x2b, 0xef, 0xd1, 0x0, 0x0, 0xc4, 0x0,
    0x0, 0x3f, 0x62, 0x0, 0x0, 0xcf, 0x50,

    /* U+011A "Ě" */
    0x0, 0x71, 0x6, 0x30, 0x0, 0x6d, 0xab, 0x0,
    0x0, 0x5, 0x70, 0x0, 0x0, 0x0, 0x0, 0x0,
    0x4f, 0xff, 0xff, 0xf9, 0x4f, 0x54, 0x44, 0x42,
    0x4f, 0x10, 0x0, 0x0, 0x4f, 0x10, 0x0, 0x0,
    0x4f, 0xff, 0xff, 0xf0, 0x4f, 0x43, 0x33, 0x30,
    0x4f, 0x10, 0x0, 0x0, 0x4f, 0x10, 0x0, 0x0,
    0x4f, 0x54, 0x44, 0x43, 0x4f, 0xff, 0xff, 0xfc,

    /* U+011B "ě" */
    0x6, 0xc1, 0xc6, 0x0, 0x7, 0xe8, 0x0, 0x0,
    0x0, 0x0, 0x0, 0x4d, 0xfd, 0x50, 0x4f, 0x84,
    0x7f, 0x5b, 0x70, 0x0, 0x7c, 0xff, 0xee, 0xef,
    0xff, 0x71, 0x11, 0x11, 0xbb, 0x0, 0x1, 0x3,
    0xfa, 0x55, 0xd5, 0x4, 0xcf, 0xe9, 0x0,

    /* U+011C "Ĝ" */
    0x0, 0x0, 0x7, 0x70, 0x0, 0x0, 0x0, 0xa,
    0xbb, 0xb0, 0x0, 0x0, 0x3, 0x70, 0x6, 0x30,
    0x0, 0x0, 0x0, 0x0, 0x0, 0x0, 0x0, 0x5,
    0xbe, 0xfd, 0x81, 0x0, 0xb, 0xf9, 0x54, 0x6d,
    0xd0, 0x8, 0xf3, 0x0, 0x0, 0x2, 0x0, 0xf7,
    0x0, 0x0, 0x0, 0x0, 0x3f, 0x20, 0x0, 0x0,
    0x0, 0x3, 0xf2, 0x0, 0x0, 0x4, 0xf1, 0xf,
    0x60, 0x0, 0x0, 0x4f, 0x10, 0x8f, 0x30, 0x0,
    0x4, 0xf1, 0x0, 0xbf, 0x95, 0x46, 0xcf, 0x0,
    0x0, 0x5c, 0xef, 0xd9, 0x20,

    /* U+011D "ĝ" */
    0x0, 0x8, 0xf8, 0x0, 0x0, 0x5, 0xb1, 0xb5,
    0x0, 0x0, 0x0, 0x0, 0x0, 0x0, 0x7, 0xef,
    0xb5, 0xf1, 0x8, 0xf8, 0x49, 0xff, 0x10, 0xf7,
    0x0, 0xa, 0xf1, 0x3f, 0x20, 0x0, 0x5f, 0x13,
    0xf2, 0x0, 0x5, 0xf1, 0xf, 0x70, 0x0, 0xaf,
    0x10, 0x8f, 0x74, 0x9f, 0xf1, 0x0, 0x7e, 0xfb,
    0x6f, 0x0, 0x0, 0x0, 0x8, 0xe0, 0xa, 0xb6,
    0x47, 0xf7, 0x0, 0x2a, 0xef, 0xd6, 0x0,

    /* U+011E "Ğ" */
    0x0, 0x2, 0x50, 0x4, 0x30, 0x0, 0x0, 0x3e,
    0x22, 0xd4, 0x0, 0x0, 0x0, 0x9f, 0xfa, 0x0,
    0x0, 0x0, 0x0, 0x12, 0x0, 0x0, 0x0, 0x5,
    0xbe, 0xfd, 0x81, 0x0, 0xb, 0xf9, 0x54, 0x6d,
    0xd0, 0x8, 0xf3, 0x0, 0x0, 0x2, 0x0, 0xf7,
    0x0, 0x0, 0x0, 0x0, 0x3f, 0x20, 0x0, 0x0,
    0x0, 0x3, 0xf2, 0x0, 0x0, 0x4, 0xf1, 0xf,
    0x60, 0x0, 0x0, 0x4f, 0x10, 0x8f, 0x30, 0x0,
    0x4, 0xf1, 0x0, 0xbf, 0x95, 0x46, 0xcf, 0x0,
    0x0, 0x5c, 0xef, 0xd9, 0x20,

    /* U+011F "ğ" */
    0x0, 0x79, 0x16, 0x90, 0x0, 0x1, 0xdf, 0xe3,
    0x0, 0x0, 0x0, 0x20, 0x0, 0x0, 0x7, 0xdf,
    0xc4, 0xf1, 0x8, 0xf8, 0x48, 0xff, 0x10, 0xf7,
    0x0, 0x8, 0xf1, 0x3f, 0x20, 0x0, 0x3f, 0x13,
    0xf2, 0x0, 0x3, 0xf1, 0xf, 0x70, 0x0, 0x8f,
    0x10, 0x8f, 0x74, 0x8f, 0xf1, 0x0, 0x7e, 0xfc,
    0x5f, 0x0, 0x0, 0x0, 0x6, 0xe0, 0xa, 0xb6,
    0x47, 0xe7, 0x0, 0x2a, 0xef, 0xd6, 0x0,

    /* U+0120 "Ġ" */
    0x0, 0x0, 0x0, 0x0, 0x0, 0x0, 0x0, 0x2,
    0xe0, 0x0, 0x0, 0x0, 0x0, 0x2, 0x0, 0x0,
    0x0, 0x0, 0x0, 0x0, 0x0, 0x0, 0x0, 0x5,
    0xbe, 0xfd, 0x81, 0x0, 0xb, 0xf9, 0x54, 0x6d,
    0xd0, 0x8, 0xf3, 0x0, 0x0, 0x2, 0x0, 0xf7,
    0x0, 0x0, 0x0, 0x0, 0x3f, 0x20, 0x0, 0x0,
    0x0, 0x3, 0xf2, 0x0, 0x0, 0x4, 0xf1, 0xf,
    0x60, 0x0, 0x0, 0x4f, 0x10, 0x8f, 0x30, 0x0,
    0x4, 0xf1, 0x0, 0xbf, 0x95, 0x46, 0xcf, 0x0,
    0x0, 0x5c, 0xef, 0xd9, 0x20,

    /* U+0121 "ġ" */
    0x0, 0x2, 0xd0, 0x0, 0x0, 0x0, 0x2, 0x0,
    0x0, 0x0, 0x0, 0x0, 0x0, 0x0, 0x7, 0xef,
    0xb5, 0xf1, 0x8, 0xf8, 0x49, 0xff, 0x10, 0xf7,
    0x0, 0xa, 0xf1, 0x3f, 0x20, 0x0, 0x5f, 0x13,
    0xf2, 0x0, 0x5, 0xf1, 0xf, 0x70, 0x0, 0xaf,
    0x10, 0x8f, 0x74, 0x9f, 0xf1, 0x0, 0x7e, 0xfb,
    0x6f, 0x0, 0x0, 0x0, 0x8, 0xe0, 0xa, 0xb6,
    0x47, 0xf7, 0x0, 0x2a, 0xef, 0xd6, 0x0,

    /* U+0122 "Ģ" */
    0x0, 0x5, 0xbe, 0xfd, 0x81, 0x0, 0xb, 0xf9,
    0x54, 0x6d, 0xd0, 0x8, 0xf3, 0x0, 0x0, 0x2,
    0x0, 0xf7, 0x0, 0x0, 0x0, 0x0, 0x3f, 0x20,
    0x0, 0x0, 0x0, 0x3, 0xf2, 0x0, 0x0, 0x4,
    0xf1, 0xf, 0x60, 0x0, 0x0, 0x4f, 0x10, 0x8f,
    0x30, 0x0, 0x4, 0xf1, 0x0, 0xbf, 0x95, 0x46,
    0xcf, 0x0, 0x0, 0x5c, 0xef, 0xd9, 0x20, 0x0,
    0x0, 0x0, 0x0, 0x0, 0x0, 0x0, 0x0, 0x87,
    0x0, 0x0, 0x0, 0x0, 0x8, 0x90, 0x0, 0x0,
    0x0, 0x0, 0x84, 0x0, 0x0,

    /* U+0123 "ģ" */
    0x0, 0x0, 0x91, 0x0, 0x0, 0x0, 0xd, 0x0,
    0x0, 0x0, 0x1, 0xe2, 0x0, 0x0, 0x0, 0x0,
    0x0, 0x0, 0x0, 0x7e, 0xfb, 0x5f, 0x10, 0x8f,
    0x84, 0x9f, 0xf1, 0xf, 0x70, 0x0, 0xaf, 0x13,
    0xf2, 0x0, 0x5, 0xf1, 0x3f, 0x20, 0x0, 0x5f,
    0x10, 0xf7, 0x0, 0xa, 0xf1, 0x8, 0xf7, 0x49,
    0xff, 0x10, 0x7, 0xef, 0xb6, 0xf0, 0x0, 0x0,
    0x0, 0x8e, 0x0, 0xab, 0x64, 0x7f, 0x70, 0x2,
    0xae, 0xfd, 0x60, 0x0,

    /* U+0124 "Ĥ" */
    0x0, 0x0, 0x76, 0x0, 0x0, 0x0, 0xa, 0xac,
    0x70, 0x0, 0x0, 0x36, 0x0, 0x71, 0x0, 0x0,
    0x0, 0x0, 0x0, 0x0, 0x4f, 0x10, 0x0, 0x4,
    0xf1, 0x4f, 0x10, 0x0, 0x4, 0xf1, 0x4f, 0x10,
    0x0, 0x4, 0xf1, 0x4f, 0x20, 0x0, 0x4, 0xf1,
    0x4f, 0xff, 0xff, 0xff, 0xf1, 0x4f, 0x43, 0x33,
    0x37, 0xf1, 0x4f, 0x10, 0x0, 0x4, 0xf1, 0x4f,
    0x10, 0x0, 0x4, 0xf1, 0x4f, 0x10, 0x0, 0x4,
    0xf1, 0x4f, 0x10, 0x0, 0x4, 0xf1,

    /* U+0125 "ĥ" */
    0x0, 0xbf, 0x80, 0x0, 0x0, 0x0, 0xaa, 0x1b,
    0x80, 0x0, 0x0, 0x0, 0x0, 0x0, 0x0, 0x0,
    0x0, 0x4, 0xf1, 0x0, 0x0, 0x0, 0x0, 0x4f,
    0x10, 0x0, 0x0, 0x0, 0x4, 0xf1, 0x0, 0x0,
    0x0, 0x0, 0x4f, 0x5c, 0xfe, 0x90, 0x0, 0x4,
    0xff, 0x84, 0x7f, 0x90, 0x0, 0x4f, 0x60, 0x0,
    0x7f, 0x0, 0x4, 0xf2, 0x0, 0x4, 0xf1, 0x0,
    0x4f, 0x10, 0x0, 0x4f, 0x10, 0x4, 0xf1, 0x0,
    0x4, 0xf1, 0x0, 0x4f, 0x10, 0x0, 0x4f, 0x10,
    0x4, 0xf1, 0x0, 0x4, 0xf1,

    /* U+0126 "Ħ" */
    0x4, 0xf1, 0x0, 0x0, 0x4f, 0x10, 0xcf, 0xff,
    0xff, 0xff, 0xff, 0xfb, 0x27, 0xf4, 0x33, 0x33,
    0x7f, 0x42, 0x4, 0xf1, 0x0, 0x0, 0x4f, 0x10,
    0x4, 0xff, 0xff, 0xff, 0xff, 0x10, 0x4, 0xf4,
    0x33, 0x33, 0x6f, 0x10, 0x4, 0xf1, 0x0, 0x0,
    0x4f, 0x10, 0x4, 0xf1, 0x0, 0x0, 0x4f, 0x10,
    0x4, 0xf1, 0x0, 0x0, 0x4f, 0x10, 0x4, 0xf1,
    0x0, 0x0, 0x4f, 0x10,

    /* U+0127 "ħ" */
    0x4, 0xf1, 0x0, 0x0, 0x0, 0xbf, 0xff, 0xee,
    0x30, 0x0, 0x15, 0xf3, 0x11, 0x0, 0x0, 0x4,
    0xf5, 0xcf, 0xe9, 0x0, 0x4, 0xff, 0x84, 0x7f,
    0x90, 0x4, 0xf6, 0x0, 0x7, 0xf0, 0x4, 0xf2,
    0x0, 0x4, 0xf1, 0x4, 0xf1, 0x0, 0x4, 0xf1,
    0x4, 0xf1, 0x0, 0x4, 0xf1, 0x4, 0xf1, 0x0,
    0x4, 0xf1, 0x4, 0xf1, 0x0, 0x4, 0xf1,

    /* U+0128 "Ĩ" */
    0x0, 0x0, 0x4, 0xf8, 0x3a, 0xa2, 0xaf, 0x52,
    0x0, 0x20, 0x4, 0xf1, 0x0, 0x4f, 0x10, 0x4,
    0xf1, 0x0, 0x4f, 0x10, 0x4, 0xf1, 0x0, 0x4f,
    0x10, 0x4, 0xf1, 0x0, 0x4f, 0x10, 0x4, 0xf1,
    0x0, 0x4f, 0x10,

    /* U+0129 "ĩ" */
    0x5e, 0x58, 0x2a, 0x6b, 0xb0, 0x0, 0x0, 0x0,
    0x4f, 0x10, 0x4, 0xf1, 0x0, 0x4f, 0x10, 0x4,
    0xf1, 0x0, 0x4f, 0x10, 0x4, 0xf1, 0x0, 0x4f,
    0x10, 0x4, 0xf1, 0x0,

    /* U+012A "Ī" */
    0x0, 0x0, 0x6, 0xff, 0xf4, 0x13, 0x33, 0x0,
    0x0, 0x0, 0x4, 0xf1, 0x0, 0x4f, 0x10, 0x4,
    0xf1, 0x0, 0x4f, 0x10, 0x4, 0xf1, 0x0, 0x4f,
    0x10, 0x4, 0xf1, 0x0, 0x4f, 0x10, 0x4, 0xf1,
    0x0, 0x4f, 0x10,

    /* U+012B "ī" */
    0x7f, 0xff, 0x41, 0x44, 0x41, 0x4, 0xf1, 0x0,
    0x4f, 0x10, 0x4, 0xf1, 0x0, 0x4f, 0x10, 0x4,
    0xf1, 0x0, 0x4f, 0x10, 0x4, 0xf1, 0x0, 0x4f,
    0x10,

    /* U+012C "Ĭ" */
    0x51, 0x2, 0x59, 0x81, 0xa8, 0x2e, 0xfd, 0x10,
    0x2, 0x0, 0x4, 0xf1, 0x0, 0x4f, 0x10, 0x4,
    0xf1, 0x0, 0x4f, 0x10, 0x4, 0xf1, 0x0, 0x4f,
    0x10, 0x4, 0xf1, 0x0, 0x4f, 0x10, 0x4, 0xf1,
    0x0, 0x4f, 0x10,

    /* U+012D "ĭ" */
    0x3a, 0x1c, 0x20, 0xcf, 0xb0, 0x0, 0x20, 0x0,
    0x4f, 0x10, 0x4, 0xf1, 0x0, 0x4f, 0x10, 0x4,
    0xf1, 0x0, 0x4f, 0x10, 0x4, 0xf1, 0x0, 0x4f,
    0x10, 0x4, 0xf1, 0x0,

    /* U+012E "Į" */
    0x4f, 0x14, 0xf1, 0x4f, 0x14, 0xf1, 0x4f, 0x14,
    0xf1, 0x4f, 0x14, 0xf1, 0x4f, 0x14, 0xf1, 0xd,
    0x13, 0xf3, 0x1e, 0x60,

    /* U+012F "į" */
    0x2e, 0x1, 0xb0, 0x0, 0x4, 0xf1, 0x4f, 0x14,
    0xf1, 0x4f, 0x14, 0xf1, 0x4f, 0x14, 0xf1, 0x4f,
    0x10, 0xd1, 0x3f, 0x31, 0xe6,

    /* U+0130 "İ" */
    0x0, 0x2, 0xe0, 0x1, 0x0, 0x0, 0x4f, 0x14,
    0xf1, 0x4f, 0x14, 0xf1, 0x4f, 0x14, 0xf1, 0x4f,
    0x14, 0xf1, 0x4f, 0x14, 0xf1,

    /* U+0131 "ı" */
    0x4f, 0x14, 0xf1, 0x4f, 0x14, 0xf1, 0x4f, 0x14,
    0xf1, 0x4f, 0x14, 0xf1,

    /* U+0132 "Ĳ" */
    0x4f, 0x10, 0x0, 0x4f, 0x14, 0xf1, 0x0, 0x4,
    0xf1, 0x4f, 0x10, 0x0, 0x4f, 0x14, 0xf1, 0x0,
    0x4, 0xf1, 0x4f, 0x10, 0x0, 0x4f, 0x10, 0x0,
    0x0, 0x4, 0xf1, 0x0, 0x0, 0x0, 0x6f, 0x0,
    0x10, 0x0, 0xb, 0xc0, 0x3f, 0x85, 0x5a, 0xf3,
    0x0, 0x7d, 0xff, 0xb3, 0x0,

    /* U+0133 "ĳ" */
    0x2e, 0x0, 0x2e, 0x1, 0xb0, 0x1, 0xb0, 0x0,
    0x0, 0x0, 0x4, 0xf1, 0x4, 0xf1, 0x4f, 0x10,
    0x4f, 0x14, 0xf1, 0x4, 0xf1, 0x4f, 0x10, 0x4f,
    0x14, 0xf1, 0x4, 0xf1, 0x4f, 0x10, 0x4f, 0x14,
    0xf1, 0x4, 0xf1, 0x4f, 0x10, 0x4f, 0x10, 0x0,
    0x4, 0xf0, 0x0, 0x44, 0xbd, 0x0, 0x9, 0xfd,
    0x30,

    /* U+0134 "Ĵ" */
    0x0, 0x17, 0x40, 0x0, 0x1d, 0x9e, 0x40, 0x4,
    0x50, 0x27, 0x0, 0x0, 0x0, 0x0, 0xc, 0xff,
    0xff, 0x10, 0x34, 0x47, 0xf1, 0x0, 0x0, 0x4f,
    0x10, 0x0, 0x4, 0xf1, 0x0, 0x0, 0x4f, 0x10,
    0x0, 0x4, 0xf1, 0x0, 0x0, 0x4f, 0x11, 0x10,
    0x6, 0xf0, 0x9d, 0x55, 0xdb, 0x1, 0xae, 0xea,
    0x10,

    /* U+0135 "ĵ" */
    0x0, 0x9f, 0x70, 0x5, 0xb1, 0xc3, 0x0, 0x0,
    0x0, 0x0, 0x4f, 0x10, 0x0, 0x4f, 0x10, 0x0,
    0x4f, 0x10, 0x0, 0x4f, 0x10, 0x0, 0x4f, 0x10,
    0x0, 0x4f, 0x10, 0x0, 0x4f, 0x10, 0x0, 0x4f,
    0x10, 0x0, 0x4f, 0x10, 0x44, 0xbd, 0x0, 0x9f,
    0xd3, 0x0,

    /* U+0136 "Ķ" */
    0x4f, 0x10, 0x0, 0x2e, 0x90, 0x4f, 0x10, 0x1,
    0xda, 0x0, 0x4f, 0x10, 0x1d, 0xb0, 0x0, 0x4f,
    0x11, 0xdc, 0x0, 0x0, 0x4f, 0x2c, 0xf1, 0x0,
    0x0, 0x4f, 0xdd, 0xea, 0x0, 0x0, 0x4f, 0xd1,
    0x4f, 0x70, 0x0, 0x4f, 0x20, 0x6, 0xf4, 0x0,
    0x4f, 0x10, 0x0, 0x9f, 0x20, 0x4f, 0x10, 0x0,
    0xb, 0xd0, 0x0, 0x0, 0x0, 0x0, 0x0, 0x0,
    0x1, 0xb1, 0x0, 0x0, 0x0, 0x0, 0xe1, 0x0,
    0x0, 0x0, 0x0, 0xc0, 0x0, 0x0,

    /* U+0137 "ķ" */
    0x4f, 0x10, 0x0, 0x0, 0x4, 0xf1, 0x0, 0x0,
    0x0, 0x4f, 0x10, 0x0, 0x0, 0x4, 0xf1, 0x0,
    0x4f, 0x70, 0x4f, 0x10, 0x5f, 0x80, 0x4, 0xf1,
    0x5f, 0x90, 0x0, 0x4f, 0x7f, 0xf1, 0x0, 0x4,
    0xff, 0x9f, 0xa0, 0x0, 0x4f, 0x60, 0x5f, 0x60,
    0x4, 0xf1, 0x0, 0x9f, 0x20, 0x4f, 0x10, 0x0,
    0xcd, 0x0, 0x0, 0x0, 0x0, 0x0, 0x0, 0x7,
    0x70, 0x0, 0x0, 0x0, 0x89, 0x0, 0x0, 0x0,
    0x8, 0x40, 0x0, 0x0,

    /* U+0138 "ĸ" */
    0x4f, 0x10, 0x6, 0xf4, 0x4, 0xf1, 0x6, 0xf5,
    0x0, 0x4f, 0x16, 0xf6, 0x0, 0x4, 0xf8, 0xfd,
    0x0, 0x0, 0x4f, 0xf9, 0xf8, 0x0, 0x4, 0xf6,
    0x7, 0xf3, 0x0, 0x4f, 0x10, 0xb, 0xe1, 0x4,
    0xf1, 0x0, 0x1e, 0xb0,

    /* U+0139 "Ĺ" */
    0x0, 0x75, 0x0, 0x0, 0xa, 0xb0, 0x0, 0x0,
    0x37, 0x0, 0x0, 0x0, 0x0, 0x0, 0x0, 0x0,
    0x4f, 0x10, 0x0, 0x0, 0x4f, 0x10, 0x0, 0x0,
    0x4f, 0x10, 0x0, 0x0, 0x4f, 0x10, 0x0, 0x0,
    0x4f, 0x10, 0x0, 0x0, 0x4f, 0x10, 0x0, 0x0,
    0x4f, 0x10, 0x0, 0x0, 0x4f, 0x10, 0x0, 0x0,
    0x4f, 0x54, 0x44, 0x41, 0x4f, 0xff, 0xff, 0xf6,

    /* U+013A "ĺ" */
    0x6, 0xd4, 0x27, 0x0, 0x0, 0x0, 0x4f, 0x10,
    0x4f, 0x10, 0x4f, 0x10, 0x4f, 0x10, 0x4f, 0x10,
    0x4f, 0x10, 0x4f, 0x10, 0x4f, 0x10, 0x4f, 0x10,
    0x4f, 0x10, 0x4f, 0x10,

    /* U+013B "Ļ" */
    0x4f, 0x10, 0x0, 0x0, 0x4f, 0x10, 0x0, 0x0,
    0x4f, 0x10, 0x0, 0x0, 0x4f, 0x10, 0x0, 0x0,
    0x4f, 0x10, 0x0, 0x0, 0x4f, 0x10, 0x0, 0x0,
    0x4f, 0x10, 0x0, 0x0, 0x4f, 0x10, 0x0, 0x0,
    0x4f, 0x54, 0x44, 0x40, 0x4f, 0xff, 0xff, 0xf3,
    0x0, 0x0, 0x0, 0x0, 0x0, 0x6, 0x70, 0x0,
    0x0, 0x6, 0x90, 0x0, 0x0, 0x6, 0x50, 0x0,

    /* U+013C "ļ" */
    0x4f, 0x14, 0xf1, 0x4f, 0x14, 0xf1, 0x4f, 0x14,
    0xf1, 0x4f, 0x14, 0xf1, 0x4f, 0x14, 0xf1, 0x4f,
    0x10, 0x0, 0x2b, 0x1, 0xe0, 0x1b, 0x0,

    /* U+013D "Ľ" */
    0x0, 0x0, 0x4, 0xf1, 0x4, 0xf1, 0x0, 0x4f,
    0x10, 0x4f, 0x10, 0x3, 0xe1, 0x4, 0xf1, 0x0,
    0x0, 0x0, 0x4f, 0x10, 0x0, 0x0, 0x4, 0xf1,
    0x0, 0x0, 0x0, 0x4f, 0x10, 0x0, 0x0, 0x4,
    0xf1, 0x0, 0x0, 0x0, 0x4f, 0x10, 0x0, 0x0,
    0x4, 0xf5, 0x44, 0x44, 0x40, 0x4f, 0xff, 0xff,
    0xff, 0x10,

    /* U+013E "ľ" */
    0x0, 0x3e, 0x14, 0xf5, 0xf1, 0x4f, 0x5f, 0x14,
    0xf1, 0x0, 0x4f, 0x10, 0x4, 0xf1, 0x0, 0x4f,
    0x10, 0x4, 0xf1, 0x0, 0x4f, 0x10, 0x4, 0xf1,
    0x0, 0x4f, 0x10, 0x4, 0xf1, 0x0,

    /* U+013F "Ŀ" */
    0x4f, 0x10, 0x0, 0x0, 0x4f, 0x10, 0x0, 0x0,
    0x4f, 0x10, 0x0, 0x0, 0x4f, 0x10, 0x0, 0x0,
    0x4f, 0x10, 0x2e, 0x0, 0x4f, 0x10, 0x1, 0x0,
    0x4f, 0x10, 0x0, 0x0, 0x4f, 0x10, 0x0, 0x0,
    0x4f, 0x54, 0x44, 0x40, 0x4f, 0xff, 0xff, 0xf1,

    /* U+0140 "ŀ" */
    0x4f, 0x10, 0x4, 0xf1, 0x0, 0x4f, 0x10, 0x4,
    0xf1, 0x0, 0x4f, 0x10, 0x4, 0xf3, 0xe0, 0x4f,
    0x11, 0x4, 0xf1, 0x0, 0x4f, 0x10, 0x4, 0xf1,
    0x0, 0x4f, 0x10, 0x0,

    /* U+0141 "Ł" */
    0x4, 0xf1, 0x0, 0x0, 0x0, 0x4f, 0x10, 0x0,
    0x0, 0x4, 0xf2, 0x80, 0x0, 0x0, 0x4f, 0xea,
    0x0, 0x0, 0x9, 0xf8, 0x0, 0x0, 0x6, 0xff,
    0x10, 0x0, 0x0, 0x15, 0xf1, 0x0, 0x0, 0x0,
    0x4f, 0x10, 0x0, 0x0, 0x4, 0xf5, 0x44, 0x44,
    0x10, 0x4f, 0xff, 0xff, 0xf6,

    /* U+0142 "ł" */
    0x4, 0xf1, 0x0, 0x4f, 0x10, 0x4, 0xf1, 0x0,
    0x4f, 0x20, 0x4, 0xfe, 0x50, 0x8f, 0x90, 0x6f,
    0xf1, 0x3, 0x6f, 0x10, 0x4, 0xf1, 0x0, 0x4f,
    0x10, 0x4, 0xf1, 0x0,

    /* U+0143 "Ń" */
    0x0, 0x0, 0x3, 0x71, 0x0, 0x0, 0x0, 0x3e,
    0x50, 0x0, 0x0, 0x0, 0x73, 0x0, 0x0, 0x0,
    0x0, 0x0, 0x0, 0x0, 0x4f, 0x40, 0x0, 0x4,
    0xf1, 0x4f, 0xe1, 0x0, 0x4, 0xf1, 0x4f, 0xec,
    0x0, 0x4, 0xf1, 0x4f, 0x4f, 0x90, 0x4, 0xf1,
    0x4f, 0x15, 0xf6, 0x4, 0xf1, 0x4f, 0x10, 0x9f,
    0x34, 0xf1, 0x4f, 0x10, 0xc, 0xe5, 0xf1, 0x4f,
    0x10, 0x1, 0xee, 0xf1, 0x4f, 0x10, 0x0, 0x3f,
    0xf1, 0x4f, 0x10, 0x0, 0x6, 0xf1,

    /* U+0144 "ń" */
    0x0, 0x0, 0x4e, 0x70, 0x0, 0x0, 0x3c, 0x30,
    0x0, 0x0, 0x0, 0x0, 0x0, 0x4, 0xf4, 0xcf,
    0xe9, 0x0, 0x4f, 0xe8, 0x47, 0xf9, 0x4, 0xf6,
    0x0, 0x7, 0xf0, 0x4f, 0x20, 0x0, 0x4f, 0x14,
    0xf1, 0x0, 0x4, 0xf1, 0x4f, 0x10, 0x0, 0x4f,
    0x14, 0xf1, 0x0, 0x4, 0xf1, 0x4f, 0x10, 0x0,
    0x4f, 0x10,

    /* U+0145 "Ņ" */
    0x4f, 0x40, 0x0, 0x4, 0xf1, 0x4f, 0xe1, 0x0,
    0x4, 0xf1, 0x4f, 0xec, 0x0, 0x4, 0xf1, 0x4f,
    0x4f, 0x90, 0x4, 0xf1, 0x4f, 0x15, 0xf6, 0x4,
    0xf1, 0x4f, 0x10, 0x9f, 0x34, 0xf1, 0x4f, 0x10,
    0xc, 0xe5, 0xf1, 0x4f, 0x10, 0x1, 0xee, 0xf1,
    0x4f, 0x10, 0x0, 0x3f, 0xf1, 0x4f, 0x10, 0x0,
    0x6, 0xf1, 0x0, 0x0, 0x0, 0x0, 0x0, 0x0,
    0x0, 0x85, 0x0, 0x0, 0x0, 0x0, 0x97, 0x0,
    0x0, 0x0, 0x0, 0x93, 0x0, 0x0,

    /* U+0146 "ņ" */
    0x4f, 0x4c, 0xfe, 0x90, 0x4, 0xfe, 0x84, 0x7f,
    0x90, 0x4f, 0x60, 0x0, 0x7f, 0x4, 0xf2, 0x0,
    0x4, 0xf1, 0x4f, 0x10, 0x0, 0x4f, 0x14, 0xf1,
    0x0, 0x4, 0xf1, 0x4f, 0x10, 0x0, 0x4f, 0x14,
    0xf1, 0x0, 0x4, 0xf1, 0x0, 0x0, 0x0, 0x0,
    0x0, 0x0, 0x2b, 0x0, 0x0, 0x0, 0x1, 0xf0,
    0x0, 0x0, 0x0, 0x1b, 0x0, 0x0,

    /* U+0147 "Ň" */
    0x0, 0x36, 0x0, 0x71, 0x0, 0x0, 0xa, 0xbc,
    0x70, 0x0, 0x0, 0x0, 0x76, 0x0, 0x0, 0x0,
    0x0, 0x0, 0x0, 0x0, 0x4f, 0x40, 0x0, 0x4,
    0xf1, 0x4f, 0xe1, 0x0, 0x4, 0xf1, 0x4f, 0xec,
    0x0, 0x4, 0xf1, 0x4f, 0x4f, 0x90, 0x4, 0xf1,
    0x4f, 0x15, 0xf6, 0x4, 0xf1, 0x4f, 0x10, 0x9f,
    0x34, 0xf1, 0x4f, 0x10, 0xc, 0xe5, 0xf1, 0x4f,
    0x10, 0x1, 0xee, 0xf1, 0x4f, 0x10, 0x0, 0x3f,
    0xf1, 0x4f, 0x10, 0x0, 0x6, 0xf1,

    /* U+0148 "ň" */
    0x0, 0xba, 0x1b, 0x80, 0x0, 0x0, 0xae, 0x80,
    0x0, 0x0, 0x0, 0x0, 0x0, 0x4, 0xf4, 0xcf,
    0xe9, 0x0, 0x4f, 0xe8, 0x47, 0xf9, 0x4, 0xf6,
    0x0, 0x7, 0xf0, 0x4f, 0x20, 0x0, 0x4f, 0x14,
    0xf1, 0x0, 0x4, 0xf1, 0x4f, 0x10, 0x0, 0x4f,
    0x14, 0xf1, 0x0, 0x4, 0xf1, 0x4f, 0x10, 0x0,
    0x4f, 0x10,

    /* U+0149 "ŉ" */
    0x4f, 0x10, 0x0, 0x0, 0x0, 0x4f, 0x10, 0x0,
    0x0, 0x0, 0x4f, 0x5f, 0x2c, 0xfb, 0x10, 0x4f,
    0x5f, 0xdf, 0xff, 0xa0, 0x0, 0x4f, 0xc1, 0x1c,
    0xf0, 0x0, 0x4f, 0x30, 0x5, 0xf1, 0x0, 0x4f,
    0x10, 0x4, 0xf1, 0x0, 0x4f, 0x10, 0x4, 0xf1,
    0x0, 0x4f, 0x10, 0x4, 0xf1, 0x0, 0x4f, 0x10,
    0x4, 0xf1,

    /* U+014A "Ŋ" */
    0x4f, 0x40, 0x0, 0x4, 0xf1, 0x4f, 0xe1, 0x0,
    0x4, 0xf1, 0x4f, 0xec, 0x0, 0x4, 0xf1, 0x4f,
    0x4f, 0x90, 0x4, 0xf1, 0x4f, 0x15, 0xf6, 0x4,
    0xf1, 0x4f, 0x10, 0x9f, 0x34, 0xf1, 0x4f, 0x10,
    0xc, 0xe5, 0xf1, 0x4f, 0x10, 0x1, 0xee, 0xf1,
    0x4f, 0x10, 0x0, 0x3f, 0xf1, 0x4f, 0x10, 0x0,
    0x7, 0xf1, 0x0, 0x0, 0x0, 0x6, 0xf0, 0x0,
    0x3, 0xe6, 0x5d, 0xa0, 0x0, 0x0, 0x8e, 0xea,
    0x10,

    /* U+014B "ŋ" */
    0x4f, 0x4c, 0xfe, 0x90, 0x4, 0xfe, 0x84, 0x7f,
    0x90, 0x4f, 0x60, 0x0, 0x7f, 0x4, 0xf2, 0x0,
    0x4, 0xf1, 0x4f, 0x10, 0x0, 0x4f, 0x14, 0xf1,
    0x0, 0x4, 0xf1, 0x4f, 0x10, 0x0, 0x4f, 0x14,
    0xf1, 0x0, 0x4, 0xf1, 0x0, 0x0, 0x0, 0x4f,
    0x0, 0x0, 0x5, 0x4b, 0xd0, 0x0, 0x0, 0xcf,
    0xd3, 0x0,

    /* U+014C "Ō" */
    0x0, 0x0, 0x0, 0x0, 0x0, 0x0, 0x0, 0x5,
    0xff, 0xff, 0x30, 0x0, 0x0, 0x1, 0x33, 0x33,
    0x0, 0x0, 0x0, 0x0, 0x0, 0x0, 0x0, 0x0,
    0x0, 0x6, 0xcf, 0xeb, 0x50, 0x0, 0x0, 0xcf,
    0x84, 0x59, 0xf9, 0x0, 0x9, 0xe2, 0x0, 0x0,
    0x4f, 0x60, 0xf, 0x60, 0x0, 0x0, 0x9, 0xd0,
    0x3f, 0x20, 0x0, 0x0, 0x5, 0xf0, 0x3f, 0x20,
    0x0, 0x0, 0x5, 0xf0, 0xf, 0x60, 0x0, 0x0,
    0x9, 0xd0, 0x9, 0xe2, 0x0, 0x0, 0x4f, 0x60,
    0x0, 0xcf, 0x84, 0x59, 0xfa, 0x0, 0x0, 0x7,
    0xcf, 0xec, 0x50, 0x0,

    /* U+014D "ō" */
    0x0, 0xbf, 0xff, 0x80, 0x0, 0x2, 0x44, 0x42,
    0x0, 0x0, 0x6d, 0xfc, 0x40, 0x0, 0x7f, 0x74,
    0x9f, 0x40, 0xf, 0x70, 0x0, 0xac, 0x3, 0xf2,
    0x0, 0x5, 0xf0, 0x3f, 0x20, 0x0, 0x5f, 0x0,
    0xf7, 0x0, 0xa, 0xc0, 0x7, 0xf7, 0x49, 0xf4,
    0x0, 0x6, 0xdf, 0xc4, 0x0,

    /* U+014E "Ŏ" */
    0x0, 0x2, 0x40, 0x6, 0x10, 0x0, 0x0, 0x2,
    0xd2, 0x3e, 0x0, 0x0, 0x0, 0x0, 0x9f, 0xf6,
    0x0, 0x0, 0x0, 0x0, 0x2, 0x10, 0x0, 0x0,
    0x0, 0x6, 0xcf, 0xeb, 0x50, 0x0, 0x0, 0xcf,
    0x84, 0x59, 0xf9, 0x0, 0x9, 0xe2, 0x0, 0x0,
    0x4f, 0x60, 0xf, 0x60, 0x0, 0x0, 0x9, 0xd0,
    0x3f, 0x20, 0x0, 0x0, 0x5, 0xf0, 0x3f, 0x20,
    0x0, 0x0, 0x5, 0xf0, 0xf, 0x60, 0x0, 0x0,
    0x9, 0xd0, 0x9, 0xe2, 0x0, 0x0, 0x4f, 0x60,
    0x0, 0xcf, 0x84, 0x59, 0xfa, 0x0, 0x0, 0x7,
    0xcf, 0xec, 0x50, 0x0,

    /* U+014F "ŏ" */
    0x0, 0x96, 0x19, 0x60, 0x0, 0x2, 0xef, 0xd1,
    0x0, 0x0, 0x0, 0x20, 0x0, 0x0, 0x6, 0xdf,
    0xc4, 0x0, 0x7, 0xf7, 0x49, 0xf4, 0x0, 0xf7,
    0x0, 0xa, 0xc0, 0x3f, 0x20, 0x0, 0x5f, 0x3,
    0xf2, 0x0, 0x5, 0xf0, 0xf, 0x70, 0x0, 0xac,
    0x0, 0x7f, 0x74, 0x9f, 0x40, 0x0, 0x6d, 0xfc,
    0x40, 0x0,

    /* U+0150 "Ő" */
    0x0, 0x0, 0xe, 0x67, 0xd0, 0x0, 0x0, 0x0,
    0x89, 0x2d, 0x20, 0x0, 0x0, 0x0, 0x0, 0x0,
    0x0, 0x0, 0x0, 0x6, 0xcf, 0xeb, 0x50, 0x0,
    0x0, 0xcf, 0x84, 0x59, 0xf9, 0x0, 0x9, 0xe2,
    0x0, 0x0, 0x4f, 0x60, 0xf, 0x60, 0x0, 0x0,
    0x9, 0xd0, 0x3f, 0x20, 0x0, 0x0, 0x5, 0xf0,
    0x3f, 0x20, 0x0, 0x0, 0x5, 0xf0, 0xf, 0x60,
    0x0, 0x0, 0x9, 0xd0, 0x9, 0xe2, 0x0, 0x0,
    0x4f, 0x60, 0x0, 0xcf, 0x84, 0x59, 0xfa, 0x0,
    0x0, 0x7, 0xcf, 0xec, 0x50, 0x0,

    /* U+0151 "ő" */
    0x0, 0x6, 0xd2, 0xf3, 0x0, 0x0, 0xd2, 0xa6,
    0x0, 0x0, 0x0, 0x0, 0x0, 0x0, 0x6, 0xdf,
    0xc4, 0x0, 0x7, 0xf7, 0x49, 0xf4, 0x0, 0xf7,
    0x0, 0xa, 0xc0, 0x3f, 0x20, 0x0, 0x5f, 0x3,
    0xf2, 0x0, 0x5, 0xf0, 0xf, 0x70, 0x0, 0xac,
    0x0, 0x7f, 0x74, 0x9f, 0x40, 0x0, 0x6d, 0xfc,
    0x40, 0x0,

    /* U+0152 "Œ" */
    0x0, 0x6, 0xce, 0xff, 0xff, 0xff, 0xff, 0xf3,
    0x0, 0xce, 0x84, 0x47, 0xf4, 0x44, 0x44, 0x40,
    0x9, 0xe1, 0x0, 0x4, 0xf1, 0x0, 0x0, 0x0,
    0xf, 0x60, 0x0, 0x4, 0xf1, 0x0, 0x0, 0x0,
    0x3f, 0x20, 0x0, 0x4, 0xff, 0xff, 0xff, 0x60,
    0x3f, 0x20, 0x0, 0x4, 0xf4, 0x33, 0x33, 0x10,
    0xf, 0x60, 0x0, 0x4, 0xf1, 0x0, 0x0, 0x0,
    0x9, 0xe1, 0x0, 0x4, 0xf1, 0x0, 0x0, 0x0,
    0x0, 0xce, 0x84, 0x47, 0xf4, 0x44, 0x44, 0x40,
    0x0, 0x6, 0xcf, 0xff, 0xff, 0xff, 0xff, 0xf3,

    /* U+0153 "œ" */
    0x0, 0x6d, 0xfd, 0x60, 0x5d, 0xfd, 0x50, 0x7,
    0xf8, 0x47, 0xfa, 0xf7, 0x47, 0xf5, 0xf, 0x70,
    0x0, 0x6f, 0x70, 0x0, 0x6c, 0x3f, 0x20, 0x0,
    0xf, 0xff, 0xff, 0xff, 0x3f, 0x20, 0x0, 0xf,
    0x83, 0x33, 0x33, 0xf, 0x70, 0x0, 0x6f, 0xb0,
    0x0, 0x10, 0x7, 0xf8, 0x47, 0xf8, 0xfa, 0x45,
    0xd5, 0x0, 0x6d, 0xfd, 0x60, 0x3c, 0xfe, 0x90,

    /* U+0154 "Ŕ" */
    0x0, 0x0, 0x5, 0x71, 0x0, 0x0, 0x0, 0x7e,
    0x40, 0x0, 0x0, 0x1, 0x71, 0x0, 0x0, 0x0,
    0x0, 0x0, 0x0, 0x0, 0x4f, 0xff, 0xfe, 0xb4,
    0x0, 0x4f, 0x54, 0x45, 0xaf, 0x60, 0x4f, 0x10,
    0x0, 0x9, 0xe0, 0x4f, 0x10, 0x0, 0x5, 0xf0,
    0x4f, 0x10, 0x0, 0x7, 0xf0, 0x4f, 0x10, 0x1,
    0x6f, 0x80, 0x4f, 0xff, 0xff, 0xf8, 0x0, 0x4f,
    0x43, 0x35, 0xf5, 0x0, 0x4f, 0x10, 0x0, 0x7f,
    0x20, 0x4f, 0x10, 0x0, 0xa, 0xd0,

    /* U+0155 "ŕ" */
    0x0, 0x1d, 0xa0, 0x0, 0xb7, 0x0, 0x0, 0x0,
    0x0, 0x4f, 0x4c, 0xb0, 0x4f, 0xe7, 0x30, 0x4f,
    0x60, 0x0, 0x4f, 0x20, 0x0, 0x4f, 0x10, 0x0,
    0x4f, 0x10, 0x0, 0x4f, 0x10, 0x0, 0x4f, 0x10,
    0x0,

    /* U+0156 "Ŗ" */
    0x4f, 0xff, 0xfe, 0xb4, 0x0, 0x4f, 0x54, 0x45,
    0xaf, 0x60, 0x4f, 0x10, 0x0, 0x9, 0xe0, 0x4f,
    0x10, 0x0, 0x5, 0xf0, 0x4f, 0x10, 0x0, 0x7,
    0xf0, 0x4f, 0x10, 0x1, 0x6f, 0x80, 0x4f, 0xff,
    0xff, 0xf8, 0x0, 0x4f, 0x43, 0x36, 0xf5, 0x0,
    0x4f, 0x10, 0x0, 0x7f, 0x20, 0x4f, 0x10, 0x0,
    0xa, 0xd0, 0x0, 0x0, 0x0, 0x0, 0x0, 0x0,
    0x0, 0xb3, 0x0, 0x0, 0x0, 0x0, 0xd4, 0x0,
    0x0, 0x0, 0x0, 0xc0, 0x0, 0x0,

    /* U+0157 "ŗ" */
    0x4f, 0x4c, 0xb4, 0xfe, 0x73, 0x4f, 0x60, 0x4,
    0xf2, 0x0, 0x4f, 0x10, 0x4, 0xf1, 0x0, 0x4f,
    0x10, 0x4, 0xf1, 0x0, 0x0, 0x0, 0x2, 0xb0,
    0x0, 0x1e, 0x0, 0x1, 0xb0, 0x0,

    /* U+0158 "Ř" */
    0x0, 0x64, 0x1, 0x71, 0x0, 0x0, 0x2e, 0x8e,
    0x60, 0x0, 0x0, 0x2, 0x85, 0x0, 0x0, 0x0,
    0x0, 0x0, 0x0, 0x0, 0x4f, 0xff, 0xfe, 0xb4,
    0x0, 0x4f, 0x54, 0x45, 0xaf, 0x60, 0x4f, 0x10,
    0x0, 0x9, 0xe0, 0x4f, 0x10, 0x0, 0x5, 0xf0,
    0x4f, 0x10, 0x0, 0x7, 0xf0, 0x4f, 0x10, 0x1,
    0x6f, 0x80, 0x4f, 0xff, 0xff, 0xf8, 0x0, 0x4f,
    0x43, 0x35, 0xf5, 0x0, 0x4f, 0x10, 0x0, 0x7f,
    0x20, 0x4f, 0x10, 0x0, 0xa, 0xd0,

    /* U+0159 "ř" */
    0x5d, 0x28, 0xb0, 0x5, 0xeb, 0x0, 0x0, 0x0,
    0x0, 0x4f, 0x4c, 0xb0, 0x4f, 0xe7, 0x30, 0x4f,
    0x60, 0x0, 0x4f, 0x20, 0x0, 0x4f, 0x10, 0x0,
    0x4f, 0x10, 0x0, 0x4f, 0x10, 0x0, 0x4f, 0x10,
    0x0,

    /* U+015A "Ś" */
    0x0, 0x0, 0x7, 0x50, 0x0, 0x0, 0xa, 0xc1,
    0x0, 0x0, 0x2, 0x70, 0x0, 0x0, 0x0, 0x0,
    0x0, 0x0, 0x1, 0xae, 0xfd, 0xa2, 0x0, 0xdd,
    0x64, 0x6b, 0x70, 0x3f, 0x20, 0x0, 0x0, 0x2,
    0xf7, 0x0, 0x0, 0x0, 0x7, 0xfd, 0x94, 0x0,
    0x0, 0x1, 0x6a, 0xee, 0x40, 0x0, 0x0, 0x0,
    0xae, 0x0, 0x10, 0x0, 0x5, 0xf0, 0x5f, 0x95,
    0x46, 0xeb, 0x0, 0x5b, 0xef, 0xd8, 0x0,

    /* U+015B "ś" */
    0x0, 0x0, 0xcc, 0x10, 0x0, 0xb, 0x80, 0x0,
    0x0, 0x0, 0x0, 0x0, 0x3, 0xbf, 0xec, 0x60,
    0x1f, 0xa4, 0x58, 0x60, 0x3f, 0x20, 0x0, 0x0,
    0xc, 0xea, 0x73, 0x0, 0x0, 0x59, 0xcf, 0x90,
    0x0, 0x0, 0x6, 0xf0, 0x3d, 0x74, 0x5b, 0xd0,
    0x19, 0xdf, 0xea, 0x20,

    /* U+015C "Ŝ" */
    0x0, 0x3, 0x82, 0x0, 0x0, 0x3, 0xe8, 0xe2,
    0x0, 0x0, 0x63, 0x4, 0x60, 0x0, 0x0, 0x0,
    0x0, 0x0, 0x1, 0xae, 0xfd, 0xa2, 0x0, 0xdd,
    0x64, 0x6b, 0x70, 0x3f, 0x20, 0x0, 0x0, 0x2,
    0xf7, 0x0, 0x0, 0x0, 0x7, 0xfd, 0x94, 0x0,
    0x0, 0x1, 0x6a, 0xee, 0x40, 0x0, 0x0, 0x0,
    0xae, 0x0, 0x10, 0x0, 0x5, 0xf0, 0x5f, 0x95,
    0x46, 0xeb, 0x0, 0x5b, 0xef, 0xd8, 0x0,

    /* U+015D "ŝ" */
    0x0, 0x6f, 0xd1, 0x0, 0x5, 0xc1, 0x6c, 0x10,
    0x0, 0x0, 0x0, 0x0, 0x3, 0xbf, 0xec, 0x60,
    0x1f, 0xa4, 0x58, 0x60, 0x3f, 0x20, 0x0, 0x0,
    0xc, 0xea, 0x73, 0x0, 0x0, 0x59, 0xcf, 0x90,
    0x0, 0x0, 0x6, 0xf0, 0x3d, 0x74, 0x5b, 0xd0,
    0x19, 0xdf, 0xea, 0x20,

    /* U+015E "Ş" */
    0x1, 0xae, 0xfd, 0xa2, 0x0, 0xdd, 0x64, 0x6b,
    0x70, 0x3f, 0x20, 0x0, 0x0, 0x2, 0xf7, 0x0,
    0x0, 0x0, 0x7, 0xfd, 0x94, 0x0, 0x0, 0x1,
    0x6a, 0xee, 0x40, 0x0, 0x0, 0x0, 0xae, 0x0,
    0x10, 0x0, 0x5, 0xf0, 0x5f, 0x95, 0x46, 0xeb,
    0x0, 0x5b, 0xff, 0xd8, 0x0, 0x0, 0x3, 0xb1,
    0x0, 0x0, 0x0, 0x6b, 0xf0, 0x0, 0x0, 0x1d,
    0xfa, 0x0, 0x0,

    /* U+015F "ş" */
    0x3, 0xbf, 0xec, 0x60, 0x1f, 0xa4, 0x58, 0x60,
    0x3f, 0x20, 0x0, 0x0, 0xc, 0xea, 0x73, 0x0,
    0x0, 0x59, 0xcf, 0x90, 0x0, 0x0, 0x6, 0xf0,
    0x3d, 0x74, 0x5b, 0xd0, 0x19, 0xdf, 0xea, 0x20,
    0x0, 0x1c, 0x30, 0x0, 0x0, 0x48, 0xf0, 0x0,
    0x0, 0xaf, 0xa0, 0x0,

    /* U+0160 "Š" */
    0x0, 0x63, 0x4, 0x60, 0x0, 0x3, 0xe8, 0xe2,
    0x0, 0x0, 0x3, 0x82, 0x0, 0x0, 0x0, 0x0,
    0x0, 0x0, 0x1, 0xae, 0xfd, 0xa2, 0x0, 0xdd,
    0x64, 0x6b, 0x70, 0x3f, 0x20, 0x0, 0x0, 0x2,
    0xf7, 0x0, 0x0, 0x0, 0x7, 0xfd, 0x94, 0x0,
    0x0, 0x1, 0x6a, 0xee, 0x40, 0x0, 0x0, 0x0,
    0xae, 0x0, 0x10, 0x0, 0x5, 0xf0, 0x5f, 0x95,
    0x46, 0xeb, 0x0, 0x5b, 0xef, 0xd8, 0x0,

    /* U+0161 "š" */
    0x5, 0xd2, 0x7d, 0x10, 0x0, 0x5e, 0xc1, 0x0,
    0x0, 0x0, 0x0, 0x0, 0x3, 0xbf, 0xec, 0x60,
    0x1f, 0xa4, 0x58, 0x60, 0x3f, 0x20, 0x0, 0x0,
    0xc, 0xea, 0x73, 0x0, 0x0, 0x59, 0xcf, 0x90,
    0x0, 0x0, 0x6, 0xf0, 0x3d, 0x74, 0x5b, 0xd0,
    0x19, 0xdf, 0xea, 0x20,

    /* U+0162 "Ţ" */
    0xff, 0xff, 0xff, 0xff, 0x44, 0x47, 0xf4, 0x44,
    0x0, 0x4, 0xf1, 0x0, 0x0, 0x4, 0xf1, 0x0,
    0x0, 0x4, 0xf1, 0x0, 0x0, 0x4, 0xf1, 0x0,
    0x0, 0x4, 0xf1, 0x0, 0x0, 0x4, 0xf1, 0x0,
    0x0, 0x4, 0xf1, 0x0, 0x0, 0x6, 0xf1, 0x0,
    0x0, 0x3, 0xb2, 0x0, 0x0, 0x5, 0x9f, 0x0,
    0x0, 0x1d, 0xf9, 0x0,

    /* U+0163 "ţ" */
    0x4, 0xf1, 0x0, 0x4, 0xf1, 0x0, 0xff, 0xff,
    0xf1, 0x47, 0xf4, 0x40, 0x4, 0xf1, 0x0, 0x4,
    0xf1, 0x0, 0x4, 0xf1, 0x0, 0x4, 0xf1, 0x0,
    0x1, 0xf8, 0x42, 0x0, 0x6f, 0xe5, 0x0, 0xa,
    0x30, 0x0, 0x38, 0xf0, 0x0, 0x8f, 0xa0,

    /* U+0164 "Ť" */
    0x0, 0x72, 0x5, 0x30, 0x0, 0x4e, 0x9c, 0x0,
    0x0, 0x3, 0x81, 0x0, 0x0, 0x0, 0x0, 0x0,
    0xff, 0xff, 0xff, 0xff, 0x44, 0x47, 0xf4, 0x44,
    0x0, 0x4, 0xf1, 0x0, 0x0, 0x4, 0xf1, 0x0,
    0x0, 0x4, 0xf1, 0x0, 0x0, 0x4, 0xf1, 0x0,
    0x0, 0x4, 0xf1, 0x0, 0x0, 0x4, 0xf1, 0x0,
    0x0, 0x4, 0xf1, 0x0, 0x0, 0x4, 0xf1, 0x0,

    /* U+0165 "ť" */
    0x0, 0x4, 0xf1, 0x0, 0x4, 0xf1, 0x4, 0xf4,
    0xd1, 0xff, 0xff, 0xf1, 0x47, 0xf4, 0x40, 0x4,
    0xf1, 0x0, 0x4, 0xf1, 0x0, 0x4, 0xf1, 0x0,
    0x4, 0xf1, 0x0, 0x1, 0xf8, 0x42, 0x0, 0x6e,
    0xe5,

    /* U+0166 "Ŧ" */
    0xff, 0xff, 0xff, 0xff, 0x44, 0x47, 0xf4, 0x44,
    0x0, 0x4, 0xf1, 0x0, 0x0, 0x4, 0xf1, 0x0,
    0x9, 0xff, 0xff, 0xe0, 0x2, 0x37, 0xf4, 0x30,
    0x0, 0x4, 0xf1, 0x0, 0x0, 0x4, 0xf1, 0x0,
    0x0, 0x4, 0xf1, 0x0, 0x0, 0x4, 0xf1, 0x0,

    /* U+0167 "ŧ" */
    0x4, 0xf1, 0x0, 0x4, 0xf1, 0x0, 0xff, 0xff,
    0xf0, 0x47, 0xf4, 0x40, 0x4, 0xf1, 0x0, 0xcf,
    0xff, 0xd0, 0x4, 0xf1, 0x0, 0x4, 0xf1, 0x0,
    0x1, 0xf8, 0x52, 0x0, 0x7e, 0xe4,

    /* U+0168 "Ũ" */
    0x0, 0x0, 0x0, 0x0, 0x0, 0x0, 0x1d, 0xd3,
    0xa3, 0x0, 0x0, 0x67, 0x4f, 0xd0, 0x0, 0x0,
    0x11, 0x1, 0x0, 0x0, 0x0, 0x0, 0x0, 0x0,
    0x0, 0x4f, 0x10, 0x0, 0x4, 0xf1, 0x4f, 0x10,
    0x0, 0x4, 0xf1, 0x4f, 0x10, 0x0, 0x4, 0xf1,
    0x4f, 0x10, 0x0, 0x4, 0xf1, 0x4f, 0x10, 0x0,
    0x4, 0xf1, 0x4f, 0x10, 0x0, 0x4, 0xf1, 0x3f,
    0x30, 0x0, 0x6, 0xf0, 0xf, 0x80, 0x0, 0xb,
    0xc0, 0x7, 0xf9, 0x55, 0xbf, 0x40, 0x0, 0x5c,
    0xff, 0xb4, 0x0,

    /* U+0169 "ũ" */
    0x0, 0x5e, 0x92, 0xd0, 0x0, 0xc, 0x6b, 0xf8,
    0x0, 0x0, 0x20, 0x2, 0x0, 0x4, 0xf5, 0x0,
    0x4, 0xf1, 0x4f, 0x50, 0x0, 0x4f, 0x14, 0xf5,
    0x0, 0x4, 0xf1, 0x4f, 0x50, 0x0, 0x4f, 0x14,
    0xf6, 0x0, 0x5, 0xf1, 0x1f, 0x80, 0x0, 0x9f,
    0x10, 0xcf, 0x74, 0x8f, 0xf1, 0x1, 0xae, 0xfb,
    0x5f, 0x10,

    /* U+016A "Ū" */
    0x0, 0x0, 0x0, 0x0, 0x0, 0x0, 0x6f, 0xff,
    0xf3, 0x0, 0x0, 0x13, 0x33, 0x30, 0x0, 0x0,
    0x0, 0x0, 0x0, 0x0, 0x4f, 0x10, 0x0, 0x4,
    0xf1, 0x4f, 0x10, 0x0, 0x4, 0xf1, 0x4f, 0x10,
    0x0, 0x4, 0xf1, 0x4f, 0x10, 0x0, 0x4, 0xf1,
    0x4f, 0x10, 0x0, 0x4, 0xf1, 0x4f, 0x10, 0x0,
    0x4, 0xf1, 0x3f, 0x30, 0x0, 0x6, 0xf0, 0xf,
    0x80, 0x0, 0xb, 0xc0, 0x7, 0xf9, 0x55, 0xbf,
    0x40, 0x0, 0x5c, 0xff, 0xb4, 0x0,

    /* U+016B "ū" */
    0x0, 0xff, 0xff, 0xe0, 0x0, 0x4, 0x44, 0x43,
    0x0, 0x4f, 0x10, 0x0, 0x4f, 0x14, 0xf1, 0x0,
    0x4, 0xf1, 0x4f, 0x10, 0x0, 0x4f, 0x14, 0xf1,
    0x0, 0x4, 0xf1, 0x4f, 0x10, 0x0, 0x5f, 0x11,
    0xf4, 0x0, 0x9, 0xf1, 0xc, 0xe6, 0x49, 0xff,
    0x10, 0x1a, 0xef, 0xb5, 0xf1,

    /* U+016C "Ŭ" */
    0x0, 0x24, 0x0, 0x61, 0x0, 0x0, 0x3d, 0x23,
    0xe0, 0x0, 0x0, 0x9, 0xff, 0x70, 0x0, 0x0,
    0x0, 0x21, 0x0, 0x0, 0x4f, 0x10, 0x0, 0x4,
    0xf1, 0x4f, 0x10, 0x0, 0x4, 0xf1, 0x4f, 0x10,
    0x0, 0x4, 0xf1, 0x4f, 0x10, 0x0, 0x4, 0xf1,
    0x4f, 0x10, 0x0, 0x4, 0xf1, 0x4f, 0x10, 0x0,
    0x4, 0xf1, 0x3f, 0x30, 0x0, 0x6, 0xf0, 0xf,
    0x80, 0x0, 0xb, 0xc0, 0x7, 0xf9, 0x55, 0xbf,
    0x40, 0x0, 0x5c, 0xff, 0xb4, 0x0,

    /* U+016D "ŭ" */
    0x0, 0x98, 0x15, 0xc0, 0x0, 0x2, 0xef, 0xf4,
    0x0, 0x0, 0x0, 0x20, 0x0, 0x4, 0xf7, 0x0,
    0x4, 0xf1, 0x4f, 0x70, 0x0, 0x4f, 0x14, 0xf7,
    0x0, 0x4, 0xf1, 0x4f, 0x70, 0x0, 0x4f, 0x14,
    0xf7, 0x0, 0x5, 0xf1, 0x1f, 0xa0, 0x0, 0x9f,
    0x10, 0xcf, 0x73, 0x7f, 0xf1, 0x1, 0xae, 0xfb,
    0x5f, 0x10,

    /* U+016E "Ů" */
    0x0, 0x0, 0x0, 0x0, 0x0, 0x0, 0x7, 0xfe,
    0x40, 0x0, 0x0, 0x2f, 0x7a, 0xe0, 0x0, 0x0,
    0x3f, 0x57, 0xf0, 0x0, 0x0, 0xa, 0xff, 0x70,
    0x0, 0x0, 0x0, 0x21, 0x0, 0x0, 0x4f, 0x10,
    0x0, 0x4, 0xf1, 0x4f, 0x10, 0x0, 0x4, 0xf1,
    0x4f, 0x10, 0x0, 0x4, 0xf1, 0x4f, 0x10, 0x0,
    0x4, 0xf1, 0x4f, 0x10, 0x0, 0x4, 0xf1, 0x4f,
    0x10, 0x0, 0x4, 0xf1, 0x3f, 0x30, 0x0, 0x6,
    0xf0, 0xf, 0x80, 0x0, 0xb, 0xc0, 0x7, 0xf9,
    0x55, 0xbf, 0x40, 0x0, 0x5c, 0xff, 0xb4, 0x0,

    /* U+016F "ů" */
    0x0, 0x0, 0x0, 0x0, 0x0, 0x0, 0xbf, 0x80,
    0x0, 0x0, 0x3f, 0xaf, 0x0, 0x0, 0x0, 0xdf,
    0xb0, 0x0, 0x0, 0x0, 0x20, 0x0, 0x4, 0xf1,
    0x0, 0x4, 0xf1, 0x4f, 0x10, 0x0, 0x4f, 0x14,
    0xf1, 0x0, 0x4, 0xf1, 0x4f, 0x10, 0x0, 0x4f,
    0x14, 0xf1, 0x0, 0x5, 0xf1, 0x1f, 0x40, 0x0,
    0x9f, 0x10, 0xce, 0x64, 0x9f, 0xf1, 0x1, 0xae,
    0xfb, 0x5f, 0x10,

    /* U+0170 "Ű" */
    0x0, 0x1, 0xe6, 0x7d, 0x0, 0x0, 0x9, 0x92,
    0xd2, 0x0, 0x0, 0x0, 0x0, 0x0, 0x0, 0x4f,
    0x10, 0x0, 0x4, 0xf1, 0x4f, 0x10, 0x0, 0x4,
    0xf1, 0x4f, 0x10, 0x0, 0x4, 0xf1, 0x4f, 0x10,
    0x0, 0x4, 0xf1, 0x4f, 0x10, 0x0, 0x4, 0xf1,
    0x4f, 0x10, 0x0, 0x4, 0xf1, 0x3f, 0x30, 0x0,
    0x6, 0xf0, 0xf, 0x80, 0x0, 0xb, 0xc0, 0x7,
    0xf9, 0x55, 0xbf, 0x40, 0x0, 0x5c, 0xff, 0xb4,
    0x0,

    /* U+0171 "ű" */
    0x0, 0x8, 0xd1, 0xd8, 0x0, 0x3, 0xe2, 0x8b,
    0x0, 0x0, 0x0, 0x0, 0x0, 0x4, 0xf1, 0x0,
    0x4, 0xf1, 0x4f, 0x10, 0x0, 0x4f, 0x14, 0xf1,
    0x0, 0x4, 0xf1, 0x4f, 0x10, 0x0, 0x4f, 0x14,
    0xf1, 0x0, 0x5, 0xf1, 0x1f, 0x40, 0x0, 0x9f,
    0x10, 0xce, 0x64, 0x9f, 0xf1, 0x1, 0xae, 0xfb,
    0x5f, 0x10,

    /* U+0172 "Ų" */
    0x4f, 0x10, 0x0, 0x4, 0xf1, 0x4f, 0x10, 0x0,
    0x4, 0xf1, 0x4f, 0x10, 0x0, 0x4, 0xf1, 0x4f,
    0x10, 0x0, 0x4, 0xf1, 0x4f, 0x10, 0x0, 0x4,
    0xf1, 0x4f, 0x10, 0x0, 0x4, 0xf0, 0x3f, 0x30,
    0x0, 0x6, 0xf0, 0xe, 0x80, 0x0, 0xb, 0xa0,
    0x6, 0xf9, 0x55, 0xbe, 0x20, 0x0, 0x5c, 0xff,
    0x81, 0x0, 0x0, 0x0, 0x94, 0x0, 0x0, 0x0,
    0x3, 0xf7, 0x30, 0x0, 0x0, 0x0, 0xcf, 0x70,
    0x0,

    /* U+0173 "ų" */
    0x4f, 0x10, 0x0, 0x4f, 0x14, 0xf1, 0x0, 0x4,
    0xf1, 0x4f, 0x10, 0x0, 0x4f, 0x14, 0xf1, 0x0,
    0x4, 0xf1, 0x4f, 0x10, 0x0, 0x5f, 0x11, 0xf4,
    0x0, 0x9, 0xf1, 0xc, 0xe6, 0x49, 0xff, 0x10,
    0x1a, 0xef, 0xb8, 0xf1, 0x0, 0x0, 0x9, 0xa3,
    0x0, 0x0, 0x3, 0xf7, 0x51, 0x0, 0x0, 0xb,
    0xfd, 0x30,

    /* U+0174 "Ŵ" */
    0x0, 0x0, 0x0, 0x7, 0x60, 0x0, 0x0, 0x0,
    0x0, 0x0, 0x0, 0xaa, 0xc7, 0x0, 0x0, 0x0,
    0x0, 0x0, 0x3, 0x60, 0x7, 0x10, 0x0, 0x0,
    0x0, 0x0, 0x0, 0x0, 0x0, 0x0, 0x0, 0x0,
    0x6f, 0x10, 0x0, 0xd, 0xb0, 0x0, 0x2, 0xf2,
    0x1f, 0x60, 0x0, 0x3f, 0xf1, 0x0, 0x8, 0xd0,
    0xb, 0xb0, 0x0, 0x8b, 0xe6, 0x0, 0xd, 0x70,
    0x6, 0xf0, 0x0, 0xe6, 0x9b, 0x0, 0x2f, 0x20,
    0x1, 0xf5, 0x3, 0xf1, 0x4f, 0x10, 0x8d, 0x0,
    0x0, 0xca, 0x9, 0xb0, 0xe, 0x60, 0xd8, 0x0,
    0x0, 0x6f, 0xe, 0x60, 0x9, 0xb2, 0xf3, 0x0,
    0x0, 0x1f, 0x9f, 0x10, 0x4, 0xf9, 0xd0, 0x0,
    0x0, 0xc, 0xfb, 0x0, 0x0, 0xef, 0x80, 0x0,
    0x0, 0x7, 0xf6, 0x0, 0x0, 0x9f, 0x30, 0x0,

    /* U+0175 "ŵ" */
    0x0, 0x0, 0x1c, 0xf6, 0x0, 0x0, 0x0, 0x0,
    0xb, 0x71, 0xc4, 0x0, 0x0, 0x0, 0x0, 0x0,
    0x0, 0x0, 0x0, 0xc, 0x80, 0x0, 0x6f, 0x10,
    0x0, 0xd5, 0x6d, 0x0, 0xc, 0xf6, 0x0, 0x3f,
    0x1, 0xf3, 0x2, 0xf9, 0xc0, 0x9, 0xa0, 0xb,
    0x80, 0x7b, 0x2f, 0x10, 0xe4, 0x0, 0x5e, 0xd,
    0x60, 0xc7, 0x4e, 0x0, 0x0, 0xf6, 0xf0, 0x7,
    0xc9, 0x90, 0x0, 0xa, 0xfa, 0x0, 0x1f, 0xf4,
    0x0, 0x0, 0x5f, 0x40, 0x0, 0xbe, 0x0, 0x0,

    /* U+0176 "Ŷ" */
    0x0, 0x0, 0xaf, 0x70, 0x0, 0x0, 0x8, 0xb1,
    0xd6, 0x0, 0x0, 0x1, 0x0, 0x1, 0x0, 0xd,
    0x90, 0x0, 0x0, 0xba, 0x4, 0xf3, 0x0, 0x4,
    0xf2, 0x0, 0xac, 0x0, 0xd, 0x70, 0x0, 0x1f,
    0x60, 0x7d, 0x0, 0x0, 0x7, 0xe3, 0xf4, 0x0,
    0x0, 0x0, 0xdf, 0xb0, 0x0, 0x0, 0x0, 0x5f,
    0x20, 0x0, 0x0, 0x0, 0x4f, 0x10, 0x0, 0x0,
    0x0, 0x4f, 0x10, 0x0, 0x0, 0x0, 0x4f, 0x10,
    0x0,

    /* U+0177 "ŷ" */
    0x0, 0x6, 0xec, 0x10, 0x0, 0x4, 0xb1, 0x7a,
    0x0, 0x0, 0x0, 0x0, 0x0, 0x0, 0xd9, 0x0,
    0x0, 0xaa, 0x6, 0xf0, 0x0, 0x1f, 0x30, 0xf,
    0x60, 0x7, 0xd0, 0x0, 0x9c, 0x0, 0xd6, 0x0,
    0x2, 0xf3, 0x4f, 0x0, 0x0, 0xc, 0x9a, 0x90,
    0x0, 0x0, 0x5f, 0xf2, 0x0, 0x0, 0x0, 0xec,
    0x0, 0x0, 0x0, 0xe, 0x50, 0x0, 0x9, 0x4a,
    0xd0, 0x0, 0x1, 0xbf, 0xc2, 0x0, 0x0,

    /* U+0178 "Ÿ" */
    0x0, 0x0, 0x0, 0x0, 0x0, 0x0, 0x2e, 0x2,
    0xe0, 0x0, 0x0, 0x1, 0x0, 0x10, 0x0, 0x0,
    0x0, 0x0, 0x0, 0x0, 0x9e, 0x10, 0x0, 0x1,
    0xf4, 0x1f, 0x90, 0x0, 0xa, 0x90, 0x7, 0xf3,
    0x0, 0x4d, 0x0, 0x0, 0xed, 0x0, 0xd3, 0x0,
    0x0, 0x6f, 0x78, 0x80, 0x0, 0x0, 0xd, 0xfc,
    0x0, 0x0, 0x0, 0x5, 0xf2, 0x0, 0x0, 0x0,
    0x4, 0xf1, 0x0, 0x0, 0x0, 0x4, 0xf1, 0x0,
    0x0, 0x0, 0x4, 0xf1, 0x0, 0x0,

    /* U+0179 "Ź" */
    0x0, 0x0, 0x37, 0x10, 0x0, 0x2, 0xe6, 0x0,
    0x0, 0x6, 0x40, 0x0, 0x0, 0x0, 0x0, 0x0,
    0xff, 0xff, 0xff, 0xff, 0x44, 0x44, 0x47, 0xf9,
    0x0, 0x0, 0x1e, 0xc0, 0x0, 0x0, 0xbe, 0x10,
    0x0, 0x8, 0xf3, 0x0, 0x0, 0x4f, 0x60, 0x0,
    0x1, 0xe9, 0x0, 0x0, 0xc, 0xc0, 0x0, 0x0,
    0x9f, 0x54, 0x44, 0x44, 0xff, 0xff, 0xff, 0xff,

    /* U+017A "ź" */
    0x0, 0xa, 0xc1, 0x0, 0x8a, 0x0, 0x0, 0x0,
    0x0, 0xff, 0xff, 0xff, 0x44, 0x45, 0xf9, 0x0,
    0xa, 0xd0, 0x0, 0x6f, 0x20, 0x2, 0xf5, 0x0,
    0xd, 0x90, 0x0, 0xae, 0x44, 0x44, 0xff, 0xff,
    0xff,

    /* U+017B "Ż" */
    0x0, 0x0, 0x0, 0x0, 0x0, 0x2, 0xe0, 0x0,
    0x0, 0x0, 0x10, 0x0, 0x0, 0x0, 0x0, 0x0,
    0xff, 0xff, 0xff, 0xff, 0x44, 0x44, 0x45, 0xf9,
    0x0, 0x0, 0xc, 0xd0, 0x0, 0x0, 0x9f, 0x20,
    0x0, 0x6, 0xf5, 0x0, 0x0, 0x3f, 0x90, 0x0,
    0x1, 0xec, 0x0, 0x0, 0xc, 0xf2, 0x0, 0x0,
    0x9f, 0x94, 0x44, 0x44, 0xff, 0xff, 0xff, 0xff,

    /* U+017C "ż" */
    0x0, 0x2d, 0x0, 0x0, 0x2, 0x0, 0x0, 0x0,
    0x0, 0xff, 0xff, 0xff, 0x44, 0x44, 0xda, 0x0,
    0x8, 0xe1, 0x0, 0x4f, 0x40, 0x2, 0xe9, 0x0,
    0xc, 0xd0, 0x0, 0x9f, 0x74, 0x44, 0xff, 0xff,
    0xff,

    /* U+017D "Ž" */
    0x1, 0x70, 0x7, 0x10, 0x0, 0x8c, 0xc8, 0x0,
    0x0, 0x6, 0x60, 0x0, 0x0, 0x0, 0x0, 0x0,
    0xff, 0xff, 0xff, 0xff, 0x44, 0x44, 0x47, 0xf9,
    0x0, 0x0, 0x1e, 0xc0, 0x0, 0x0, 0xbe, 0x10,
    0x0, 0x8, 0xf3, 0x0, 0x0, 0x4f, 0x60, 0x0,
    0x1, 0xe9, 0x0, 0x0, 0xc, 0xc0, 0x0, 0x0,
    0x9f, 0x54, 0x44, 0x44, 0xff, 0xff, 0xff, 0xff,

    /* U+017E "ž" */
    0x1d, 0x55, 0xd1, 0x1, 0xcc, 0x10, 0x0, 0x0,
    0x0, 0xff, 0xff, 0xff, 0x44, 0x45, 0xf9, 0x0,
    0xa, 0xd0, 0x0, 0x6f, 0x20, 0x2, 0xf5, 0x0,
    0xd, 0x90, 0x0, 0xae, 0x44, 0x44, 0xff, 0xff,
    0xff,

    /* U+017F "ſ" */
    0x0, 0x6e, 0xf7, 0x1, 0xf9, 0x43, 0x4, 0xf1,
    0x0, 0x8f, 0xf1, 0x0, 0x27, 0xf1, 0x0, 0x4,
    0xf1, 0x0, 0x4, 0xf1, 0x0, 0x4, 0xf1, 0x0,
    0x4, 0xf1, 0x0, 0x4, 0xf1, 0x0, 0x4, 0xf1,
    0x0,

    /* U+01A0 "Ơ" */
    0x0, 0x0, 0x0, 0x0, 0x0, 0x0, 0x0, 0x0,
    0x0, 0x0, 0x3, 0xd0, 0x0, 0x0, 0x0, 0x0,
    0x7, 0xf0, 0x0, 0x7, 0xcf, 0xff, 0xff, 0x70,
    0x0, 0xcf, 0x84, 0x59, 0xfa, 0x0, 0x9, 0xe2,
    0x0, 0x0, 0x4f, 0x60, 0xf, 0x60, 0x0, 0x0,
    0x9, 0xd0, 0x3f, 0x20, 0x0, 0x0, 0x5, 0xf0,
    0x3f, 0x20, 0x0, 0x0, 0x5, 0xf0, 0xf, 0x60,
    0x0, 0x0, 0x9, 0xd0, 0x9, 0xe2, 0x0, 0x0,
    0x4f, 0x60, 0x0, 0xcf, 0x84, 0x59, 0xfa, 0x0,
    0x0, 0x7, 0xcf, 0xec, 0x50, 0x0,

    /* U+01A1 "ơ" */
    0x0, 0x0, 0x0, 0x0, 0x0, 0x0, 0x0, 0x4,
    0xd0, 0x0, 0x0, 0x0, 0x7f, 0x0, 0x7, 0xef,
    0xff, 0x60, 0x8, 0xf7, 0x49, 0xf4, 0x0, 0xf7,
    0x0, 0xa, 0xc0, 0x3f, 0x20, 0x0, 0x5f, 0x3,
    0xf2, 0x0, 0x5, 0xf0, 0xf, 0x70, 0x0, 0xac,
    0x0, 0x7f, 0x74, 0x9f, 0x40, 0x0, 0x6d, 0xfc,
    0x40, 0x0,

    /* U+01AF "Ư" */
    0x0, 0x0, 0x0, 0x0, 0x0, 0x10, 0x0, 0x0,
    0x0, 0x0, 0x6, 0xe0, 0x0, 0x0, 0x0, 0x0,
    0x7, 0xf0, 0x4f, 0x10, 0x0, 0x4, 0xff, 0x80,
    0x4f, 0x10, 0x0, 0x4, 0xf3, 0x0, 0x4f, 0x10,
    0x0, 0x4, 0xf1, 0x0, 0x4f, 0x10, 0x0, 0x4,
    0xf1, 0x0, 0x4f, 0x10, 0x0, 0x4, 0xf1, 0x0,
    0x4f, 0x10, 0x0, 0x4, 0xf1, 0x0, 0x3f, 0x30,
    0x0, 0x6, 0xf0, 0x0, 0xf, 0x80, 0x0, 0xb,
    0xc0, 0x0, 0x7, 0xf9, 0x55, 0xbf, 0x40, 0x0,
    0x0, 0x5c, 0xff, 0xb4, 0x0, 0x0,

    /* U+01B0 "ư" */
    0x0, 0x0, 0x0, 0x0, 0x10, 0x0, 0x0, 0x0,
    0x0, 0xe0, 0x0, 0x0, 0x0, 0x1, 0xf0, 0x4f,
    0x10, 0x0, 0x4f, 0xc0, 0x4f, 0x10, 0x0, 0x4f,
    0x10, 0x4f, 0x10, 0x0, 0x4f, 0x10, 0x4f, 0x10,
    0x0, 0x4f, 0x10, 0x4f, 0x10, 0x0, 0x5f, 0x10,
    0x1f, 0x40, 0x0, 0x9f, 0x10, 0xc, 0xe6, 0x49,
    0xff, 0x10, 0x1, 0xae, 0xfb, 0x5f, 0x10,

    /* U+0400 "Ѐ" */
    0x0, 0x74, 0x0, 0x0, 0x0, 0x4e, 0x40, 0x0,
    0x0, 0x2, 0x70, 0x0, 0x0, 0x0, 0x0, 0x0,
    0x4f, 0xff, 0xff, 0xf9, 0x4f, 0x54, 0x44, 0x42,
    0x4f, 0x10, 0x0, 0x0, 0x4f, 0x10, 0x0, 0x0,
    0x4f, 0xff, 0xff, 0xf0, 0x4f, 0x43, 0x33, 0x30,
    0x4f, 0x10, 0x0, 0x0, 0x4f, 0x10, 0x0, 0x0,
    0x4f, 0x54, 0x44, 0x43, 0x4f, 0xff, 0xff, 0xfd,

    /* U+0401 "Ё" */
    0x0, 0x0, 0x0, 0x0, 0x0, 0xc0, 0x2e, 0x0,
    0x0, 0x10, 0x1, 0x0, 0x0, 0x0, 0x0, 0x0,
    0x4f, 0xff, 0xff, 0xf8, 0x4f, 0x54, 0x44, 0x42,
    0x4f, 0x10, 0x0, 0x0, 0x4f, 0x10, 0x0, 0x0,
    0x4f, 0xff, 0xff, 0xe0, 0x4f, 0x43, 0x33, 0x30,
    0x4f, 0x10, 0x0, 0x0, 0x4f, 0x10, 0x0, 0x0,
    0x4f, 0x54, 0x44, 0x42, 0x4f, 0xff, 0xff, 0xfb,

    /* U+0402 "Ђ" */
    0xff, 0xff, 0xff, 0xff, 0x0, 0x0, 0x44, 0x47,
    0xf4, 0x44, 0x0, 0x0, 0x0, 0x4, 0xf1, 0x0,
    0x0, 0x0, 0x0, 0x4, 0xf1, 0x0, 0x0, 0x0,
    0x0, 0x4, 0xfa, 0xdf, 0xfc, 0x30, 0x0, 0x4,
    0xfa, 0x54, 0x5b, 0xf2, 0x0, 0x4, 0xf1, 0x0,
    0x0, 0xf6, 0x0, 0x4, 0xf1, 0x0, 0x0, 0xf7,
    0x0, 0x4, 0xf1, 0x24, 0x5c, 0xf2, 0x0, 0x4,
    0xf1, 0x6f, 0xeb, 0x30,

    /* U+0403 "Ѓ" */
    0x0, 0x0, 0x47, 0x10, 0x0, 0x4, 0xe4, 0x0,
    0x0, 0x7, 0x20, 0x0, 0x0, 0x0, 0x0, 0x0,
    0x4f, 0xff, 0xff, 0xf2, 0x4f, 0x54, 0x44, 0x40,
    0x4f, 0x10, 0x0, 0x0, 0x4f, 0x10, 0x0, 0x0,
    0x4f, 0x10, 0x0, 0x0, 0x4f, 0x10, 0x0, 0x0,
    0x4f, 0x10, 0x0, 0x0, 0x4f, 0x10, 0x0, 0x0,
    0x4f, 0x10, 0x0, 0x0, 0x4f, 0x10, 0x0, 0x0,

    /* U+0404 "Є" */
    0x0, 0x6c, 0xff, 0xb5, 0x0, 0xae, 0x74, 0x59,
    0xf4, 0x5e, 0x20, 0x0, 0x1, 0xc, 0x80, 0x0,
    0x0, 0x0, 0xff, 0xff, 0xff, 0x0, 0xf, 0x93,
    0x33, 0x30, 0x0, 0xcc, 0x0, 0x0, 0x0, 0x5,
    0xf5, 0x0, 0x0, 0x40, 0xa, 0xf9, 0x45, 0xaf,
    0x40, 0x6, 0xcf, 0xfb, 0x40,

    /* U+0405 "Ѕ" */
    0x1, 0xae, 0xfd, 0xa2, 0x0, 0xdd, 0x64, 0x6b,
    0x70, 0x3f, 0x20, 0x0, 0x0, 0x2, 0xf7, 0x0,
    0x0, 0x0, 0x7, 0xfd, 0x94, 0x0, 0x0, 0x1,
    0x6a, 0xee, 0x40, 0x0, 0x0, 0x0, 0xae, 0x0,
    0x10, 0x0, 0x5, 0xf0, 0x5f, 0x95, 0x46, 0xeb,
    0x0, 0x5b, 0xef, 0xd8, 0x0,

    /* U+0406 "І" */
    0x4f, 0x14, 0xf1, 0x4f, 0x14, 0xf1, 0x4f, 0x14,
    0xf1, 0x4f, 0x14, 0xf1, 0x4f, 0x14, 0xf1,

    /* U+0407 "Ї" */
    0x0, 0x0, 0x0, 0x2e, 0x2, 0xe0, 0x1, 0x0,
    0x10, 0x0, 0x0, 0x0, 0x4, 0xf1, 0x0, 0x4,
    0xf1, 0x0, 0x4, 0xf1, 0x0, 0x4, 0xf1, 0x0,
    0x4, 0xf1, 0x0, 0x4, 0xf1, 0x0, 0x4, 0xf1,
    0x0, 0x4, 0xf1, 0x0, 0x4, 0xf1, 0x0, 0x4,
    0xf1, 0x0,

    /* U+0408 "Ј" */
    0xc, 0xff, 0xff, 0x10, 0x34, 0x47, 0xf1, 0x0,
    0x0, 0x4f, 0x10, 0x0, 0x4, 0xf1, 0x0, 0x0,
    0x4f, 0x10, 0x0, 0x4, 0xf1, 0x0, 0x0, 0x4f,
    0x11, 0x10, 0x6, 0xf0, 0x9d, 0x55, 0xdb, 0x1,
    0xae, 0xea, 0x10,

    /* U+0409 "Љ" */
    0x0, 0x4f, 0xff, 0xff, 0xff, 0x20, 0x0, 0x0,
    0x0, 0x4, 0xf5, 0x44, 0x4b, 0xf2, 0x0, 0x0,
    0x0, 0x0, 0x4f, 0x10, 0x0, 0x8f, 0x20, 0x0,
    0x0, 0x0, 0x4, 0xf1, 0x0, 0x8, 0xff, 0xff,
    0xe9, 0x0, 0x0, 0x4f, 0x10, 0x0, 0x8f, 0x53,
    0x36, 0xe9, 0x0, 0x5, 0xf0, 0x0, 0x8, 0xf2,
    0x0, 0x7, 0xf0, 0x0, 0x6f, 0x0, 0x0, 0x8f,
    0x20, 0x0, 0x4f, 0x0, 0xa, 0xc0, 0x0, 0x8,
    0xf2, 0x0, 0x8, 0xe0, 0x26, 0xf7, 0x0, 0x0,
    0x8f, 0x64, 0x47, 0xf7, 0x8, 0xfa, 0x0, 0x0,
    0x8, 0xff, 0xff, 0xd7, 0x0,

    /* U+040A "Њ" */
    0x4f, 0x10, 0x0, 0x4, 0xf1, 0x0, 0x0, 0x0,
    0x4f, 0x10, 0x0, 0x4, 0xf1, 0x0, 0x0, 0x0,
    0x4f, 0x10, 0x0, 0x4, 0xf1, 0x0, 0x0, 0x0,
    0x4f, 0x10, 0x0, 0x4, 0xf1, 0x0, 0x0, 0x0,
    0x4f, 0xff, 0xff, 0xff, 0xff, 0xff, 0xea, 0x10,
    0x4f, 0x43, 0x33, 0x36, 0xf4, 0x33, 0x6e, 0xb0,
    0x4f, 0x10, 0x0, 0x4, 0xf1, 0x0, 0x5, 0xf0,
    0x4f, 0x10, 0x0, 0x4, 0xf1, 0x0, 0x6, 0xf0,
    0x4f, 0x10, 0x0, 0x4, 0xf4, 0x33, 0x5e, 0xa0,
    0x4f, 0x10, 0x0, 0x4, 0xff, 0xff, 0xe8, 0x0,

    /* U+040B "Ћ" */
    0xff, 0xff, 0xff, 0xff, 0x0, 0x0, 0x44, 0x47,
    0xf4, 0x44, 0x0, 0x0, 0x0, 0x4, 0xf1, 0x0,
    0x0, 0x0, 0x0, 0x4, 0xf1, 0x0, 0x0, 0x0,
    0x0, 0x4, 0xf9, 0xdf, 0xfb, 0x30, 0x0, 0x4,
    0xfb, 0x64, 0x5d, 0xe1, 0x0, 0x4, 0xf1, 0x0,
    0x1, 0xf5, 0x0, 0x4, 0xf1, 0x0, 0x0, 0xd7,
    0x0, 0x4, 0xf1, 0x0, 0x0, 0xd8, 0x0, 0x4,
    0xf1, 0x0, 0x0, 0xd8,

    /* U+040C "Ќ" */
    0x0, 0x0, 0x17, 0x40, 0x0, 0x0, 0x1c, 0x90,
    0x0, 0x0, 0x4, 0x50, 0x0, 0x0, 0x0, 0x0,
    0x0, 0x0, 0x4f, 0x10, 0x0, 0x2f, 0x54, 0xf1,
    0x0, 0xd, 0x90, 0x4f, 0x10, 0xa, 0xc0, 0x4,
    0xf1, 0x7, 0xe1, 0x0, 0x4f, 0xff, 0xf6, 0x0,
    0x4, 0xf4, 0x3a, 0xe0, 0x0, 0x4f, 0x10, 0x1e,
    0x90, 0x4, 0xf1, 0x0, 0x5f, 0x40, 0x4f, 0x10,
    0x0, 0xae, 0x4, 0xf1, 0x0, 0x1, 0xe9,

    /* U+040D "Ѝ" */
    0x0, 0x28, 0x20, 0x0, 0x0, 0x0, 0x7, 0xd1,
    0x0, 0x0, 0x0, 0x0, 0x45, 0x0, 0x0, 0x0,
    0x0, 0x0, 0x0, 0x0, 0x4f, 0x10, 0x0, 0x8,
    0xf1, 0x4f, 0x10, 0x0, 0x4f, 0xf1, 0x4f, 0x10,
    0x1, 0xed, 0xf1, 0x4f, 0x10, 0xc, 0xc4, 0xf1,
    0x4f, 0x10, 0x8f, 0x24, 0xf1, 0x4f, 0x14, 0xf5,
    0x4, 0xf1, 0x4f, 0x3e, 0x90, 0x4, 0xf1, 0x4f,
    0xcd, 0x0, 0x4, 0xf1, 0x4f, 0xf2, 0x0, 0x4,
    0xf1, 0x4f, 0x50, 0x0, 0x4, 0xf1,

    /* U+040E "Ў" */
    0x0, 0x7, 0x0, 0x7, 0x0, 0x0, 0x0, 0xd7,
    0x17, 0xd0, 0x0, 0x0, 0x4, 0xff, 0xf4, 0x0,
    0x0, 0x0, 0x0, 0x20, 0x0, 0x0, 0xd, 0x90,
    0x0, 0x0, 0x4f, 0x20, 0x5f, 0x20, 0x0, 0xc,
    0x90, 0x0, 0xcb, 0x0, 0x5, 0xf1, 0x0, 0x3,
    0xf3, 0x0, 0xd7, 0x0, 0x0, 0xb, 0xc0, 0x6e,
    0x0, 0x0, 0x0, 0x2f, 0x5e, 0x50, 0x0, 0x0,
    0x0, 0x9f, 0xc0, 0x0, 0x0, 0x0, 0x4, 0xf4,
    0x0, 0x0, 0x0, 0x55, 0xea, 0x0, 0x0, 0x0,
    0x1e, 0xf9, 0x0, 0x0, 0x0,

    /* U+040F "Џ" */
    0x4f, 0x10, 0x0, 0x4f, 0x14, 0xf1, 0x0, 0x4,
    0xf1, 0x4f, 0x10, 0x0, 0x4f, 0x14, 0xf1, 0x0,
    0x4, 0xf1, 0x4f, 0x10, 0x0, 0x4f, 0x14, 0xf1,
    0x0, 0x4, 0xf1, 0x4f, 0x10, 0x0, 0x4f, 0x14,
    0xf1, 0x0, 0x4, 0xf1, 0x4f, 0x54, 0x44, 0x7f,
    0x14, 0xff, 0xff, 0xff, 0xf1, 0x0, 0x4, 0xf1,
    0x0, 0x0, 0x0, 0x4f, 0x10, 0x0, 0x0, 0x2,
    0x80, 0x0, 0x0,

    /* U+0410 "А" */
    0x0, 0x0, 0x9f, 0x30, 0x0, 0x0, 0x0, 0x1f,
    0xda, 0x0, 0x0, 0x0, 0x8, 0xc3, 0xf1, 0x0,
    0x0, 0x0, 0xe5, 0xb, 0x80, 0x0, 0x0, 0x6d,
    0x0, 0x4e, 0x0, 0x0, 0xd, 0x60, 0x0, 0xd6,
    0x0, 0x4, 0xff, 0xff, 0xff, 0xd0, 0x0, 0xb9,
    0x33, 0x33, 0x3f, 0x50, 0x2f, 0x20, 0x0, 0x0,
    0x9c, 0x9, 0xc0, 0x0, 0x0, 0x3, 0xf3,

    /* U+0411 "Б" */
    0x4f, 0xff, 0xff, 0xff, 0x70, 0x4f, 0x54, 0x44,
    0x44, 0x10, 0x4f, 0x10, 0x0, 0x0, 0x0, 0x4f,
    0x10, 0x0, 0x0, 0x0, 0x4f, 0xff, 0xff, 0xe9,
    0x10, 0x4f, 0x43, 0x34, 0x7e, 0xb0, 0x4f, 0x10,
    0x0, 0x6, 0xf0, 0x4f, 0x10, 0x0, 0x6, 0xf0,
    0x4f, 0x54, 0x44, 0x7f, 0xa0, 0x4f, 0xff, 0xff,
    0xd7, 0x0,

    /* U+0412 "В" */
    0x4f, 0xff, 0xfe, 0xa2, 0x0, 0x4f, 0x54, 0x45,
    0xdd, 0x0, 0x4f, 0x10, 0x0, 0x5f, 0x0, 0x4f,
    0x10, 0x2, 0xbc, 0x0, 0x4f, 0xff, 0xff, 0xf4,
    0x0, 0x4f, 0x43, 0x33, 0x6e, 0x70, 0x4f, 0x10,
    0x0, 0x5, 0xf0, 0x4f, 0x10, 0x0, 0x6, 0xf0,
    0x4f, 0x54, 0x44, 0x6e, 0xa0, 0x4f, 0xff, 0xff,
    0xd8, 0x0,

    /* U+0413 "Г" */
    0x4f, 0xff, 0xff, 0xf2, 0x4f, 0x54, 0x44, 0x40,
    0x4f, 0x10, 0x0, 0x0, 0x4f, 0x10, 0x0, 0x0,
    0x4f, 0x10, 0x0, 0x0, 0x4f, 0x10, 0x0, 0x0,
    0x4f, 0x10, 0x0, 0x0, 0x4f, 0x10, 0x0, 0x0,
    0x4f, 0x10, 0x0, 0x0, 0x4f, 0x10, 0x0, 0x0,

    /* U+0414 "Д" */
    0x0, 0x4f, 0xff, 0xff, 0xff, 0x10, 0x0, 0x4f,
    0x44, 0x44, 0x7f, 0x10, 0x0, 0x4f, 0x10, 0x0,
    0x4f, 0x10, 0x0, 0x4f, 0x10, 0x0, 0x4f, 0x10,
    0x0, 0x4f, 0x0, 0x0, 0x4f, 0x10, 0x0, 0x5f,
    0x0, 0x0, 0x4f, 0x10, 0x0, 0x7d, 0x0, 0x0,
    0x4f, 0x10, 0x0, 0xb8, 0x0, 0x0, 0x4f, 0x10,
    0x16, 0xf5, 0x44, 0x44, 0x7f, 0x40, 0x4f, 0xff,
    0xff, 0xff, 0xff, 0xf1, 0x4f, 0x10, 0x0, 0x0,
    0x0, 0xe1, 0x4f, 0x10, 0x0, 0x0, 0x0, 0xe1,
    0x28, 0x0, 0x0, 0x0, 0x0, 0x70,

    /* U+0415 "Е" */
    0x4f, 0xff, 0xff, 0xf9, 0x4f, 0x54, 0x44, 0x42,
    0x4f, 0x10, 0x0, 0x0, 0x4f, 0x10, 0x0, 0x0,
    0x4f, 0xff, 0xff, 0xf0, 0x4f, 0x43, 0x33, 0x30,
    0x4f, 0x10, 0x0, 0x0, 0x4f, 0x10, 0x0, 0x0,
    0x4f, 0x54, 0x44, 0x43, 0x4f, 0xff, 0xff, 0xfd,

    /* U+0416 "Ж" */
    0x1e, 0x80, 0x0, 0x4f, 0x10, 0x0, 0xbc, 0x0,
    0x4f, 0x30, 0x4, 0xf1, 0x0, 0x6f, 0x20, 0x0,
    0x9d, 0x0, 0x4f, 0x10, 0x1f, 0x60, 0x0, 0x0,
    0xd8, 0x4, 0xf1, 0xb, 0xb0, 0x0, 0x0, 0x7,
    0xff, 0xff, 0xff, 0xf4, 0x0, 0x0, 0x0, 0xeb,
    0x36, 0xf4, 0x3d, 0xb0, 0x0, 0x0, 0x8f, 0x20,
    0x4f, 0x10, 0x4f, 0x40, 0x0, 0x1f, 0x80, 0x4,
    0xf1, 0x0, 0xbd, 0x0, 0xa, 0xe0, 0x0, 0x4f,
    0x10, 0x2, 0xf7, 0x3, 0xf6, 0x0, 0x4, 0xf1,
    0x0, 0x9, 0xf1,

    /* U+0417 "З" */
    0x3, 0xae, 0xfd, 0x80, 0x0, 0x79, 0x54, 0x7e,
    0xc0, 0x0, 0x0, 0x0, 0x5f, 0x0, 0x0, 0x0,
    0x2a, 0xc0, 0x0, 0x4f, 0xff, 0xe1, 0x0, 0x0,
    0x33, 0x5d, 0xa0, 0x0, 0x0, 0x0, 0x5f, 0x0,
    0x10, 0x0, 0x7, 0xf0, 0xe, 0x95, 0x48, 0xf9,
    0x0, 0x3a, 0xef, 0xd7, 0x0,

    /* U+0418 "И" */
    0x4f, 0x10, 0x0, 0x8, 0xf1, 0x4f, 0x10, 0x0,
    0x4f, 0xf1, 0x4f, 0x10, 0x1, 0xed, 0xf1, 0x4f,
    0x10, 0xc, 0xc4, 0xf1, 0x4f, 0x10, 0x8f, 0x24,
    0xf1, 0x4f, 0x14, 0xf5, 0x4, 0xf1, 0x4f, 0x3e,
    0x90, 0x4, 0xf1, 0x4f, 0xcd, 0x0, 0x4, 0xf1,
    0x4f, 0xf2, 0x0, 0x4, 0xf1, 0x4f, 0x50, 0x0,
    0x4, 0xf1,

    /* U+0419 "Й" */
    0x0, 0x34, 0x0, 0x61, 0x0, 0x0, 0x5d, 0x13,
    0xf1, 0x0, 0x0, 0xc, 0xff, 0x80, 0x0, 0x0,
    0x0, 0x21, 0x0, 0x0, 0x4f, 0x10, 0x0, 0x8,
    0xf1, 0x4f, 0x10, 0x0, 0x4f, 0xf1, 0x4f, 0x10,
    0x1, 0xed, 0xf1, 0x4f, 0x10, 0xc, 0xc4, 0xf1,
    0x4f, 0x10, 0x8f, 0x24, 0xf1, 0x4f, 0x14, 0xf5,
    0x4, 0xf1, 0x4f, 0x3e, 0x90, 0x4, 0xf1, 0x4f,
    0xcd, 0x0, 0x4, 0xf1, 0x4f, 0xf2, 0x0, 0x4,
    0xf1, 0x4f, 0x50, 0x0, 0x4, 0xf1,

    /* U+041A "К" */
    0x4f, 0x10, 0x0, 0x2f, 0x54, 0xf1, 0x0, 0xd,
    0x90, 0x4f, 0x10, 0xa, 0xc0, 0x4, 0xf1, 0x7,
    0xe1, 0x0, 0x4f, 0xff, 0xf6, 0x0, 0x4, 0xf4,
    0x3a, 0xe0, 0x0, 0x4f, 0x10, 0x1e, 0x90, 0x4,
    0xf1, 0x0, 0x5f, 0x40, 0x4f, 0x10, 0x0, 0xae,
    0x4, 0xf1, 0x0, 0x1, 0xe9,

    /* U+041B "Л" */
    0x0, 0x4f, 0xff, 0xff, 0xff, 0x10, 0x4, 0xf5,
    0x44, 0x47, 0xf1, 0x0, 0x4f, 0x10, 0x0, 0x4f,
    0x10, 0x4, 0xf1, 0x0, 0x4, 0xf1, 0x0, 0x4f,
    0x10, 0x0, 0x4f, 0x10, 0x5, 0xf0, 0x0, 0x4,
    0xf1, 0x0, 0x6f, 0x0, 0x0, 0x4f, 0x10, 0xa,
    0xc0, 0x0, 0x4, 0xf1, 0x26, 0xf7, 0x0, 0x0,
    0x4f, 0x18, 0xfa, 0x0, 0x0, 0x4, 0xf1,

    /* U+041C "М" */
    0x4f, 0x30, 0x0, 0x0, 0x5, 0xf1, 0x4f, 0xc0,
    0x0, 0x0, 0xe, 0xf1, 0x4f, 0xf5, 0x0, 0x0,
    0x7f, 0xf1, 0x4f, 0x9d, 0x0, 0x1, 0xf8, 0xf1,
    0x4f, 0x2d, 0x70, 0xa, 0xb4, 0xf1, 0x4f, 0x15,
    0xf1, 0x3f, 0x24, 0xf1, 0x4f, 0x10, 0xba, 0xc8,
    0x4, 0xf1, 0x4f, 0x10, 0x2f, 0xe0, 0x4, 0xf1,
    0x4f, 0x10, 0x8, 0x50, 0x4, 0xf1, 0x4f, 0x10,
    0x0, 0x0, 0x4, 0xf1,

    /* U+041D "Н" */
    0x4f, 0x10, 0x0, 0x4, 0xf1, 0x4f, 0x10, 0x0,
    0x4, 0xf1, 0x4f, 0x10, 0x0, 0x4, 0xf1, 0x4f,
    0x10, 0x0, 0x4, 0xf1, 0x4f, 0xff, 0xff, 0xff,
    0xf1, 0x4f, 0x43, 0x33, 0x36, 0xf1, 0x4f, 0x10,
    0x0, 0x4, 0xf1, 0x4f, 0x10, 0x0, 0x4, 0xf1,
    0x4f, 0x10, 0x0, 0x4, 0xf1, 0x4f, 0x10, 0x0,
    0x4, 0xf1,

    /* U+041E "О" */
    0x0, 0x6, 0xcf, 0xeb, 0x50, 0x0, 0x0, 0xcf,
    0x84, 0x59, 0xf9, 0x0, 0x9, 0xe2, 0x0, 0x0,
    0x4f, 0x60, 0xf, 0x60, 0x0, 0x0, 0x9, 0xd0,
    0x3f, 0x20, 0x0, 0x0, 0x5, 0xf0, 0x3f, 0x20,
    0x0, 0x0, 0x5, 0xf0, 0xf, 0x60, 0x0, 0x0,
    0x9, 0xd0, 0x9, 0xe2, 0x0, 0x0, 0x4f, 0x60,
    0x0, 0xcf, 0x84, 0x59, 0xfa, 0x0, 0x0, 0x6,
    0xcf, 0xec, 0x50, 0x0,

    /* U+041F "П" */
    0x4f, 0xff, 0xff, 0xff, 0xf1, 0x4f, 0x54, 0x44,
    0x47, 0xf1, 0x4f, 0x10, 0x0, 0x4, 0xf1, 0x4f,
    0x10, 0x0, 0x4, 0xf1, 0x4f, 0x10, 0x0, 0x4,
    0xf1, 0x4f, 0x10, 0x0, 0x4, 0xf1, 0x4f, 0x10,
    0x0, 0x4, 0xf1, 0x4f, 0x10, 0x0, 0x4, 0xf1,
    0x4f, 0x10, 0x0, 0x4, 0xf1, 0x4f, 0x10, 0x0,
    0x4, 0xf1,

    /* U+0420 "Р" */
    0x4f, 0xff, 0xfe, 0xb4, 0x0, 0x4f, 0x54, 0x45,
    0xaf, 0x60, 0x4f, 0x10, 0x0, 0x9, 0xe0, 0x4f,
    0x10, 0x0, 0x5, 0xf0, 0x4f, 0x10, 0x0, 0x7,
    0xf0, 0x4f, 0x10, 0x1, 0x6f, 0x80, 0x4f, 0xff,
    0xff, 0xe7, 0x0, 0x4f, 0x43, 0x31, 0x0, 0x0,
    0x4f, 0x10, 0x0, 0x0, 0x0, 0x4f, 0x10, 0x0,
    0x0, 0x0,

    /* U+0421 "С" */
    0x0, 0x6, 0xcf, 0xfc, 0x50, 0x0, 0xcf, 0x84,
    0x49, 0xf5, 0x9, 0xe2, 0x0, 0x0, 0x20, 0xf,
    0x60, 0x0, 0x0, 0x0, 0x3f, 0x20, 0x0, 0x0,
    0x0, 0x3f, 0x20, 0x0, 0x0, 0x0, 0xf, 0x60,
    0x0, 0x0, 0x0, 0x9, 0xe2, 0x0, 0x0, 0x20,
    0x0, 0xcf, 0x84, 0x49, 0xf5, 0x0, 0x7, 0xcf,
    0xfc, 0x50,

    /* U+0422 "Т" */
    0xff, 0xff, 0xff, 0xff, 0x44, 0x47, 0xf4, 0x44,
    0x0, 0x4, 0xf1, 0x0, 0x0, 0x4, 0xf1, 0x0,
    0x0, 0x4, 0xf1, 0x0, 0x0, 0x4, 0xf1, 0x0,
    0x0, 0x4, 0xf1, 0x0, 0x0, 0x4, 0xf1, 0x0,
    0x0, 0x4, 0xf1, 0x0, 0x0, 0x4, 0xf1, 0x0,

    /* U+0423 "У" */
    0x8e, 0x0, 0x0, 0x2, 0xf4, 0xe, 0x70, 0x0,
    0xa, 0xb0, 0x7, 0xe1, 0x0, 0x2f, 0x30, 0x0,
    0xe8, 0x0, 0xaa, 0x0, 0x0, 0x6f, 0x13, 0xf2,
    0x0, 0x0, 0xd, 0x8b, 0x90, 0x0, 0x0, 0x5,
    0xff, 0x10, 0x0, 0x0, 0x0, 0xf7, 0x0, 0x0,
    0x3, 0x5b, 0xd0, 0x0, 0x0, 0xa, 0xfb, 0x20,
    0x0, 0x0,

    /* U+0424 "Ф" */
    0x0, 0x0, 0x4, 0xf1, 0x0, 0x0, 0x0, 0x2,
    0xae, 0xff, 0xfe, 0x91, 0x0, 0x3, 0xfd, 0x67,
    0xf5, 0x7e, 0xe1, 0x0, 0xdc, 0x0, 0x4f, 0x10,
    0x1e, 0xa0, 0x2f, 0x40, 0x4, 0xf1, 0x0, 0x7f,
    0x3, 0xf2, 0x0, 0x4f, 0x10, 0x4, 0xf0, 0x2f,
    0x30, 0x4, 0xf1, 0x0, 0x6f, 0x0, 0xea, 0x0,
    0x4f, 0x10, 0xc, 0xb0, 0x5, 0xfa, 0x35, 0xf2,
    0x4c, 0xf3, 0x0, 0x5, 0xdf, 0xff, 0xff, 0xc3,
    0x0, 0x0, 0x0, 0x16, 0xf4, 0x10, 0x0, 0x0,

    /* U+0425 "Х" */
    0x3f, 0x70, 0x0, 0x2f, 0x70, 0x8, 0xf2, 0x0,
    0xdc, 0x0, 0x0, 0xcc, 0x8, 0xf2, 0x0, 0x0,
    0x2f, 0xbf, 0x60, 0x0, 0x0, 0x7, 0xfc, 0x0,
    0x0, 0x0, 0xa, 0xfe, 0x10, 0x0, 0x0, 0x5f,
    0x6e, 0xb0, 0x0, 0x1, 0xe9, 0x4, 0xf6, 0x0,
    0xb, 0xd0, 0x0, 0x9f, 0x20, 0x6f, 0x30, 0x0,
    0xd, 0xc0,

    /* U+0426 "Ц" */
    0x4f, 0x10, 0x0, 0x4, 0xf1, 0x4, 0xf1, 0x0,
    0x0, 0x4f, 0x10, 0x4f, 0x10, 0x0, 0x4, 0xf1,
    0x4, 0xf1, 0x0, 0x0, 0x4f, 0x10, 0x4f, 0x10,
    0x0, 0x4, 0xf1, 0x4, 0xf1, 0x0, 0x0, 0x4f,
    0x10, 0x4f, 0x10, 0x0, 0x4, 0xf1, 0x4, 0xf1,
    0x0, 0x0, 0x4f, 0x10, 0x4f, 0x54, 0x44, 0x47,
    0xf5, 0x4, 0xff, 0xff, 0xff, 0xff, 0xf1, 0x0,
    0x0, 0x0, 0x0, 0xe, 0x10, 0x0, 0x0, 0x0,
    0x0, 0xe1, 0x0, 0x0, 0x0, 0x0, 0x7, 0x0,

    /* U+0427 "Ч" */
    0x4f, 0x10, 0x0, 0x4, 0xf1, 0x4f, 0x10, 0x0,
    0x4, 0xf1, 0x4f, 0x10, 0x0, 0x4, 0xf1, 0x3f,
    0x30, 0x0, 0x4, 0xf1, 0xe, 0xd4, 0x11, 0x3a,
    0xf1, 0x2, 0xbf, 0xff, 0xfc, 0xf1, 0x0, 0x1,
    0x22, 0x4, 0xf1, 0x0, 0x0, 0x0, 0x4, 0xf1,
    0x0, 0x0, 0x0, 0x4, 0xf1, 0x0, 0x0, 0x0,
    0x4, 0xf1,

    /* U+0428 "Ш" */
    0x4f, 0x10, 0x4, 0xf1, 0x0, 0x4f, 0x14, 0xf1,
    0x0, 0x4f, 0x10, 0x4, 0xf1, 0x4f, 0x10, 0x4,
    0xf1, 0x0, 0x4f, 0x14, 0xf1, 0x0, 0x4f, 0x10,
    0x4, 0xf1, 0x4f, 0x10, 0x4, 0xf1, 0x0, 0x4f,
    0x14, 0xf1, 0x0, 0x4f, 0x10, 0x4, 0xf1, 0x4f,
    0x10, 0x4, 0xf1, 0x0, 0x4f, 0x14, 0xf1, 0x0,
    0x4f, 0x10, 0x4, 0xf1, 0x4f, 0x54, 0x47, 0xf5,
    0x44, 0x7f, 0x14, 0xff, 0xff, 0xff, 0xff, 0xff,
    0xf1,

    /* U+0429 "Щ" */
    0x4f, 0x10, 0x4, 0xf1, 0x0, 0x4, 0xf1, 0x4,
    0xf1, 0x0, 0x4f, 0x10, 0x0, 0x4f, 0x10, 0x4f,
    0x10, 0x4, 0xf1, 0x0, 0x4, 0xf1, 0x4, 0xf1,
    0x0, 0x4f, 0x10, 0x0, 0x4f, 0x10, 0x4f, 0x10,
    0x4, 0xf1, 0x0, 0x4, 0xf1, 0x4, 0xf1, 0x0,
    0x4f, 0x10, 0x0, 0x4f, 0x10, 0x4f, 0x10, 0x4,
    0xf1, 0x0, 0x4, 0xf1, 0x4, 0xf1, 0x0, 0x4f,
    0x10, 0x0, 0x4f, 0x10, 0x4f, 0x54, 0x47, 0xf5,
    0x44, 0x49, 0xf6, 0x4, 0xff, 0xff, 0xff, 0xff,
    0xff, 0xff, 0xf1, 0x0, 0x0, 0x0, 0x0, 0x0,
    0x0, 0xe, 0x10, 0x0, 0x0, 0x0, 0x0, 0x0,
    0x0, 0xe1, 0x0, 0x0, 0x0, 0x0, 0x0, 0x0,
    0x7, 0x0,

    /* U+042A "Ъ" */
    0x3f, 0xff, 0xf1, 0x0, 0x0, 0x0, 0x0, 0x44,
    0x7f, 0x10, 0x0, 0x0, 0x0, 0x0, 0x4, 0xf1,
    0x0, 0x0, 0x0, 0x0, 0x0, 0x4f, 0xff, 0xff,
    0xd7, 0x0, 0x0, 0x4, 0xf4, 0x33, 0x48, 0xf8,
    0x0, 0x0, 0x4f, 0x10, 0x0, 0x7, 0xe0, 0x0,
    0x4, 0xf1, 0x0, 0x0, 0x4f, 0x0, 0x0, 0x4f,
    0x10, 0x0, 0x8, 0xe0, 0x0, 0x4, 0xf5, 0x44,
    0x59, 0xf7, 0x0, 0x0, 0x4f, 0xff, 0xfe, 0xc5,
    0x0,

    /* U+042B "Ы" */
    0x4f, 0x10, 0x0, 0x0, 0x4, 0xf1, 0x4f, 0x10,
    0x0, 0x0, 0x4, 0xf1, 0x4f, 0x10, 0x0, 0x0,
    0x4, 0xf1, 0x4f, 0xff, 0xff, 0xd7, 0x4, 0xf1,
    0x4f, 0x43, 0x34, 0x8f, 0x84, 0xf1, 0x4f, 0x10,
    0x0, 0x7, 0xe4, 0xf1, 0x4f, 0x10, 0x0, 0x4,
    0xf5, 0xf1, 0x4f, 0x10, 0x0, 0x8, 0xe4, 0xf1,
    0x4f, 0x43, 0x34, 0x8f, 0x74, 0xf1, 0x4f, 0xff,
    0xfe, 0xc5, 0x4, 0xf1,

    /* U+042C "Ь" */
    0x4f, 0x10, 0x0, 0x0, 0x0, 0x4f, 0x10, 0x0,
    0x0, 0x0, 0x4f, 0x10, 0x0, 0x0, 0x0, 0x4f,
    0xff, 0xff, 0xd7, 0x0, 0x4f, 0x43, 0x34, 0x8f,
    0x80, 0x4f, 0x10, 0x0, 0x7, 0xe0, 0x4f, 0x10,
    0x0, 0x4, 0xf0, 0x4f, 0x10, 0x0, 0x8, 0xe0,
    0x4f, 0x43, 0x34, 0x8f, 0x70, 0x4f, 0xff, 0xfe,
    0xc5, 0x0,

    /* U+042D "Э" */
    0x5, 0xbf, 0xfc, 0x60, 0x4, 0xf8, 0x44, 0x8f,
    0xa0, 0x1, 0x0, 0x0, 0x2f, 0x50, 0x0, 0x0,
    0x0, 0x9c, 0x0, 0xf, 0xff, 0xff, 0xf0, 0x0,
    0x33, 0x33, 0x9f, 0x0, 0x0, 0x0, 0xb, 0xc0,
    0x30, 0x0, 0x5, 0xf5, 0x4f, 0xa5, 0x49, 0xfa,
    0x0, 0x4b, 0xff, 0xc6, 0x0,

    /* U+042E "Ю" */
    0x4f, 0x10, 0x0, 0x6c, 0xff, 0xc5, 0x0, 0x4,
    0xf1, 0x0, 0xbf, 0x95, 0x49, 0xfa, 0x0, 0x4f,
    0x10, 0x8f, 0x50, 0x0, 0x3, 0xf6, 0x4, 0xf1,
    0xe, 0xb0, 0x0, 0x0, 0x9, 0xd0, 0x4f, 0xff,
    0xf6, 0x0, 0x0, 0x0, 0x5f, 0x4, 0xf4, 0x3f,
    0x60, 0x0, 0x0, 0x5, 0xf0, 0x4f, 0x10, 0xca,
    0x0, 0x0, 0x0, 0x9d, 0x4, 0xf1, 0x5, 0xf5,
    0x0, 0x0, 0x3f, 0x60, 0x4f, 0x10, 0x8, 0xf9,
    0x54, 0x9f, 0xa0, 0x4, 0xf1, 0x0, 0x5, 0xcf,
    0xfc, 0x50, 0x0,

    /* U+042F "Я" */
    0x0, 0x6c, 0xff, 0xff, 0xf1, 0x9, 0xf8, 0x44,
    0x47, 0xf1, 0x1f, 0x60, 0x0, 0x4, 0xf1, 0x3f,
    0x20, 0x0, 0x4, 0xf1, 0x2f, 0x40, 0x0, 0x4,
    0xf1, 0xc, 0xd4, 0x10, 0x4, 0xf1, 0x1, 0xbf,
    0xff, 0xff, 0xf1, 0x0, 0x7f, 0x43, 0x36, 0xf1,
    0x3, 0xf5, 0x0, 0x4, 0xf1, 0xd, 0x80, 0x0,
    0x4, 0xf1,

    /* U+0430 "а" */
    0x4, 0xcf, 0xea, 0x10, 0xa, 0x74, 0x5d, 0xa0,
    0x0, 0x0, 0x5, 0xf0, 0x5, 0xdf, 0xff, 0xf1,
    0x1f, 0x93, 0x36, 0xf1, 0x3f, 0x20, 0x6, 0xf1,
    0x1f, 0xa4, 0x6e, 0xf1, 0x4, 0xdf, 0xc6, 0xf1,

    /* U+0431 "б" */
    0x0, 0x0, 0x27, 0xb8, 0x0, 0x3, 0xcf, 0xea,
    0x40, 0x3, 0xfa, 0x20, 0x0, 0x0, 0xca, 0x0,
    0x0, 0x0, 0xf, 0x5b, 0xfe, 0x60, 0x3, 0xfd,
    0x84, 0x9f, 0x60, 0x4f, 0x70, 0x0, 0xad, 0x3,
    0xf2, 0x0, 0x5, 0xf0, 0x1f, 0x20, 0x0, 0x5f,
    0x0, 0xd7, 0x0, 0xa, 0xc0, 0x5, 0xf7, 0x49,
    0xf4, 0x0, 0x6, 0xdf, 0xd5, 0x0,

    /* U+0432 "в" */
    0x4f, 0xff, 0xfd, 0x50, 0x4f, 0x54, 0x4a, 0xf0,
    0x4f, 0x10, 0x18, 0xd0, 0x4f, 0xff, 0xff, 0x30,
    0x4f, 0x43, 0x4b, 0xd0, 0x4f, 0x10, 0x4, 0xf0,
    0x4f, 0x54, 0x4b, 0xe0, 0x4f, 0xff, 0xfc, 0x30,

    /* U+0433 "г" */
    0x4f, 0xff, 0xff, 0x34, 0xf5, 0x44, 0x40, 0x4f,
    0x10, 0x0, 0x4, 0xf1, 0x0, 0x0, 0x4f, 0x10,
    0x0, 0x4, 0xf1, 0x0, 0x0, 0x4f, 0x10, 0x0,
    0x4, 0xf1, 0x0, 0x0,

    /* U+0434 "д" */
    0x0, 0x4f, 0xff, 0xff, 0x10, 0x0, 0x4f, 0x44,
    0x7f, 0x10, 0x0, 0x4f, 0x10, 0x4f, 0x10, 0x0,
    0x4f, 0x0, 0x4f, 0x10, 0x0, 0x6f, 0x0, 0x4f,
    0x10, 0x0, 0x9c, 0x0, 0x4f, 0x10, 0x15, 0xe8,
    0x44, 0x7f, 0x40, 0x4f, 0xff, 0xff, 0xff, 0xf1,
    0x4f, 0x10, 0x0, 0x4, 0xf1, 0x3c, 0x10, 0x0,
    0x3, 0xc0,

    /* U+0435 "е" */
    0x4, 0xcf, 0xd5, 0x4, 0xf7, 0x47, 0xf5, 0xb7,
    0x0, 0x6, 0xcf, 0xff, 0xff, 0xff, 0xf8, 0x33,
    0x33, 0x3b, 0xb0, 0x0, 0x10, 0x3f, 0xa4, 0x5d,
    0x50, 0x4c, 0xfe, 0x90,

    /* U+0436 "ж" */
    0xc, 0x90, 0x4, 0xf1, 0x0, 0xca, 0x0, 0x2f,
    0x40, 0x4f, 0x10, 0x7e, 0x10, 0x0, 0x7e, 0x14,
    0xf1, 0x2f, 0x40, 0x0, 0x0, 0xef, 0xff, 0xff,
    0xc0, 0x0, 0x0, 0x6f, 0x46, 0xf4, 0x6f, 0x30,
    0x0, 0xe, 0x90, 0x4f, 0x10, 0xcc, 0x0, 0x8,
    0xf1, 0x4, 0xf1, 0x3, 0xf5, 0x1, 0xf8, 0x0,
    0x4f, 0x10, 0xa, 0xd0,

    /* U+0437 "з" */
    0x6, 0xcf, 0xeb, 0x30, 0x7, 0x64, 0x5b, 0xf0,
    0x0, 0x0, 0x18, 0xe0, 0x0, 0x4f, 0xfe, 0x20,
    0x0, 0x3, 0x4b, 0xc0, 0x0, 0x0, 0x5, 0xf0,
    0x1d, 0x74, 0x5d, 0xc0, 0x7, 0xdf, 0xe9, 0x10,

    /* U+0438 "и" */
    0x4f, 0x10, 0x0, 0x8f, 0x14, 0xf1, 0x0, 0x5f,
    0xf1, 0x4f, 0x10, 0x3f, 0xbf, 0x14, 0xf1, 0x1e,
    0xa4, 0xf1, 0x4f, 0x2c, 0xc0, 0x4f, 0x14, 0xfb,
    0xe1, 0x4, 0xf1, 0x4f, 0xf3, 0x0, 0x4f, 0x14,
    0xf6, 0x0, 0x4, 0xf1,

    /* U+0439 "й" */
    0x0, 0xe4, 0x19, 0x80, 0x0, 0x6, 0xff, 0xe2,
    0x0, 0x0, 0x1, 0x20, 0x0, 0x4, 0xf1, 0x0,
    0x8, 0xf1, 0x4f, 0x10, 0x5, 0xff, 0x14, 0xf1,
    0x3, 0xfb, 0xf1, 0x4f, 0x11, 0xea, 0x4f, 0x14,
    0xf2, 0xcc, 0x4, 0xf1, 0x4f, 0xbe, 0x10, 0x4f,
    0x14, 0xff, 0x30, 0x4, 0xf1, 0x4f, 0x60, 0x0,
    0x4f, 0x10,

    /* U+043A "к" */
    0x4f, 0x10, 0x5, 0xf2, 0x4f, 0x10, 0x2f, 0x40,
    0x4f, 0x11, 0xd7, 0x0, 0x4f, 0xff, 0xe0, 0x0,
    0x4f, 0x45, 0xf6, 0x0, 0x4f, 0x10, 0x8f, 0x10,
    0x4f, 0x10, 0xd, 0xb0, 0x4f, 0x10, 0x3, 0xf6,

    /* U+043B "л" */
    0x0, 0x4f, 0xff, 0xff, 0x10, 0x4, 0xf5, 0x47,
    0xf1, 0x0, 0x4f, 0x10, 0x4f, 0x10, 0x4, 0xf1,
    0x4, 0xf1, 0x0, 0x5f, 0x0, 0x4f, 0x10, 0x8,
    0xe0, 0x4, 0xf1, 0x5, 0xe9, 0x0, 0x4f, 0x10,
    0xfc, 0x10, 0x4, 0xf1,

    /* U+043C "м" */
    0x4f, 0x70, 0x0, 0x8, 0xf1, 0x4f, 0xe0, 0x0,
    0x1f, 0xf1, 0x4f, 0xc7, 0x0, 0x9d, 0xf1, 0x4f,
    0x4e, 0x1, 0xe5, 0xf1, 0x4f, 0x1b, 0x79, 0x84,
    0xf1, 0x4f, 0x13, 0xee, 0x14, 0xf1, 0x4f, 0x10,
    0xb7, 0x4, 0xf1, 0x4f, 0x10, 0x0, 0x4, 0xf1,

    /* U+043D "н" */
    0x4f, 0x10, 0x0, 0x4f, 0x14, 0xf1, 0x0, 0x4,
    0xf1, 0x4f, 0x10, 0x0, 0x4f, 0x14, 0xff, 0xff,
    0xff, 0xf1, 0x4f, 0x43, 0x33, 0x6f, 0x14, 0xf1,
    0x0, 0x4, 0xf1, 0x4f, 0x10, 0x0, 0x4f, 0x14,
    0xf1, 0x0, 0x4, 0xf1,

    /* U+043E "о" */
    0x0, 0x6d, 0xfc, 0x50, 0x0, 0x7f, 0x74, 0x9f,
    0x40, 0xf, 0x70, 0x0, 0xac, 0x3, 0xf2, 0x0,
    0x5, 0xf0, 0x3f, 0x20, 0x0, 0x5f, 0x0, 0xf7,
    0x0, 0xa, 0xc0, 0x7, 0xf7, 0x49, 0xf4, 0x0,
    0x6, 0xdf, 0xc5, 0x0,

    /* U+043F "п" */
    0x4f, 0xff, 0xff, 0xff, 0x14, 0xf5, 0x44, 0x47,
    0xf1, 0x4f, 0x10, 0x0, 0x4f, 0x14, 0xf1, 0x0,
    0x4, 0xf1, 0x4f, 0x10, 0x0, 0x4f, 0x14, 0xf1,
    0x0, 0x4, 0xf1, 0x4f, 0x10, 0x0, 0x4f, 0x14,
    0xf1, 0x0, 0x4, 0xf1,

    /* U+0440 "р" */
    0x4f, 0x4c, 0xfd, 0x50, 0x4, 0xfe, 0x74, 0x9f,
    0x50, 0x4f, 0x70, 0x0, 0xad, 0x4, 0xf2, 0x0,
    0x5, 0xf0, 0x4f, 0x20, 0x0, 0x5f, 0x4, 0xf7,
    0x0, 0xa, 0xd0, 0x4f, 0xf7, 0x49, 0xf5, 0x4,
    0xf4, 0xcf, 0xd5, 0x0, 0x4f, 0x10, 0x0, 0x0,
    0x4, 0xf1, 0x0, 0x0, 0x0, 0x4f, 0x10, 0x0,
    0x0, 0x0,

    /* U+0441 "с" */
    0x0, 0x5c, 0xfe, 0x80, 0x6, 0xf8, 0x46, 0xe7,
    0xf, 0x70, 0x0, 0x20, 0x3f, 0x20, 0x0, 0x0,
    0x3f, 0x20, 0x0, 0x0, 0xf, 0x70, 0x0, 0x20,
    0x6, 0xf8, 0x46, 0xe7, 0x0, 0x5c, 0xfe, 0x70,

    /* U+0442 "т" */
    0xff, 0xff, 0xff, 0xf4, 0x47, 0xf4, 0x44, 0x0,
    0x4f, 0x10, 0x0, 0x4, 0xf1, 0x0, 0x0, 0x4f,
    0x10, 0x0, 0x4, 0xf1, 0x0, 0x0, 0x4f, 0x10,
    0x0, 0x4, 0xf1, 0x0,

    /* U+0443 "у" */
    0xb, 0xa0, 0x0, 0x9, 0xb0, 0x5f, 0x10, 0x0,
    0xf4, 0x0, 0xe7, 0x0, 0x6e, 0x0, 0x8, 0xd0,
    0xc, 0x70, 0x0, 0x1f, 0x43, 0xf1, 0x0, 0x0,
    0xaa, 0x9a, 0x0, 0x0, 0x4, 0xff, 0x40, 0x0,
    0x0, 0xd, 0xd0, 0x0, 0x0, 0x0, 0xe7, 0x0,
    0x0, 0x84, 0x9e, 0x0, 0x0, 0xb, 0xfd, 0x30,
    0x0, 0x0,

    /* U+0444 "ф" */
    0x0, 0x0, 0x4f, 0x10, 0x0, 0x0, 0x0, 0x4,
    0xf1, 0x0, 0x0, 0x0, 0x0, 0x4f, 0x10, 0x0,
    0x0, 0x7, 0xdf, 0xff, 0xc5, 0x0, 0x9, 0xf8,
    0x7f, 0x69, 0xf5, 0x1, 0xf7, 0x4, 0xf1, 0xa,
    0xd0, 0x3f, 0x20, 0x4f, 0x10, 0x5f, 0x3, 0xf2,
    0x4, 0xf1, 0x5, 0xf0, 0xf, 0x70, 0x4f, 0x10,
    0xad, 0x0, 0x8f, 0x87, 0xf5, 0xaf, 0x50, 0x0,
    0x7d, 0xff, 0xfc, 0x50, 0x0, 0x0, 0x4, 0xf1,
    0x0, 0x0, 0x0, 0x0, 0x4f, 0x10, 0x0, 0x0,
    0x0, 0x4, 0xf1, 0x0, 0x0,

    /* U+0445 "х" */
    0x6f, 0x20, 0x8, 0xe1, 0xa, 0xc0, 0x3f, 0x30,
    0x1, 0xe9, 0xd8, 0x0, 0x0, 0x4f, 0xc0, 0x0,
    0x0, 0x6f, 0xe1, 0x0, 0x2, 0xf6, 0xca, 0x0,
    0xc, 0xa0, 0x2f, 0x60, 0x8e, 0x10, 0x6, 0xf2,

    /* U+0446 "ц" */
    0x4f, 0x10, 0x4, 0xf1, 0x0, 0x4f, 0x10, 0x4,
    0xf1, 0x0, 0x4f, 0x10, 0x4, 0xf1, 0x0, 0x4f,
    0x10, 0x4, 0xf1, 0x0, 0x4f, 0x10, 0x4, 0xf1,
    0x0, 0x4f, 0x10, 0x4, 0xf1, 0x0, 0x4f, 0x54,
    0x47, 0xf4, 0x40, 0x4f, 0xff, 0xff, 0xff, 0xf1,
    0x0, 0x0, 0x0, 0x4, 0xf1, 0x0, 0x0, 0x0,
    0x3, 0xc0,

    /* U+0447 "ч" */
    0x4f, 0x10, 0x4, 0xf1, 0x4f, 0x10, 0x4, 0xf1,
    0x4f, 0x10, 0x4, 0xf1, 0x1f, 0x91, 0x28, 0xf1,
    0x7, 0xff, 0xfc, 0xf1, 0x0, 0x12, 0x14, 0xf1,
    0x0, 0x0, 0x4, 0xf1, 0x0, 0x0, 0x4, 0xf1,

    /* U+0448 "ш" */
    0x4f, 0x10, 0x4, 0xf1, 0x0, 0x4f, 0x14, 0xf1,
    0x0, 0x4f, 0x10, 0x4, 0xf1, 0x4f, 0x10, 0x4,
    0xf1, 0x0, 0x4f, 0x14, 0xf1, 0x0, 0x4f, 0x10,
    0x4, 0xf1, 0x4f, 0x10, 0x4, 0xf1, 0x0, 0x4f,
    0x14, 0xf1, 0x0, 0x4f, 0x10, 0x4, 0xf1, 0x4f,
    0x54, 0x47, 0xf4, 0x44, 0x7f, 0x14, 0xff, 0xff,
    0xff, 0xff, 0xff, 0xf1,

    /* U+0449 "щ" */
    0x4f, 0x10, 0x4, 0xf1, 0x4, 0xf1, 0x4, 0xf1,
    0x0, 0x4f, 0x10, 0x4f, 0x10, 0x4f, 0x10, 0x4,
    0xf1, 0x4, 0xf1, 0x4, 0xf1, 0x0, 0x4f, 0x10,
    0x4f, 0x10, 0x4f, 0x10, 0x4, 0xf1, 0x4, 0xf1,
    0x4, 0xf1, 0x0, 0x4f, 0x10, 0x4f, 0x10, 0x4f,
    0x54, 0x47, 0xf4, 0x48, 0xf5, 0x4, 0xff, 0xff,
    0xff, 0xff, 0xff, 0xf1, 0x0, 0x0, 0x0, 0x0,
    0x0, 0x4f, 0x10, 0x0, 0x0, 0x0, 0x0, 0x2,
    0x80,

    /* U+044A "ъ" */
    0x8f, 0xff, 0x10, 0x0, 0x0, 0x24, 0x7f, 0x10,
    0x0, 0x0, 0x0, 0x4f, 0x10, 0x0, 0x0, 0x0,
    0x4f, 0xff, 0xfc, 0x30, 0x0, 0x4f, 0x43, 0x4c,
    0xd0, 0x0, 0x4f, 0x10, 0x5, 0xf0, 0x0, 0x4f,
    0x54, 0x5c, 0xd0, 0x0, 0x4f, 0xff, 0xeb, 0x20,

    /* U+044B "ы" */
    0x4f, 0x10, 0x0, 0x4, 0xf1, 0x4f, 0x10, 0x0,
    0x4, 0xf1, 0x4f, 0x10, 0x0, 0x4, 0xf1, 0x4f,
    0xff, 0xfc, 0x34, 0xf1, 0x4f, 0x43, 0x4c, 0xd4,
    0xf1, 0x4f, 0x10, 0x5, 0xf4, 0xf1, 0x4f, 0x21,
    0x2b, 0xc4, 0xf1, 0x4f, 0xff, 0xeb, 0x24, 0xf1,

    /* U+044C "ь" */
    0x4f, 0x10, 0x0, 0x0, 0x4f, 0x10, 0x0, 0x0,
    0x4f, 0x10, 0x0, 0x0, 0x4f, 0xff, 0xfc, 0x30,
    0x4f, 0x43, 0x4c, 0xd0, 0x4f, 0x10, 0x5, 0xf0,
    0x4f, 0x21, 0x2b, 0xd0, 0x4f, 0xff, 0xfb, 0x20,

    /* U+044D "э" */
    0x3, 0xbf, 0xfb, 0x20, 0xb, 0x85, 0x5a, 0xf2,
    0x0, 0x0, 0x0, 0x8b, 0x0, 0xf, 0xff, 0xff,
    0x0, 0x3, 0x33, 0x8e, 0x0, 0x0, 0x0, 0xcb,
    0xd, 0xa5, 0x5c, 0xf2, 0x3, 0xbf, 0xfb, 0x20,

    /* U+044E "ю" */
    0x4f, 0x10, 0x8, 0xef, 0xc4, 0x0, 0x4f, 0x10,
    0xce, 0x64, 0x9f, 0x40, 0x4f, 0x14, 0xf4, 0x0,
    0xa, 0xc0, 0x4f, 0xff, 0xf0, 0x0, 0x5, 0xf0,
    0x4f, 0x47, 0xf0, 0x0, 0x5, 0xf0, 0x4f, 0x11,
    0xf4, 0x0, 0xa, 0xc0, 0x4f, 0x10, 0x8e, 0x64,
    0x9f, 0x40, 0x4f, 0x10, 0x7, 0xef, 0xc4, 0x0,

    /* U+044F "я" */
    0x3, 0xbf, 0xff, 0xf1, 0xe, 0xb4, 0x47, 0xf1,
    0x3f, 0x20, 0x4, 0xf1, 0x1f, 0x71, 0x4, 0xf1,
    0x6, 0xff, 0xff, 0xf1, 0x0, 0xd8, 0x36, 0xf1,
    0x7, 0xe0, 0x4, 0xf1, 0x1f, 0x50, 0x4, 0xf1,

    /* U+0450 "ѐ" */
    0x5, 0xe3, 0x0, 0x0, 0x4, 0xd2, 0x0, 0x0,
    0x0, 0x0, 0x0, 0x4c, 0xfd, 0x50, 0x4f, 0x74,
    0x7f, 0x5b, 0x70, 0x0, 0x6c, 0xff, 0xff, 0xff,
    0xff, 0x83, 0x33, 0x33, 0xbb, 0x0, 0x1, 0x3,
    0xfa, 0x45, 0xd5, 0x4, 0xcf, 0xe9, 0x0,

    /* U+0451 "ё" */
    0x2, 0xd0, 0x2d, 0x0, 0x2, 0x0, 0x20, 0x4,
    0xcf, 0xd5, 0x4, 0xf9, 0x45, 0xc5, 0xb9, 0x0,
    0x0, 0xaf, 0xff, 0xff, 0xff, 0xf9, 0x33, 0x33,
    0x3b, 0xd0, 0x0, 0x0, 0x3f, 0xc5, 0x49, 0x90,
    0x3b, 0xff, 0xa1,

    /* U+0452 "ђ" */
    0x4, 0xf1, 0x0, 0x0, 0xf, 0xff, 0xff, 0xf0,
    0x0, 0x36, 0xf4, 0x33, 0x0, 0x0, 0x4f, 0x5d,
    0xfb, 0x10, 0x4, 0xfe, 0x65, 0xea, 0x0, 0x4f,
    0x50, 0x6, 0xf0, 0x4, 0xf1, 0x0, 0x4f, 0x10,
    0x4f, 0x10, 0x4, 0xf1, 0x4, 0xf1, 0x0, 0x4f,
    0x10, 0x4f, 0x10, 0x4, 0xf1, 0x4, 0xf1, 0x0,
    0x4f, 0x10, 0x0, 0x0, 0x4, 0xf0, 0x0, 0x0,
    0x15, 0xae, 0x0, 0x0, 0x3, 0xee, 0x40,

    /* U+0453 "ѓ" */
    0x0, 0x2, 0xe8, 0x0, 0x2, 0xd5, 0x0, 0x0,
    0x0, 0x0, 0x4, 0xff, 0xff, 0xf3, 0x4f, 0x54,
    0x44, 0x4, 0xf1, 0x0, 0x0, 0x4f, 0x10, 0x0,
    0x4, 0xf1, 0x0, 0x0, 0x4f, 0x10, 0x0, 0x4,
    0xf1, 0x0, 0x0, 0x4f, 0x10, 0x0, 0x0,

    /* U+0454 "є" */
    0x2, 0xbf, 0xfb, 0x30, 0x2f, 0x95, 0x48, 0xb0,
    0xb8, 0x0, 0x0, 0x0, 0xff, 0xff, 0xf0, 0x0,
    0xf8, 0x33, 0x30, 0x0, 0xbc, 0x0, 0x0, 0x10,
    0x2f, 0xc5, 0x4a, 0xd0, 0x2, 0xbf, 0xfb, 0x30,

    /* U+0455 "ѕ" */
    0x3, 0xbf, 0xec, 0x60, 0x1f, 0xa4, 0x58, 0x60,
    0x3f, 0x20, 0x0, 0x0, 0xc, 0xea, 0x73, 0x0,
    0x0, 0x59, 0xcf, 0x90, 0x0, 0x0, 0x6, 0xf0,
    0x3d, 0x74, 0x5b, 0xd0, 0x19, 0xdf, 0xea, 0x20,

    /* U+0456 "і" */
    0x2e, 0x1, 0xb0, 0x0, 0x4, 0xf1, 0x4f, 0x14,
    0xf1, 0x4f, 0x14, 0xf1, 0x4f, 0x14, 0xf1, 0x4f,
    0x10,

    /* U+0457 "ї" */
    0x2e, 0x2e, 0x0, 0x20, 0x20, 0x4, 0xf1, 0x0,
    0x4f, 0x10, 0x4, 0xf1, 0x0, 0x4f, 0x10, 0x4,
    0xf1, 0x0, 0x4f, 0x10, 0x4, 0xf1, 0x0, 0x4f,
    0x10,

    /* U+0458 "ј" */
    0x0, 0x2e, 0x0, 0x1, 0xb0, 0x0, 0x0, 0x0,
    0x4, 0xf1, 0x0, 0x4f, 0x10, 0x4, 0xf1, 0x0,
    0x4f, 0x10, 0x4, 0xf1, 0x0, 0x4f, 0x10, 0x4,
    0xf1, 0x0, 0x4f, 0x10, 0x4, 0xf1, 0x44, 0xbd,
    0x9, 0xfd, 0x30,

    /* U+0459 "љ" */
    0x0, 0x4f, 0xff, 0xff, 0x20, 0x0, 0x0, 0x0,
    0x4f, 0x54, 0xbf, 0x20, 0x0, 0x0, 0x0, 0x4f,
    0x10, 0x8f, 0x20, 0x0, 0x0, 0x0, 0x4f, 0x10,
    0x8f, 0xff, 0xfc, 0x30, 0x0, 0x5f, 0x0, 0x8f,
    0x53, 0x4c, 0xd0, 0x0, 0x8e, 0x0, 0x8f, 0x20,
    0x5, 0xf0, 0x4, 0xe9, 0x0, 0x8f, 0x64, 0x5c,
    0xd0, 0xf, 0xc1, 0x0, 0x8f, 0xff, 0xfb, 0x20,

    /* U+045A "њ" */
    0x4f, 0x10, 0x4, 0xf1, 0x0, 0x0, 0x4, 0xf1,
    0x0, 0x4f, 0x10, 0x0, 0x0, 0x4f, 0x10, 0x4,
    0xf1, 0x0, 0x0, 0x4, 0xff, 0xff, 0xff, 0xff,
    0xfc, 0x30, 0x4f, 0x43, 0x36, 0xf4, 0x34, 0xce,
    0x4, 0xf1, 0x0, 0x4f, 0x10, 0x5, 0xf0, 0x4f,
    0x10, 0x4, 0xf2, 0x12, 0xbc, 0x4, 0xf1, 0x0,
    0x4f, 0xff, 0xfb, 0x20,

    /* U+045B "ћ" */
    0x0, 0x4f, 0x10, 0x0, 0x0, 0x1, 0xff, 0xff,
    0xff, 0xa0, 0x0, 0x3, 0x6f, 0x43, 0x32, 0x0,
    0x0, 0x4, 0xf5, 0xcf, 0xe8, 0x0, 0x0, 0x4f,
    0xf8, 0x47, 0xf9, 0x0, 0x4, 0xf6, 0x0, 0x7,
    0xe0, 0x0, 0x4f, 0x20, 0x0, 0x4f, 0x10, 0x4,
    0xf1, 0x0, 0x4, 0xf1, 0x0, 0x4f, 0x10, 0x0,
    0x4f, 0x10, 0x4, 0xf1, 0x0, 0x4, 0xf1, 0x0,
    0x4f, 0x10, 0x0, 0x4f, 0x10,

    /* U+045C "ќ" */
    0x0, 0x0, 0xcb, 0x0, 0x0, 0xc, 0x80, 0x0,
    0x0, 0x0, 0x0, 0x0, 0x4f, 0x10, 0x5, 0xf2,
    0x4f, 0x10, 0x2f, 0x40, 0x4f, 0x11, 0xd7, 0x0,
    0x4f, 0xff, 0xe0, 0x0, 0x4f, 0x45, 0xf6, 0x0,
    0x4f, 0x10, 0x8f, 0x10, 0x4f, 0x10, 0xd, 0xb0,
    0x4f, 0x10, 0x3, 0xf6,

    /* U+045D "ѝ" */
    0x0, 0xad, 0x10, 0x0, 0x0, 0x0, 0x8d, 0x10,
    0x0, 0x0, 0x0, 0x0, 0x0, 0x4, 0xf1, 0x0,
    0x8, 0xf1, 0x4f, 0x10, 0x5, 0xff, 0x14, 0xf1,
    0x3, 0xfb, 0xf1, 0x4f, 0x11, 0xea, 0x4f, 0x14,
    0xf2, 0xcc, 0x4, 0xf1, 0x4f, 0xbe, 0x10, 0x4f,
    0x14, 0xff, 0x30, 0x4, 0xf1, 0x4f, 0x60, 0x0,
    0x4f, 0x10,

    /* U+045E "ў" */
    0x0, 0xe3, 0x1b, 0x60, 0x0, 0x7, 0xff, 0xd1,
    0x0, 0x0, 0x1, 0x20, 0x0, 0x5, 0xf1, 0x0,
    0x1, 0xf3, 0xe, 0x70, 0x0, 0x8c, 0x0, 0x8d,
    0x0, 0xe, 0x60, 0x1, 0xf4, 0x5, 0xe0, 0x0,
    0xa, 0xb0, 0xb8, 0x0, 0x0, 0x4f, 0x4f, 0x20,
    0x0, 0x0, 0xde, 0xb0, 0x0, 0x0, 0x6, 0xf4,
    0x0, 0x0, 0x0, 0x7e, 0x0, 0x0, 0x56, 0x5e,
    0x60, 0x0, 0x6, 0xef, 0x80, 0x0, 0x0,

    /* U+045F "џ" */
    0x4f, 0x10, 0x0, 0x4f, 0x14, 0xf1, 0x0, 0x4,
    0xf1, 0x4f, 0x10, 0x0, 0x4f, 0x14, 0xf1, 0x0,
    0x4, 0xf1, 0x4f, 0x10, 0x0, 0x4f, 0x14, 0xf1,
    0x0, 0x4, 0xf1, 0x4f, 0x54, 0x44, 0x7f, 0x14,
    0xff, 0xff, 0xff, 0xf1, 0x0, 0x4, 0xf1, 0x0,
    0x0, 0x0, 0x4f, 0x10, 0x0,

    /* U+0490 "Ґ" */
    0x0, 0x0, 0x2, 0x80, 0x0, 0x0, 0x4, 0xf1,
    0x0, 0x0, 0x4, 0xf1, 0x4f, 0xff, 0xff, 0xf1,
    0x4f, 0x54, 0x44, 0x40, 0x4f, 0x10, 0x0, 0x0,
    0x4f, 0x10, 0x0, 0x0, 0x4f, 0x10, 0x0, 0x0,
    0x4f, 0x10, 0x0, 0x0, 0x4f, 0x10, 0x0, 0x0,
    0x4f, 0x10, 0x0, 0x0, 0x4f, 0x10, 0x0, 0x0,
    0x4f, 0x10, 0x0, 0x0,

    /* U+0491 "ґ" */
    0x0, 0x0, 0x28, 0x0, 0x0, 0x4, 0xf1, 0x4f,
    0xff, 0xff, 0x14, 0xf5, 0x44, 0x40, 0x4f, 0x10,
    0x0, 0x4, 0xf1, 0x0, 0x0, 0x4f, 0x10, 0x0,
    0x4, 0xf1, 0x0, 0x0, 0x4f, 0x10, 0x0, 0x4,
    0xf1, 0x0, 0x0,

    /* U+1EA0 "Ạ" */
    0x0, 0x0, 0x7f, 0x40, 0x0, 0x0, 0x0, 0xe,
    0xdb, 0x0, 0x0, 0x0, 0x5, 0xe2, 0xf2, 0x0,
    0x0, 0x0, 0xc7, 0xa, 0x90, 0x0, 0x0, 0x4f,
    0x0, 0x3f, 0x10, 0x0, 0xb, 0x80, 0x0, 0xc8,
    0x0, 0x2, 0xff, 0xff, 0xff, 0xe0, 0x0, 0x9b,
    0x33, 0x33, 0x3e, 0x60, 0x1f, 0x50, 0x0, 0x0,
    0x8d, 0x7, 0xe0, 0x0, 0x0, 0x2, 0xf4, 0x0,
    0x0, 0x0, 0x0, 0x0, 0x0, 0x0, 0x0, 0x20,
    0x0, 0x0, 0x0, 0x0, 0x2e, 0x0, 0x0, 0x0,

    /* U+1EA1 "ạ" */
    0x4, 0xcf, 0xea, 0x10, 0xa, 0x74, 0x5d, 0xa0,
    0x0, 0x0, 0x5, 0xf0, 0x5, 0xdf, 0xff, 0xf1,
    0x1f, 0x93, 0x36, 0xf1, 0x3f, 0x20, 0x6, 0xf1,
    0x1f, 0xa4, 0x6e, 0xf1, 0x4, 0xdf, 0xc6, 0xf1,
    0x0, 0x0, 0x0, 0x0, 0x0, 0x0, 0x20, 0x0,
    0x0, 0x2, 0xe0, 0x0,

    /* U+1EA2 "Ả" */
    0x0, 0x0, 0x0, 0x0, 0x0, 0x0, 0x0, 0xc,
    0xf9, 0x0, 0x0, 0x0, 0x0, 0x49, 0xf0, 0x0,
    0x0, 0x0, 0x0, 0xaa, 0x0, 0x0, 0x0, 0x0,
    0x2, 0x0, 0x0, 0x0, 0x0, 0xc, 0xf2, 0x0,
    0x0, 0x0, 0x3, 0xfd, 0xa0, 0x0, 0x0, 0x0,
    0xa9, 0x3f, 0x20, 0x0, 0x0, 0x2f, 0x20, 0xa9,
    0x0, 0x0, 0x9, 0xb0, 0x1, 0xf2, 0x0, 0x0,
    0xf3, 0x0, 0x8, 0x90, 0x0, 0x7f, 0xff, 0xff,
    0xff, 0x10, 0xe, 0x73, 0x33, 0x33, 0xa9, 0x5,
    0xf0, 0x0, 0x0, 0x3, 0xf1, 0xca, 0x0, 0x0,
    0x0, 0xd, 0x90,

    /* U+1EA3 "ả" */
    0x0, 0x0, 0x0, 0x0, 0x0, 0xc, 0xf9, 0x0,
    0x0, 0x5, 0x8f, 0x0, 0x0, 0x0, 0xb8, 0x0,
    0x0, 0x0, 0x0, 0x0, 0x4, 0xcf, 0xea, 0x10,
    0xa, 0x85, 0x4a, 0xa0, 0x0, 0x0, 0x0, 0xe0,
    0x4, 0xdf, 0xff, 0xf1, 0x1f, 0xa4, 0x33, 0xf1,
    0x3f, 0x20, 0x1, 0xf1, 0xf, 0xb4, 0x5d, 0xf1,
    0x3, 0xcf, 0xd6, 0xe1,

    /* U+1EA4 "Ấ" */
    0x0, 0x0, 0x0, 0x0, 0x7, 0x30, 0x0, 0x0,
    0x0, 0x0, 0xaa, 0x0, 0x0, 0x0, 0x3e, 0xf8,
    0x60, 0x0, 0x0, 0x0, 0x72, 0x17, 0x20, 0x0,
    0x0, 0x0, 0x0, 0x0, 0x0, 0x0, 0x0, 0x0,
    0xc, 0xf1, 0x0, 0x0, 0x0, 0x0, 0x3f, 0xd7,
    0x0, 0x0, 0x0, 0x0, 0xb9, 0x6e, 0x0, 0x0,
    0x0, 0x2, 0xf2, 0xe, 0x50, 0x0, 0x0, 0x9,
    0xa0, 0x7, 0xd0, 0x0, 0x0, 0x1f, 0x30, 0x0,
    0xf4, 0x0, 0x0, 0x7f, 0xff, 0xff, 0xfb, 0x0,
    0x0, 0xe7, 0x33, 0x33, 0x4f, 0x20, 0x5, 0xf0,
    0x0, 0x0, 0xc, 0x90, 0xc, 0x90, 0x0, 0x0,
    0x6, 0xf1,

    /* U+1EA5 "ấ" */
    0x0, 0x0, 0x0, 0x5e, 0x20, 0x0, 0x0, 0x2e,
    0x20, 0x0, 0x6b, 0xb8, 0x10, 0x0, 0x2, 0x0,
    0x20, 0x0, 0x4, 0xcf, 0xea, 0x10, 0x0, 0xa7,
    0x45, 0xda, 0x0, 0x0, 0x0, 0x5, 0xf0, 0x0,
    0x5d, 0xff, 0xff, 0x10, 0x1f, 0x93, 0x36, 0xf1,
    0x3, 0xf2, 0x0, 0x6f, 0x10, 0x1f, 0xa4, 0x6e,
    0xf1, 0x0, 0x4d, 0xfc, 0x6f, 0x10,

    /* U+1EA6 "Ầ" */
    0x0, 0x0, 0x0, 0x3e, 0x40, 0x0, 0x0, 0x0,
    0x6, 0x72, 0x91, 0x0, 0x0, 0x0, 0xa9, 0x6c,
    0x20, 0x0, 0x0, 0x0, 0x0, 0x0, 0x0, 0x0,
    0x0, 0x0, 0xc, 0xf1, 0x0, 0x0, 0x0, 0x0,
    0x3f, 0xd7, 0x0, 0x0, 0x0, 0x0, 0xb9, 0x6e,
    0x0, 0x0, 0x0, 0x2, 0xf2, 0xe, 0x50, 0x0,
    0x0, 0x9, 0xa0, 0x7, 0xd0, 0x0, 0x0, 0x1f,
    0x30, 0x0, 0xf4, 0x0, 0x0, 0x7f, 0xff, 0xff,
    0xfb, 0x0, 0x0, 0xe7, 0x33, 0x33, 0x4f, 0x20,
    0x5, 0xf0, 0x0, 0x0, 0xc, 0x90, 0xc, 0x90,
    0x0, 0x0, 0x6, 0xf1,

    /* U+1EA7 "ầ" */
    0x0, 0x0, 0x5e, 0x20, 0x0, 0x0, 0x5, 0xc0,
    0x0, 0x7a, 0x98, 0x20, 0x0, 0x0, 0x0, 0x0,
    0x4, 0xcf, 0xea, 0x10, 0xa, 0x74, 0x5d, 0xa0,
    0x0, 0x0, 0x5, 0xf0, 0x5, 0xdf, 0xff, 0xf1,
    0x1f, 0x93, 0x36, 0xf1, 0x3f, 0x20, 0x6, 0xf1,
    0x1f, 0xa4, 0x6e, 0xf1, 0x4, 0xdf, 0xc6, 0xf1,

    /* U+1EA8 "Ẩ" */
    0x0, 0x0, 0x0, 0x0, 0x0, 0x0, 0x0, 0x0,
    0x0, 0xd, 0xb0, 0x0, 0x0, 0x0, 0x0, 0x4,
    0xc0, 0x0, 0x0, 0x0, 0x6, 0x71, 0x70, 0x0,
    0x0, 0x0, 0xb9, 0x7c, 0x10, 0x0, 0x0, 0x0,
    0x10, 0x0, 0x0, 0x0, 0x0, 0x0, 0xd, 0xf0,
    0x0, 0x0, 0x0, 0x0, 0x4f, 0xd7, 0x0, 0x0,
    0x0, 0x0, 0xb9, 0x6e, 0x0, 0x0, 0x0, 0x2,
    0xf1, 0xe, 0x50, 0x0, 0x0, 0x9, 0xa0, 0x7,
    0xc0, 0x0, 0x0, 0x1f, 0x30, 0x1, 0xf3, 0x0,
    0x0, 0x7f, 0xff, 0xff, 0xfa, 0x0, 0x0, 0xe7,
    0x33, 0x33, 0x5f, 0x20, 0x6, 0xe0, 0x0, 0x0,
    0xc, 0x90, 0xd, 0x90, 0x0, 0x0, 0x6, 0xf0,

    /* U+1EA9 "ẩ" */
    0x0, 0x0, 0x0, 0x0, 0x0, 0x0, 0xe, 0xb0,
    0x0, 0x0, 0x4, 0xe0, 0x0, 0x0, 0x1, 0xb0,
    0x0, 0x6b, 0xb7, 0x10, 0x0, 0x20, 0x2, 0x0,
    0x4, 0xcf, 0xea, 0x10, 0xa, 0x74, 0x5d, 0xa0,
    0x0, 0x0, 0x5, 0xf0, 0x5, 0xdf, 0xff, 0xf1,
    0x1f, 0x93, 0x36, 0xf1, 0x3f, 0x20, 0x6, 0xf1,
    0x1f, 0xa4, 0x6e, 0xf1, 0x4, 0xdf, 0xc6, 0xf1,

    /* U+1EAA "Ẫ" */
    0x0, 0x8, 0xe6, 0x67, 0x0, 0x0, 0x0, 0xc1,
    0xdf, 0x20, 0x0, 0x0, 0x2, 0x35, 0x10, 0x0,
    0x0, 0x0, 0x7b, 0x7c, 0x20, 0x0, 0x0, 0x0,
    0x0, 0x0, 0x0, 0x0, 0x0, 0xa, 0xf2, 0x0,
    0x0, 0x0, 0x1, 0xfd, 0x90, 0x0, 0x0, 0x0,
    0x8b, 0x4f, 0x10, 0x0, 0x0, 0xe, 0x40, 0xc7,
    0x0, 0x0, 0x6, 0xd0, 0x5, 0xe0, 0x0, 0x0,
    0xd6, 0x0, 0xe, 0x50, 0x0, 0x4f, 0xff, 0xff,
    0xfc, 0x0, 0xb, 0x93, 0x33, 0x33, 0xf3, 0x2,
    0xf2, 0x0, 0x0, 0xb, 0xa0, 0x9c, 0x0, 0x0,
    0x0, 0x5f, 0x20,

    /* U+1EAB "ẫ" */
    0x0, 0xad, 0x49, 0x30, 0x1, 0xb3, 0xee, 0x0,
    0x0, 0x20, 0x11, 0x0, 0x0, 0x7a, 0x98, 0x10,
    0x0, 0x0, 0x0, 0x0, 0x4, 0xcf, 0xea, 0x10,
    0xa, 0x74, 0x5d, 0xa0, 0x0, 0x0, 0x5, 0xf0,
    0x5, 0xdf, 0xff, 0xf1, 0x1f, 0x93, 0x36, 0xf1,
    0x3f, 0x20, 0x6, 0xf1, 0x1f, 0xa4, 0x6e, 0xf1,
    0x4, 0xdf, 0xc6, 0xf1,

    /* U+1EAC "Ậ" */
    0x0, 0x1, 0xbc, 0x90, 0x0, 0x0, 0x0, 0x54,
    0x5, 0x40, 0x0, 0x0, 0x0, 0x0, 0x0, 0x0,
    0x0, 0x0, 0x7, 0xf4, 0x0, 0x0, 0x0, 0x0,
    0xed, 0xb0, 0x0, 0x0, 0x0, 0x5e, 0x2f, 0x20,
    0x0, 0x0, 0xc, 0x70, 0xa9, 0x0, 0x0, 0x4,
    0xf0, 0x3, 0xf1, 0x0, 0x0, 0xb8, 0x0, 0xc,
    0x80, 0x0, 0x2f, 0xff, 0xff, 0xfe, 0x0, 0x9,
    0xb3, 0x33, 0x33, 0xe6, 0x1, 0xf5, 0x0, 0x0,
    0x8, 0xd0, 0x7e, 0x0, 0x0, 0x0, 0x2f, 0x40,
    0x0, 0x0, 0x0, 0x0, 0x0, 0x0, 0x0, 0x2,
    0x0, 0x0, 0x0, 0x0, 0x2, 0xe0, 0x0, 0x0,

    /* U+1EAD "ậ" */
    0x0, 0xb, 0xf6, 0x0, 0x0, 0xb9, 0x1c, 0x20,
    0x0, 0x0, 0x0, 0x0, 0x4, 0xcf, 0xea, 0x10,
    0xa, 0x74, 0x5d, 0xa0, 0x0, 0x0, 0x5, 0xf0,
    0x5, 0xdf, 0xff, 0xf1, 0x1f, 0x93, 0x36, 0xf1,
    0x3f, 0x20, 0x6, 0xf1, 0x1f, 0xa4, 0x6e, 0xf1,
    0x4, 0xdf, 0xc6, 0xf1, 0x0, 0x0, 0x0, 0x0,
    0x0, 0x0, 0x20, 0x0, 0x0, 0x2, 0xe0, 0x0,

    /* U+1EAE "Ắ" */
    0x0, 0x0, 0x0, 0x9c, 0x0, 0x0, 0x0, 0x0,
    0x6, 0xb0, 0x0, 0x0, 0x0, 0x0, 0xd1, 0xb,
    0x30, 0x0, 0x0, 0x0, 0x4c, 0xc7, 0x0, 0x0,
    0x0, 0x0, 0x0, 0x0, 0x0, 0x0, 0x0, 0x0,
    0xc, 0xf1, 0x0, 0x0, 0x0, 0x0, 0x3f, 0xd7,
    0x0, 0x0, 0x0, 0x0, 0xb9, 0x6e, 0x0, 0x0,
    0x0, 0x2, 0xf2, 0xe, 0x50, 0x0, 0x0, 0x9,
    0xa0, 0x7, 0xd0, 0x0, 0x0, 0x1f, 0x30, 0x0,
    0xf4, 0x0, 0x0, 0x7f, 0xff, 0xff, 0xfb, 0x0,
    0x0, 0xe7, 0x33, 0x33, 0x4f, 0x20, 0x5, 0xf0,
    0x0, 0x0, 0xc, 0x90, 0xc, 0x90, 0x0, 0x0,
    0x6, 0xf1,

    /* U+1EAF "ắ" */
    0x0, 0x0, 0x46, 0x0, 0x0, 0x5, 0xb1, 0x0,
    0x0, 0x0, 0x0, 0x0, 0x0, 0x9c, 0xca, 0x0,
    0x0, 0x0, 0x0, 0x0, 0x4, 0xcf, 0xea, 0x10,
    0xa, 0x84, 0x5d, 0xa0, 0x0, 0x0, 0x5, 0xf0,
    0x4, 0xce, 0xef, 0xf1, 0x1f, 0x82, 0x15, 0xf1,
    0x3f, 0x20, 0x6, 0xf1, 0x1f, 0xa4, 0x7e, 0xf1,
    0x4, 0xdf, 0xc6, 0xf1,

    /* U+1EB0 "Ằ" */
    0x0, 0x0, 0x8d, 0x0, 0x0, 0x0, 0x0, 0x0,
    0x8, 0xa0, 0x0, 0x0, 0x0, 0x0, 0xd1, 0xb,
    0x30, 0x0, 0x0, 0x0, 0x4c, 0xc7, 0x0, 0x0,
    0x0, 0x0, 0x0, 0x0, 0x0, 0x0, 0x0, 0x0,
    0xc, 0xf1, 0x0, 0x0, 0x0, 0x0, 0x3f, 0xd7,
    0x0, 0x0, 0x0, 0x0, 0xb9, 0x6e, 0x0, 0x0,
    0x0, 0x2, 0xf2, 0xe, 0x50, 0x0, 0x0, 0x9,
    0xa0, 0x7, 0xd0, 0x0, 0x0, 0x1f, 0x30, 0x0,
    0xf4, 0x0, 0x0, 0x7f, 0xff, 0xff, 0xfb, 0x0,
    0x0, 0xe7, 0x33, 0x33, 0x4f, 0x20, 0x5, 0xf0,
    0x0, 0x0, 0xc, 0x90, 0xc, 0x90, 0x0, 0x0,
    0x6, 0xf1,

    /* U+1EB1 "ằ" */
    0x0, 0x55, 0x0, 0x0, 0x0, 0xa, 0x70, 0x0,
    0x0, 0x0, 0x0, 0x0, 0x0, 0x9c, 0xca, 0x0,
    0x0, 0x0, 0x0, 0x0, 0x4, 0xcf, 0xea, 0x10,
    0xa, 0x84, 0x5d, 0xa0, 0x0, 0x0, 0x5, 0xf0,
    0x4, 0xce, 0xef, 0xf1, 0x1f, 0x82, 0x15, 0xf1,
    0x3f, 0x20, 0x6, 0xf1, 0x1f, 0xa4, 0x7e, 0xf1,
    0x4, 0xdf, 0xc6, 0xf1,

    /* U+1EB2 "Ẳ" */
    0x0, 0x0, 0x0, 0x0, 0x0, 0x0, 0x0, 0x0,
    0xd, 0xc0, 0x0, 0x0, 0x0, 0x0, 0x3, 0xb0,
    0x0, 0x0, 0x0, 0x2, 0x72, 0x49, 0x0, 0x0,
    0x0, 0x0, 0xcf, 0xf9, 0x0, 0x0, 0x0, 0x0,
    0x2, 0x10, 0x0, 0x0, 0x0, 0x0, 0x1f, 0xd0,
    0x0, 0x0, 0x0, 0x0, 0x7d, 0xf4, 0x0, 0x0,
    0x0, 0x0, 0xe6, 0x9b, 0x0, 0x0, 0x0, 0x5,
    0xe0, 0x2f, 0x20, 0x0, 0x0, 0xc, 0x70, 0xa,
    0x90, 0x0, 0x0, 0x3f, 0x0, 0x3, 0xf1, 0x0,
    0x0, 0xaf, 0xff, 0xff, 0xf7, 0x0, 0x2, 0xf4,
    0x33, 0x33, 0x7e, 0x0, 0x9, 0xc0, 0x0, 0x0,
    0xf, 0x60, 0xf, 0x60, 0x0, 0x0, 0x9, 0xd0,

    /* U+1EB3 "ẳ" */
    0x0, 0x0, 0x0, 0x0, 0x0, 0xa, 0xd0, 0x0,
    0x0, 0x3, 0xb1, 0x0, 0x0, 0x0, 0x80, 0x0,
    0x0, 0xcf, 0xfd, 0x10, 0x0, 0x2, 0x20, 0x0,
    0x4, 0xcf, 0xea, 0x10, 0xa, 0x84, 0x5d, 0xa0,
    0x0, 0x0, 0x5, 0xf0, 0x4, 0xce, 0xef, 0xf1,
    0x1f, 0x82, 0x15, 0xf1, 0x3f, 0x20, 0x6, 0xf1,
    0x1f, 0xa4, 0x7e, 0xf1, 0x4, 0xdf, 0xc6, 0xf1,

    /* U+1EB4 "Ẵ" */
    0x0, 0x0, 0x0, 0x0, 0x0, 0x0, 0x0, 0x8f,
    0x66, 0x70, 0x0, 0x0, 0xc, 0x1d, 0xf2, 0x0,
    0x0, 0x0, 0x92, 0x17, 0x30, 0x0, 0x0, 0x7,
    0xff, 0xd1, 0x0, 0x0, 0x0, 0x1, 0x20, 0x0,
    0x0, 0x0, 0x0, 0xaf, 0x20, 0x0, 0x0, 0x0,
    0x1f, 0xd9, 0x0, 0x0, 0x0, 0x8, 0xb4, 0xf1,
    0x0, 0x0, 0x0, 0xe4, 0xc, 0x70, 0x0, 0x0,
    0x6d, 0x0, 0x5e, 0x0, 0x0, 0xd, 0x60, 0x0,
    0xe5, 0x0, 0x4, 0xff, 0xff, 0xff, 0xc0, 0x0,
    0xb9, 0x33, 0x33, 0x3f, 0x30, 0x2f, 0x20, 0x0,
    0x0, 0xba, 0x9, 0xc0, 0x0, 0x0, 0x5, 0xf2,

    /* U+1EB5 "ẵ" */
    0x0, 0x0, 0x0, 0x0, 0x0, 0xbe, 0x49, 0x30,
    0x1, 0xb3, 0xee, 0x0, 0x0, 0x20, 0x11, 0x0,
    0x0, 0xcf, 0xfd, 0x10, 0x0, 0x2, 0x20, 0x0,
    0x4, 0xcf, 0xea, 0x10, 0xa, 0x84, 0x5d, 0xa0,
    0x0, 0x0, 0x5, 0xf0, 0x4, 0xce, 0xef, 0xf1,
    0x1f, 0x82, 0x15, 0xf1, 0x3f, 0x20, 0x6, 0xf1,
    0x1f, 0xa4, 0x7e, 0xf1, 0x4, 0xdf, 0xc6, 0xf1,

    /* U+1EB6 "Ặ" */
    0x0, 0xa, 0x61, 0x8a, 0x0, 0x0, 0x0, 0x3e,
    0xfe, 0x20, 0x0, 0x0, 0x0, 0x2, 0x0, 0x0,
    0x0, 0x0, 0x7, 0xf4, 0x0, 0x0, 0x0, 0x0,
    0xed, 0xb0, 0x0, 0x0, 0x0, 0x5e, 0x1f, 0x30,
    0x0, 0x0, 0xc, 0x70, 0x9a, 0x0, 0x0, 0x3,
    0xf1, 0x2, 0xf2, 0x0, 0x0, 0xa9, 0x0, 0xa,
    0x90, 0x0, 0x2f, 0xff, 0xff, 0xff, 0x10, 0x8,
    0xc3, 0x33, 0x33, 0xc7, 0x0, 0xf5, 0x0, 0x0,
    0x6, 0xe0, 0x7f, 0x0, 0x0, 0x0, 0x1f, 0x60,
    0x0, 0x0, 0x0, 0x0, 0x0, 0x0, 0x0, 0x2,
    0x0, 0x0, 0x0, 0x0, 0x2, 0xe0, 0x0, 0x0,

    /* U+1EB7 "ặ" */
    0x0, 0xf4, 0x1b, 0x20, 0x0, 0x8f, 0xfa, 0x0,
    0x0, 0x1, 0x20, 0x0, 0x4, 0xcf, 0xea, 0x10,
    0xa, 0x84, 0x5d, 0xa0, 0x0, 0x0, 0x5, 0xf0,
    0x4, 0xce, 0xef, 0xf1, 0x1f, 0x82, 0x15, 0xf1,
    0x3f, 0x20, 0x6, 0xf1, 0x1f, 0xa4, 0x7e, 0xf1,
    0x4, 0xdf, 0xc6, 0xf1, 0x0, 0x0, 0x0, 0x0,
    0x0, 0x0, 0x20, 0x0, 0x0, 0x2, 0xe0, 0x0,

    /* U+1EB8 "Ẹ" */
    0x4f, 0xff, 0xff, 0xfa, 0x4f, 0x54, 0x44, 0x42,
    0x4f, 0x10, 0x0, 0x0, 0x4f, 0x10, 0x0, 0x0,
    0x4f, 0xff, 0xff, 0xf1, 0x4f, 0x43, 0x33, 0x30,
    0x4f, 0x10, 0x0, 0x0, 0x4f, 0x10, 0x0, 0x0,
    0x4f, 0x54, 0x44, 0x43, 0x4f, 0xff, 0xff, 0xfd,
    0x0, 0x0, 0x0, 0x0, 0x0, 0x0, 0x20, 0x0,
    0x0, 0x2, 0xe0, 0x0,

    /* U+1EB9 "ẹ" */
    0x4, 0xdf, 0xd5, 0x4, 0xf7, 0x47, 0xf5, 0xb7,
    0x0, 0x7, 0xcf, 0xff, 0xff, 0xff, 0xf7, 0x33,
    0x33, 0x3b, 0xa0, 0x0, 0x10, 0x3f, 0xa4, 0x6d,
    0x40, 0x4c, 0xfe, 0x90, 0x0, 0x0, 0x0, 0x0,
    0x0, 0x20, 0x0, 0x0, 0x2e, 0x0, 0x0,

    /* U+1EBA "Ẻ" */
    0x0, 0x0, 0x0, 0x0, 0x0, 0x0, 0xcf, 0x90,
    0x0, 0x0, 0x4, 0x9f, 0x0, 0x0, 0x0, 0xa,
    0xa0, 0x0, 0x0, 0x0, 0x20, 0x0, 0x4, 0xff,
    0xff, 0xff, 0xf1, 0x4f, 0x54, 0x44, 0x44, 0x4,
    0xf1, 0x0, 0x0, 0x0, 0x4f, 0x10, 0x0, 0x0,
    0x4, 0xff, 0xff, 0xff, 0x80, 0x4f, 0x43, 0x33,
    0x31, 0x4, 0xf1, 0x0, 0x0, 0x0, 0x4f, 0x10,
    0x0, 0x0, 0x4, 0xf5, 0x44, 0x44, 0x41, 0x4f,
    0xff, 0xff, 0xff, 0x40,

    /* U+1EBB "ẻ" */
    0x0, 0x0, 0x0, 0x0, 0x9, 0xfa, 0x0, 0x0,
    0x48, 0xf0, 0x0, 0x0, 0xa8, 0x0, 0x0, 0x0,
    0x0, 0x0, 0x4d, 0xfd, 0x50, 0x4e, 0x74, 0x7e,
    0x5b, 0x60, 0x0, 0x5c, 0xff, 0xff, 0xff, 0xff,
    0x63, 0x33, 0x33, 0xba, 0x0, 0x0, 0x3, 0xfa,
    0x45, 0xc6, 0x4, 0xcf, 0xe9, 0x0,

    /* U+1EBC "Ẽ" */
    0x0, 0x0, 0x0, 0x0, 0x0, 0xa, 0xf6, 0x4a,
    0x0, 0x1, 0xc1, 0xcf, 0x50, 0x0, 0x2, 0x0,
    0x20, 0x0, 0x4f, 0xff, 0xff, 0xfd, 0x4, 0xf5,
    0x44, 0x44, 0x30, 0x4f, 0x10, 0x0, 0x0, 0x4,
    0xf1, 0x0, 0x0, 0x0, 0x4f, 0xff, 0xff, 0xf3,
    0x4, 0xf4, 0x33, 0x33, 0x0, 0x4f, 0x10, 0x0,
    0x0, 0x4, 0xf1, 0x0, 0x0, 0x0, 0x4f, 0x54,
    0x44, 0x44, 0x4, 0xff, 0xff, 0xff, 0xf0,

    /* U+1EBD "ẽ" */
    0x3, 0xe8, 0x3a, 0x0, 0xa6, 0xcf, 0x50, 0x2,
    0x0, 0x20, 0x0, 0x4d, 0xfd, 0x50, 0x4f, 0x74,
    0x7f, 0x5b, 0x70, 0x0, 0x7c, 0xff, 0xee, 0xef,
    0xff, 0x61, 0x11, 0x11, 0xbb, 0x0, 0x1, 0x3,
    0xfa, 0x45, 0xd5, 0x4, 0xcf, 0xe9, 0x0,

    /* U+1EBE "Ế" */
    0x0, 0x0, 0x0, 0x7, 0x30, 0x0, 0x0, 0xa,
    0xa0, 0x0, 0x3e, 0xf8, 0x70, 0x0, 0x7, 0x31,
    0x72, 0x0, 0x0, 0x0, 0x0, 0x0, 0x4, 0xff,
    0xff, 0xff, 0x90, 0x4f, 0x54, 0x44, 0x42, 0x4,
    0xf1, 0x0, 0x0, 0x0, 0x4f, 0x10, 0x0, 0x0,
    0x4, 0xff, 0xff, 0xff, 0x0, 0x4f, 0x43, 0x33,
    0x30, 0x4, 0xf1, 0x0, 0x0, 0x0, 0x4f, 0x10,
    0x0, 0x0, 0x4, 0xf5, 0x44, 0x44, 0x30, 0x4f,
    0xff, 0xff, 0xfc, 0x0,

    /* U+1EBF "ế" */
    0x0, 0x0, 0x1, 0xe6, 0x0, 0x0, 0xb, 0x70,
    0x1, 0xaa, 0xb4, 0x0, 0x1, 0x10, 0x11, 0x0,
    0x4, 0xdf, 0xd5, 0x0, 0x4f, 0x84, 0x7f, 0x50,
    0xb7, 0x0, 0x7, 0xc0, 0xff, 0xee, 0xef, 0xf0,
    0xf7, 0x11, 0x11, 0x10, 0xbb, 0x0, 0x1, 0x0,
    0x3f, 0xa5, 0x5d, 0x50, 0x4, 0xcf, 0xe9, 0x0,

    /* U+1EC0 "Ề" */
    0x0, 0x0, 0x3d, 0x50, 0x0, 0x6, 0x72, 0x91,
    0x0, 0xa9, 0x6c, 0x20, 0x0, 0x0, 0x0, 0x0,
    0x4f, 0xff, 0xff, 0xf9, 0x4f, 0x54, 0x44, 0x42,
    0x4f, 0x10, 0x0, 0x0, 0x4f, 0x10, 0x0, 0x0,
    0x4f, 0xff, 0xff, 0xf0, 0x4f, 0x43, 0x33, 0x30,
    0x4f, 0x10, 0x0, 0x0, 0x4f, 0x10, 0x0, 0x0,
    0x4f, 0x54, 0x44, 0x43, 0x4f, 0xff, 0xff, 0xfc,

    /* U+1EC1 "ề" */
    0x0, 0x1, 0xd7, 0x0, 0x0, 0x1, 0xd3, 0x3,
    0xa8, 0xa4, 0x10, 0x0, 0x0, 0x0, 0x4, 0xdf,
    0xd5, 0x4, 0xf7, 0x47, 0xf5, 0xb7, 0x0, 0x6,
    0xcf, 0xff, 0xff, 0xff, 0xf8, 0x33, 0x33, 0x3b,
    0xb0, 0x0, 0x10, 0x3f, 0xa4, 0x5d, 0x50, 0x4c,
    0xfe, 0x90,

    /* U+1EC2 "Ể" */
    0x0, 0x0, 0x0, 0x0, 0x0, 0x0, 0xb, 0xe0,
    0x0, 0x0, 0x3, 0xa2, 0x0, 0x6, 0x81, 0x80,
    0x0, 0x9a, 0x6d, 0x30, 0x0, 0x10, 0x0, 0x0,
    0x4f, 0xff, 0xff, 0xfc, 0x4f, 0x54, 0x44, 0x43,
    0x4f, 0x10, 0x0, 0x0, 0x4f, 0x10, 0x0, 0x0,
    0x4f, 0xff, 0xff, 0xf2, 0x4f, 0x43, 0x33, 0x30,
    0x4f, 0x10, 0x0, 0x0, 0x4f, 0x10, 0x0, 0x0,
    0x4f, 0x54, 0x44, 0x43, 0x4f, 0xff, 0xff, 0xff,

    /* U+1EC3 "ể" */
    0x0, 0x0, 0x0, 0x0, 0x0, 0x8, 0xe1, 0x0,
    0x0, 0x29, 0x30, 0x0, 0x0, 0x90, 0x1, 0xaa,
    0xb3, 0x0, 0x11, 0x1, 0x10, 0x4, 0xdf, 0xd5,
    0x4, 0xf7, 0x47, 0xf5, 0xb7, 0x0, 0x6, 0xcf,
    0xff, 0xff, 0xff, 0xf8, 0x33, 0x33, 0x3b, 0xb0,
    0x0, 0x10, 0x3f, 0xa4, 0x5d, 0x50, 0x4c, 0xfe,
    0x90,

    /* U+1EC4 "Ễ" */
    0x0, 0x9e, 0x64, 0xa0, 0x0, 0x1c, 0x1c, 0xf5,
    0x0, 0x0, 0x13, 0x52, 0x0, 0x0, 0x8, 0xa6,
    0xc4, 0x0, 0x0, 0x0, 0x0, 0x0, 0x4, 0xff,
    0xff, 0xff, 0xe0, 0x4f, 0x54, 0x44, 0x43, 0x4,
    0xf1, 0x0, 0x0, 0x0, 0x4f, 0x10, 0x0, 0x0,
    0x4, 0xff, 0xff, 0xff, 0x40, 0x4f, 0x43, 0x33,
    0x30, 0x4, 0xf1, 0x0, 0x0, 0x0, 0x4f, 0x10,
    0x0, 0x0, 0x4, 0xf5, 0x44, 0x44, 0x40, 0x4f,
    0xff, 0xff, 0xff, 0x10,

    /* U+1EC5 "ễ" */
    0x3, 0xe9, 0x3a, 0x0, 0x92, 0xaf, 0x50, 0x2,
    0x0, 0x20, 0x0, 0x3a, 0x8a, 0x30, 0x0, 0x0,
    0x0, 0x0, 0x4d, 0xfd, 0x50, 0x4f, 0x74, 0x7f,
    0x5b, 0x70, 0x0, 0x6c, 0xff, 0xff, 0xff, 0xff,
    0x83, 0x33, 0x33, 0xbb, 0x0, 0x1, 0x3, 0xfa,
    0x45, 0xd5, 0x4, 0xcf, 0xe9, 0x0,

    /* U+1EC6 "Ệ" */
    0x0, 0x2c, 0xc7, 0x0, 0x0, 0x72, 0x6, 0x30,
    0x0, 0x0, 0x0, 0x0, 0x4f, 0xff, 0xff, 0xfa,
    0x4f, 0x54, 0x44, 0x42, 0x4f, 0x10, 0x0, 0x0,
    0x4f, 0x10, 0x0, 0x0, 0x4f, 0xff, 0xff, 0xf1,
    0x4f, 0x43, 0x33, 0x30, 0x4f, 0x10, 0x0, 0x0,
    0x4f, 0x10, 0x0, 0x0, 0x4f, 0x54, 0x44, 0x43,
    0x4f, 0xff, 0xff, 0xfd, 0x0, 0x0, 0x0, 0x0,
    0x0, 0x0, 0x20, 0x0, 0x0, 0x2, 0xe0, 0x0,

    /* U+1EC7 "ệ" */
    0x0, 0xaf, 0x70, 0x0, 0x7a, 0x1b, 0x60, 0x0,
    0x0, 0x0, 0x0, 0x4d, 0xfd, 0x50, 0x4f, 0x74,
    0x7f, 0x5b, 0x70, 0x0, 0x7c, 0xff, 0xff, 0xff,
    0xff, 0x73, 0x33, 0x33, 0xba, 0x0, 0x1, 0x3,
    0xfa, 0x46, 0xd4, 0x4, 0xcf, 0xe9, 0x0, 0x0,
    0x0, 0x0, 0x0, 0x2, 0x0, 0x0, 0x2, 0xe0,
    0x0,

    /* U+1EC8 "Ỉ" */
    0x0, 0x0, 0x9f, 0xa0, 0x38, 0xf0, 0x9, 0xa0,
    0x2, 0x0, 0x4f, 0x10, 0x4f, 0x10, 0x4f, 0x10,
    0x4f, 0x10, 0x4f, 0x10, 0x4f, 0x10, 0x4f, 0x10,
    0x4f, 0x10, 0x4f, 0x10, 0x4f, 0x10,

    /* U+1EC9 "ỉ" */
    0x0, 0x0, 0x9f, 0xa0, 0x38, 0xf0, 0xa, 0x80,
    0x0, 0x0, 0x4f, 0x10, 0x4f, 0x10, 0x4f, 0x10,
    0x4f, 0x10, 0x4f, 0x10, 0x4f, 0x10, 0x4f, 0x10,
    0x4f, 0x10,

    /* U+1ECA "Ị" */
    0x4f, 0x14, 0xf1, 0x4f, 0x14, 0xf1, 0x4f, 0x14,
    0xf1, 0x4f, 0x14, 0xf1, 0x4f, 0x14, 0xf1, 0x0,
    0x0, 0x20, 0x2e, 0x0,

    /* U+1ECB "ị" */
    0x2e, 0x1, 0xb0, 0x0, 0x4, 0xf1, 0x4f, 0x14,
    0xf1, 0x4f, 0x14, 0xf1, 0x4f, 0x14, 0xf1, 0x4f,
    0x10, 0x0, 0x2, 0x2, 0xe0,

    /* U+1ECC "Ọ" */
    0x0, 0x4, 0xbe, 0xfe, 0xa3, 0x0, 0x0, 0xa,
    0xfa, 0x54, 0x6b, 0xf7, 0x0, 0x8, 0xf3, 0x0,
    0x0, 0x6, 0xf5, 0x0, 0xf7, 0x0, 0x0, 0x0,
    0xa, 0xc0, 0x3f, 0x20, 0x0, 0x0, 0x0, 0x5f,
    0x3, 0xf2, 0x0, 0x0, 0x0, 0x5, 0xf0, 0xf,
    0x70, 0x0, 0x0, 0x0, 0xac, 0x0, 0x8f, 0x30,
    0x0, 0x0, 0x6f, 0x50, 0x0, 0xaf, 0xa5, 0x46,
    0xbf, 0x70, 0x0, 0x0, 0x5b, 0xef, 0xea, 0x30,
    0x0, 0x0, 0x0, 0x0, 0x0, 0x0, 0x0, 0x0,
    0x0, 0x0, 0x2, 0x0, 0x0, 0x0, 0x0, 0x0,
    0x2, 0xe0, 0x0, 0x0, 0x0,

    /* U+1ECD "ọ" */
    0x0, 0x6d, 0xfc, 0x40, 0x0, 0x7f, 0x74, 0x9f,
    0x40, 0xf, 0x70, 0x0, 0xac, 0x3, 0xf2, 0x0,
    0x5, 0xf0, 0x3f, 0x20, 0x0, 0x5f, 0x0, 0xf7,
    0x0, 0xa, 0xc0, 0x7, 0xf7, 0x49, 0xf4, 0x0,
    0x6, 0xdf, 0xc4, 0x0, 0x0, 0x0, 0x0, 0x0,
    0x0, 0x0, 0x2, 0x0, 0x0, 0x0, 0x2, 0xe0,
    0x0, 0x0,

    /* U+1ECE "Ỏ" */
    0x0, 0x0, 0x0, 0x0, 0x0, 0x0, 0x0, 0x0,
    0x1c, 0xf7, 0x0, 0x0, 0x0, 0x0, 0x5, 0x9f,
    0x0, 0x0, 0x0, 0x0, 0x0, 0x6f, 0x0, 0x0,
    0x0, 0x0, 0x0, 0xd6, 0x0, 0x0, 0x0, 0x0,
    0x0, 0x0, 0x0, 0x0, 0x0, 0x6, 0xcf, 0xeb,
    0x50, 0x0, 0x0, 0xcf, 0x84, 0x59, 0xf9, 0x0,
    0x9, 0xe2, 0x0, 0x0, 0x4f, 0x60, 0xf, 0x60,
    0x0, 0x0, 0x9, 0xd0, 0x3f, 0x20, 0x0, 0x0,
    0x5, 0xf0, 0x3f, 0x20, 0x0, 0x0, 0x5, 0xf0,
    0xf, 0x60, 0x0, 0x0, 0x9, 0xd0, 0x9, 0xe2,
    0x0, 0x0, 0x4f, 0x60, 0x0, 0xcf, 0x84, 0x59,
    0xfa, 0x0, 0x0, 0x7, 0xcf, 0xec, 0x50, 0x0,

    /* U+1ECF "ỏ" */
    0x0, 0x0, 0x0, 0x0, 0x0, 0x0, 0x9f, 0xa0,
    0x0, 0x0, 0x4, 0x8f, 0x0, 0x0, 0x0, 0xa,
    0x80, 0x0, 0x0, 0x0, 0x0, 0x0, 0x0, 0x6,
    0xdf, 0xc4, 0x0, 0x7, 0xf7, 0x49, 0xf4, 0x0,
    0xf7, 0x0, 0xa, 0xc0, 0x3f, 0x20, 0x0, 0x5f,
    0x3, 0xf2, 0x0, 0x5, 0xf0, 0xf, 0x70, 0x0,
    0xac, 0x0, 0x7f, 0x74, 0x9f, 0x40, 0x0, 0x6d,
    0xfc, 0x40, 0x0,

    /* U+1ED0 "Ố" */
    0x0, 0x0, 0x0, 0x0, 0x27, 0x10, 0x0, 0x0,
    0x0, 0x3, 0xc3, 0x0, 0x0, 0x0, 0x5c, 0xd4,
    0x0, 0x0, 0x0, 0x2, 0x70, 0x17, 0x10, 0x0,
    0x0, 0x0, 0x0, 0x0, 0x0, 0x0, 0x0, 0x6,
    0xcf, 0xeb, 0x50, 0x0, 0x0, 0xcf, 0x84, 0x59,
    0xf9, 0x0, 0x9, 0xe2, 0x0, 0x0, 0x4f, 0x60,
    0xf, 0x60, 0x0, 0x0, 0x9, 0xd0, 0x3f, 0x20,
    0x0, 0x0, 0x5, 0xf0, 0x3f, 0x20, 0x0, 0x0,
    0x5, 0xf0, 0xf, 0x60, 0x0, 0x0, 0x9, 0xd0,
    0x9, 0xe2, 0x0, 0x0, 0x4f, 0x60, 0x0, 0xcf,
    0x84, 0x59, 0xfa, 0x0, 0x0, 0x7, 0xcf, 0xec,
    0x50, 0x0,

    /* U+1ED1 "ố" */
    0x0, 0x0, 0x0, 0x2e, 0x50, 0x0, 0x0, 0xc,
    0x50, 0x0, 0x2b, 0xaa, 0x20, 0x0, 0x2, 0x0,
    0x11, 0x0, 0x0, 0x6d, 0xfc, 0x40, 0x0, 0x7f,
    0x74, 0x9f, 0x40, 0xf, 0x70, 0x0, 0xac, 0x3,
    0xf2, 0x0, 0x5, 0xf0, 0x3f, 0x20, 0x0, 0x5f,
    0x0, 0xf7, 0x0, 0xa, 0xc0, 0x7, 0xf7, 0x49,
    0xf4, 0x0, 0x6, 0xdf, 0xc4, 0x0,

    /* U+1ED2 "Ồ" */
    0x0, 0x0, 0x0, 0x5e, 0x20, 0x0, 0x0, 0x0,
    0x7, 0x63, 0x90, 0x0, 0x0, 0x2, 0xc7, 0x8b,
    0x10, 0x0, 0x0, 0x0, 0x0, 0x0, 0x0, 0x0,
    0x0, 0x6, 0xcf, 0xeb, 0x50, 0x0, 0x0, 0xcf,
    0x84, 0x59, 0xf9, 0x0, 0x9, 0xe2, 0x0, 0x0,
    0x4f, 0x60, 0xf, 0x60, 0x0, 0x0, 0x9, 0xd0,
    0x3f, 0x20, 0x0, 0x0, 0x5, 0xf0, 0x3f, 0x20,
    0x0, 0x0, 0x5, 0xf0, 0xf, 0x60, 0x0, 0x0,
    0x9, 0xd0, 0x9, 0xe2, 0x0, 0x0, 0x4f, 0x60,
    0x0, 0xcf, 0x84, 0x59, 0xfa, 0x0, 0x0, 0x7,
    0xcf, 0xec, 0x50, 0x0,

    /* U+1ED3 "ồ" */
    0x0, 0x0, 0x1e, 0x50, 0x0, 0x0, 0x0, 0x2d,
    0x20, 0x0, 0x3a, 0x8a, 0x30, 0x0, 0x0, 0x0,
    0x0, 0x0, 0x0, 0x6d, 0xfc, 0x40, 0x0, 0x7f,
    0x74, 0x9f, 0x40, 0xf, 0x70, 0x0, 0xac, 0x3,
    0xf2, 0x0, 0x5, 0xf0, 0x3f, 0x20, 0x0, 0x5f,
    0x0, 0xf7, 0x0, 0xa, 0xc0, 0x7, 0xf7, 0x49,
    0xf4, 0x0, 0x6, 0xdf, 0xc4, 0x0,

    /* U+1ED4 "Ổ" */
    0x0, 0x0, 0x0, 0x0, 0x0, 0x0, 0x0, 0x0,
    0x0, 0x1e, 0x90, 0x0, 0x0, 0x0, 0x0, 0x4,
    0xb0, 0x0, 0x0, 0x0, 0x7, 0x62, 0x60, 0x0,
    0x0, 0x0, 0xb9, 0xaa, 0x0, 0x0, 0x0, 0x1,
    0x20, 0x2, 0x10, 0x0, 0x0, 0x6, 0xcf, 0xeb,
    0x50, 0x0, 0x0, 0xcf, 0x84, 0x59, 0xf9, 0x0,
    0x9, 0xe2, 0x0, 0x0, 0x4f, 0x60, 0xf, 0x60,
    0x0, 0x0, 0x9, 0xd0, 0x3f, 0x20, 0x0, 0x0,
    0x5, 0xf0, 0x3f, 0x20, 0x0, 0x0, 0x5, 0xf0,
    0xf, 0x60, 0x0, 0x0, 0x9, 0xd0, 0x9, 0xe2,
    0x0, 0x0, 0x4f, 0x60, 0x0, 0xcf, 0x84, 0x59,
    0xfa, 0x0, 0x0, 0x7, 0xcf, 0xec, 0x50, 0x0,

    /* U+1ED5 "ổ" */
    0x0, 0x0, 0x0, 0x0, 0x0, 0x0, 0x0, 0x9d,
    0x0, 0x0, 0x0, 0x3, 0xb1, 0x0, 0x0, 0x0,
    0xa, 0x0, 0x0, 0x2b, 0xaa, 0x20, 0x0, 0x2,
    0x0, 0x11, 0x0, 0x0, 0x6d, 0xfc, 0x40, 0x0,
    0x7f, 0x74, 0x9f, 0x40, 0xf, 0x70, 0x0, 0xac,
    0x3, 0xf2, 0x0, 0x5, 0xf0, 0x3f, 0x20, 0x0,
    0x5f, 0x0, 0xf7, 0x0, 0xa, 0xc0, 0x7, 0xf7,
    0x49, 0xf4, 0x0, 0x6, 0xdf, 0xc4, 0x0,

    /* U+1ED6 "Ỗ" */
    0x0, 0x0, 0xdc, 0x3a, 0x20, 0x0, 0x0, 0x5,
    0x74, 0xfd, 0x0, 0x0, 0x0, 0x1, 0x14, 0x50,
    0x0, 0x0, 0x0, 0x1, 0xb8, 0x9a, 0x10, 0x0,
    0x0, 0x0, 0x0, 0x0, 0x0, 0x0, 0x0, 0x6,
    0xcf, 0xeb, 0x50, 0x0, 0x0, 0xcf, 0x84, 0x59,
    0xf9, 0x0, 0x9, 0xe2, 0x0, 0x0, 0x4f, 0x60,
    0xf, 0x60, 0x0, 0x0, 0x9, 0xd0, 0x3f, 0x20,
    0x0, 0x0, 0x5, 0xf0, 0x3f, 0x20, 0x0, 0x0,
    0x5, 0xf0, 0xf, 0x60, 0x0, 0x0, 0x9, 0xd0,
    0x9, 0xe2, 0x0, 0x0, 0x4f, 0x60, 0x0, 0xcf,
    0x84, 0x59, 0xfa, 0x0, 0x0, 0x7, 0xcf, 0xec,
    0x50, 0x0,

    /* U+1ED7 "ỗ" */
    0x0, 0x4e, 0x75, 0x70, 0x0, 0xa, 0x2c, 0xf3,
    0x0, 0x0, 0x20, 0x2, 0x0, 0x0, 0x3, 0xa8,
    0xa2, 0x0, 0x0, 0x0, 0x0, 0x0, 0x0, 0x6,
    0xdf, 0xc4, 0x0, 0x7, 0xf7, 0x49, 0xf4, 0x0,
    0xf7, 0x0, 0xa, 0xc0, 0x3f, 0x20, 0x0, 0x5f,
    0x3, 0xf2, 0x0, 0x5, 0xf0, 0xf, 0x70, 0x0,
    0xac, 0x0, 0x7f, 0x74, 0x9f, 0x40, 0x0, 0x6d,
    0xfc, 0x40, 0x0,

    /* U+1ED8 "Ộ" */
    0x0, 0x0, 0x2c, 0xca, 0x10, 0x0, 0x0, 0x0,
    0x7, 0x30, 0x46, 0x0, 0x0, 0x0, 0x0, 0x0,
    0x0, 0x0, 0x0, 0x0, 0x0, 0x4b, 0xef, 0xea,
    0x30, 0x0, 0x0, 0xaf, 0xa5, 0x46, 0xbf, 0x70,
    0x0, 0x8f, 0x30, 0x0, 0x0, 0x6f, 0x50, 0xf,
    0x70, 0x0, 0x0, 0x0, 0xac, 0x3, 0xf2, 0x0,
    0x0, 0x0, 0x5, 0xf0, 0x3f, 0x20, 0x0, 0x0,
    0x0, 0x5f, 0x0, 0xf7, 0x0, 0x0, 0x0, 0xa,
    0xc0, 0x8, 0xf3, 0x0, 0x0, 0x6, 0xf5, 0x0,
    0xa, 0xfa, 0x54, 0x6b, 0xf7, 0x0, 0x0, 0x5,
    0xbe, 0xfe, 0xa3, 0x0, 0x0, 0x0, 0x0, 0x0,
    0x0, 0x0, 0x0, 0x0, 0x0, 0x0, 0x20, 0x0,
    0x0, 0x0, 0x0, 0x0, 0x2e, 0x0, 0x0, 0x0,

    /* U+1ED9 "ộ" */
    0x0, 0xa, 0xf7, 0x0, 0x0, 0x7, 0xa1, 0xc4,
    0x0, 0x0, 0x0, 0x0, 0x0, 0x0, 0x6, 0xdf,
    0xc4, 0x0, 0x7, 0xf7, 0x49, 0xf4, 0x0, 0xf7,
    0x0, 0xa, 0xc0, 0x3f, 0x20, 0x0, 0x5f, 0x3,
    0xf2, 0x0, 0x5, 0xf0, 0xf, 0x70, 0x0, 0xac,
    0x0, 0x7f, 0x74, 0x9f, 0x40, 0x0, 0x6d, 0xfc,
    0x40, 0x0, 0x0, 0x0, 0x0, 0x0, 0x0, 0x0,
    0x20, 0x0, 0x0, 0x0, 0x2e, 0x0, 0x0,

    /* U+1EDA "Ớ" */
    0x0, 0x0, 0x0, 0x37, 0x10, 0x0, 0x0, 0x0,
    0x3, 0xe5, 0x3, 0xa0, 0x0, 0x0, 0x6, 0x30,
    0x4, 0xf0, 0x0, 0x0, 0x0, 0x0, 0x9, 0xe0,
    0x0, 0x7, 0xcf, 0xff, 0xfe, 0x50, 0x0, 0xcf,
    0x84, 0x59, 0xfa, 0x0, 0x9, 0xe2, 0x0, 0x0,
    0x4f, 0x60, 0xf, 0x60, 0x0, 0x0, 0x9, 0xd0,
    0x3f, 0x20, 0x0, 0x0, 0x5, 0xf0, 0x3f, 0x20,
    0x0, 0x0, 0x5, 0xf0, 0xf, 0x60, 0x0, 0x0,
    0x9, 0xd0, 0x9, 0xe2, 0x0, 0x0, 0x4f, 0x60,
    0x0, 0xcf, 0x84, 0x59, 0xfa, 0x0, 0x0, 0x7,
    0xcf, 0xec, 0x50, 0x0,

    /* U+1EDB "ớ" */
    0x0, 0x0, 0x4e, 0x30, 0x0, 0x0, 0x2d, 0x24,
    0xd0, 0x0, 0x0, 0x0, 0x7f, 0x0, 0x7, 0xef,
    0xff, 0x60, 0x8, 0xf7, 0x49, 0xf4, 0x0, 0xf7,
    0x0, 0xa, 0xc0, 0x3f, 0x20, 0x0, 0x5f, 0x3,
    0xf2, 0x0, 0x5, 0xf0, 0xf, 0x70, 0x0, 0xac,
    0x0, 0x7f, 0x74, 0x9f, 0x40, 0x0, 0x6d, 0xfc,
    0x40, 0x0,

    /* U+1EDC "Ờ" */
    0x0, 0x2, 0x82, 0x0, 0x0, 0x0, 0x0, 0x0,
    0x7e, 0x20, 0x3, 0xa0, 0x0, 0x0, 0x4, 0x50,
    0x4, 0xf0, 0x0, 0x0, 0x0, 0x0, 0x9, 0xe0,
    0x0, 0x7, 0xcf, 0xff, 0xfe, 0x50, 0x0, 0xcf,
    0x84, 0x59, 0xfa, 0x0, 0x9, 0xe2, 0x0, 0x0,
    0x4f, 0x60, 0xf, 0x60, 0x0, 0x0, 0x9, 0xd0,
    0x3f, 0x20, 0x0, 0x0, 0x5, 0xf0, 0x3f, 0x20,
    0x0, 0x0, 0x5, 0xf0, 0xf, 0x60, 0x0, 0x0,
    0x9, 0xd0, 0x9, 0xe2, 0x0, 0x0, 0x4f, 0x60,
    0x0, 0xcf, 0x84, 0x59, 0xfa, 0x0, 0x0, 0x7,
    0xcf, 0xec, 0x50, 0x0,

    /* U+1EDD "ờ" */
    0x0, 0x6e, 0x20, 0x0, 0x0, 0x0, 0x5c, 0x14,
    0xd0, 0x0, 0x0, 0x0, 0x7f, 0x0, 0x7, 0xef,
    0xff, 0x60, 0x8, 0xf7, 0x49, 0xf4, 0x0, 0xf7,
    0x0, 0xa, 0xc0, 0x3f, 0x20, 0x0, 0x5f, 0x3,
    0xf2, 0x0, 0x5, 0xf0, 0xf, 0x70, 0x0, 0xac,
    0x0, 0x7f, 0x74, 0x9f, 0x40, 0x0, 0x6d, 0xfc,
    0x40, 0x0,

    /* U+1EDE "Ở" */
    0x0, 0x0, 0x0, 0x0, 0x0, 0x0, 0x0, 0x0,
    0x1c, 0xf7, 0x0, 0x0, 0x0, 0x0, 0x5, 0x9f,
    0x0, 0x0, 0x0, 0x0, 0x0, 0x6f, 0x2, 0x80,
    0x0, 0x0, 0x0, 0xd6, 0x4, 0xf0, 0x0, 0x0,
    0x0, 0x0, 0x8, 0xf0, 0x0, 0x7, 0xcf, 0xff,
    0xff, 0x60, 0x0, 0xcf, 0x84, 0x59, 0xfb, 0x0,
    0x9, 0xe2, 0x0, 0x0, 0x4f, 0x70, 0xf, 0x60,
    0x0, 0x0, 0x9, 0xd0, 0x3f, 0x20, 0x0, 0x0,
    0x5, 0xf0, 0x3f, 0x20, 0x0, 0x0, 0x5, 0xf0,
    0xf, 0x60, 0x0, 0x0, 0x9, 0xd0, 0x9, 0xe2,
    0x0, 0x0, 0x4f, 0x60, 0x0, 0xcf, 0x84, 0x59,
    0xfa, 0x0, 0x0, 0x7, 0xcf, 0xec, 0x50, 0x0,

    /* U+1EDF "ở" */
    0x0, 0x0, 0x0, 0x0, 0x0, 0x0, 0x9f, 0xa0,
    0x0, 0x0, 0x4, 0x8f, 0x0, 0x0, 0x0, 0xa,
    0x82, 0xa0, 0x0, 0x0, 0x0, 0x7f, 0x0, 0x7,
    0xef, 0xff, 0x70, 0x8, 0xf7, 0x49, 0xf4, 0x0,
    0xf7, 0x0, 0xa, 0xc0, 0x3f, 0x20, 0x0, 0x5f,
    0x3, 0xf2, 0x0, 0x5, 0xf0, 0xf, 0x70, 0x0,
    0xac, 0x0, 0x7f, 0x74, 0x9f, 0x40, 0x0, 0x6d,
    0xfc, 0x40, 0x0,

    /* U+1EE0 "Ỡ" */
    0x0, 0x0, 0x0, 0x0, 0x0, 0x0, 0x0, 0x0,
    0xdd, 0x3a, 0x30, 0x30, 0x0, 0x5, 0x84, 0xfe,
    0x4, 0xe0, 0x0, 0x1, 0x10, 0x11, 0x4, 0xf0,
    0x0, 0x0, 0x0, 0x0, 0x9, 0xe0, 0x0, 0x7,
    0xcf, 0xff, 0xfe, 0x40, 0x0, 0xcf, 0x84, 0x59,
    0xfa, 0x0, 0x9, 0xe2, 0x0, 0x0, 0x4f, 0x60,
    0xf, 0x60, 0x0, 0x0, 0x9, 0xd0, 0x3f, 0x20,
    0x0, 0x0, 0x5, 0xf0, 0x3f, 0x20, 0x0, 0x0,
    0x5, 0xf0, 0xf, 0x60, 0x0, 0x0, 0x9, 0xd0,
    0x9, 0xe2, 0x0, 0x0, 0x4f, 0x60, 0x0, 0xcf,
    0x84, 0x59, 0xfa, 0x0, 0x0, 0x7, 0xcf, 0xec,
    0x50, 0x0,

    /* U+1EE1 "ỡ" */
    0x0, 0x3e, 0x76, 0x50, 0x0, 0x8, 0x7c, 0xf5,
    0xa0, 0x0, 0x20, 0x2, 0x7f, 0x0, 0x7, 0xef,
    0xff, 0x70, 0x8, 0xf7, 0x49, 0xf4, 0x0, 0xf7,
    0x0, 0xa, 0xc0, 0x3f, 0x20, 0x0, 0x5f, 0x3,
    0xf2, 0x0, 0x5, 0xf0, 0xf, 0x70, 0x0, 0xac,
    0x0, 0x7f, 0x74, 0x9f, 0x40, 0x0, 0x6d, 0xfc,
    0x40, 0x0,

    /* U+1EE2 "Ợ" */
    0x0, 0x0, 0x0, 0x0, 0x0, 0x0, 0x0, 0x0,
    0x0, 0x0, 0x3, 0xd0, 0x0, 0x0, 0x0, 0x0,
    0x7, 0xf0, 0x0, 0x7, 0xcf, 0xff, 0xff, 0x70,
    0x0, 0xcf, 0x84, 0x59, 0xfa, 0x0, 0x9, 0xe2,
    0x0, 0x0, 0x4f, 0x60, 0xf, 0x60, 0x0, 0x0,
    0x9, 0xd0, 0x3f, 0x20, 0x0, 0x0, 0x5, 0xf0,
    0x3f, 0x20, 0x0, 0x0, 0x5, 0xf0, 0xf, 0x60,
    0x0, 0x0, 0x9, 0xd0, 0x9, 0xe2, 0x0, 0x0,
    0x4f, 0x60, 0x0, 0xcf, 0x84, 0x59, 0xfa, 0x0,
    0x0, 0x7, 0xcf, 0xec, 0x50, 0x0, 0x0, 0x0,
    0x0, 0x0, 0x0, 0x0, 0x0, 0x0, 0x0, 0x20,
    0x0, 0x0, 0x0, 0x0, 0x2, 0xe0, 0x0, 0x0,

    /* U+1EE3 "ợ" */
    0x0, 0x0, 0x0, 0x0, 0x0, 0x0, 0x0, 0x4,
    0xd0, 0x0, 0x0, 0x0, 0x7f, 0x0, 0x7, 0xef,
    0xff, 0x60, 0x8, 0xf7, 0x49, 0xf4, 0x0, 0xf7,
    0x0, 0xa, 0xc0, 0x3f, 0x20, 0x0, 0x5f, 0x3,
    0xf2, 0x0, 0x5, 0xf0, 0xf, 0x70, 0x0, 0xac,
    0x0, 0x7f, 0x74, 0x9f, 0x40, 0x0, 0x6d, 0xfc,
    0x40, 0x0, 0x0, 0x0, 0x0, 0x0, 0x0, 0x0,
    0x20, 0x0, 0x0, 0x0, 0x2e, 0x0, 0x0,

    /* U+1EE4 "Ụ" */
    0x4f, 0x10, 0x0, 0x4f, 0x14, 0xf1, 0x0, 0x4,
    0xf1, 0x4f, 0x10, 0x0, 0x4f, 0x14, 0xf1, 0x0,
    0x4, 0xf1, 0x4f, 0x10, 0x0, 0x4f, 0x14, 0xf1,
    0x0, 0x4, 0xf1, 0x2f, 0x30, 0x0, 0x5f, 0x0,
    0xf7, 0x0, 0xa, 0xc0, 0x8, 0xf7, 0x49, 0xf4,
    0x0, 0x8, 0xef, 0xd6, 0x0, 0x0, 0x0, 0x0,
    0x0, 0x0, 0x0, 0x2, 0x0, 0x0, 0x0, 0x2,
    0xe0, 0x0, 0x0,

    /* U+1EE5 "ụ" */
    0x4f, 0x10, 0x0, 0x4f, 0x14, 0xf1, 0x0, 0x4,
    0xf1, 0x4f, 0x10, 0x0, 0x4f, 0x14, 0xf1, 0x0,
    0x4, 0xf1, 0x4f, 0x10, 0x0, 0x5f, 0x11, 0xf4,
    0x0, 0x9, 0xf1, 0xc, 0xe6, 0x49, 0xff, 0x10,
    0x1a, 0xef, 0xb5, 0xf1, 0x0, 0x0, 0x0, 0x0,
    0x0, 0x0, 0x2, 0x0, 0x0, 0x0, 0x2, 0xe0,
    0x0, 0x0,

    /* U+1EE6 "Ủ" */
    0x0, 0x0, 0x0, 0x0, 0x0, 0x0, 0x7, 0xf9,
    0x0, 0x0, 0x0, 0x3, 0x9f, 0x0, 0x0, 0x0,
    0x0, 0x6e, 0x0, 0x0, 0x0, 0x0, 0xb5, 0x0,
    0x0, 0x0, 0x0, 0x0, 0x0, 0x0, 0x4f, 0x10,
    0x0, 0x4, 0xf1, 0x4f, 0x10, 0x0, 0x4, 0xf1,
    0x4f, 0x10, 0x0, 0x4, 0xf1, 0x4f, 0x10, 0x0,
    0x4, 0xf1, 0x4f, 0x10, 0x0, 0x4, 0xf1, 0x4f,
    0x10, 0x0, 0x4, 0xf1, 0x3f, 0x30, 0x0, 0x6,
    0xf0, 0xf, 0x80, 0x0, 0xb, 0xc0, 0x7, 0xf9,
    0x55, 0xbf, 0x40, 0x0, 0x5c, 0xff, 0xb4, 0x0,

    /* U+1EE7 "ủ" */
    0x0, 0x0, 0x0, 0x0, 0x0, 0x0, 0xcf, 0xa0,
    0x0, 0x0, 0x4, 0x8f, 0x0, 0x0, 0x0, 0xa,
    0x70, 0x0, 0x0, 0x0, 0x0, 0x0, 0x4, 0xf1,
    0x0, 0x4, 0xf1, 0x4f, 0x10, 0x0, 0x4f, 0x14,
    0xf1, 0x0, 0x4, 0xf1, 0x4f, 0x10, 0x0, 0x4f,
    0x14, 0xf1, 0x0, 0x5, 0xf1, 0x1f, 0x40, 0x0,
    0x9f, 0x10, 0xce, 0x64, 0x9f, 0xf1, 0x1, 0xae,
    0xfb, 0x5f, 0x10,

    /* U+1EE8 "Ứ" */
    0x0, 0x0, 0x3, 0x71, 0x0, 0x0, 0x0, 0x0,
    0x3e, 0x50, 0x5, 0xb0, 0x0, 0x0, 0x73, 0x0,
    0x4, 0xf0, 0x0, 0x0, 0x0, 0x0, 0x8, 0xf0,
    0x4f, 0x10, 0x0, 0x4, 0xff, 0x60, 0x4f, 0x10,
    0x0, 0x4, 0xf2, 0x0, 0x4f, 0x10, 0x0, 0x4,
    0xf1, 0x0, 0x4f, 0x10, 0x0, 0x4, 0xf1, 0x0,
    0x4f, 0x10, 0x0, 0x4, 0xf1, 0x0, 0x4f, 0x10,
    0x0, 0x4, 0xf1, 0x0, 0x3f, 0x30, 0x0, 0x6,
    0xf0, 0x0, 0xf, 0x80, 0x0, 0xb, 0xc0, 0x0,
    0x7, 0xf9, 0x55, 0xbf, 0x40, 0x0, 0x0, 0x5c,
    0xff, 0xb4, 0x0, 0x0,

    /* U+1EE9 "ứ" */
    0x0, 0x0, 0x4e, 0x70, 0x0, 0x0, 0x3, 0xd4,
    0x0, 0xd0, 0x0, 0x0, 0x0, 0x1, 0xf0, 0x4f,
    0x10, 0x0, 0x4f, 0xc0, 0x4f, 0x10, 0x0, 0x4f,
    0x10, 0x4f, 0x10, 0x0, 0x4f, 0x10, 0x4f, 0x10,
    0x0, 0x4f, 0x10, 0x4f, 0x10, 0x0, 0x5f, 0x10,
    0x1f, 0x40, 0x0, 0x9f, 0x10, 0xc, 0xe6, 0x49,
    0xff, 0x10, 0x1, 0xae, 0xfb, 0x5f, 0x10,

    /* U+1EEA "Ừ" */
    0x0, 0x38, 0x20, 0x0, 0x0, 0x0, 0x0, 0x8,
    0xe1, 0x0, 0x5, 0xb0, 0x0, 0x0, 0x45, 0x0,
    0x4, 0xf0, 0x0, 0x0, 0x0, 0x0, 0x8, 0xf0,
    0x4f, 0x10, 0x0, 0x4, 0xff, 0x60, 0x4f, 0x10,
    0x0, 0x4, 0xf2, 0x0, 0x4f, 0x10, 0x0, 0x4,
    0xf1, 0x0, 0x4f, 0x10, 0x0, 0x4, 0xf1, 0x0,
    0x4f, 0x10, 0x0, 0x4, 0xf1, 0x0, 0x4f, 0x10,
    0x0, 0x4, 0xf1, 0x0, 0x3f, 0x30, 0x0, 0x6,
    0xf0, 0x0, 0xf, 0x80, 0x0, 0xb, 0xc0, 0x0,
    0x7, 0xf9, 0x55, 0xbf, 0x40, 0x0, 0x0, 0x5c,
    0xff, 0xb4, 0x0, 0x0,

    /* U+1EEB "ừ" */
    0x0, 0x9e, 0x20, 0x0, 0x0, 0x0, 0x5, 0xc2,
    0x0, 0xd0, 0x0, 0x0, 0x0, 0x1, 0xf0, 0x4f,
    0x10, 0x0, 0x4f, 0xc0, 0x4f, 0x10, 0x0, 0x4f,
    0x10, 0x4f, 0x10, 0x0, 0x4f, 0x10, 0x4f, 0x10,
    0x0, 0x4f, 0x10, 0x4f, 0x10, 0x0, 0x5f, 0x10,
    0x1f, 0x40, 0x0, 0x9f, 0x10, 0xc, 0xd5, 0x48,
    0xff, 0x10, 0x1, 0xae, 0xfb, 0x5f, 0x10,

    /* U+1EEC "Ử" */
    0x0, 0x0, 0x0, 0x0, 0x0, 0x0, 0x0, 0x7,
    0xf9, 0x0, 0x0, 0x0, 0x0, 0x3, 0x9f, 0x0,
    0x0, 0x0, 0x0, 0x0, 0x6e, 0x0, 0x4, 0x90,
    0x0, 0x0, 0xb5, 0x0, 0x5, 0xf0, 0x0, 0x0,
    0x0, 0x0, 0x8, 0xf0, 0x4f, 0x10, 0x0, 0x4,
    0xff, 0x70, 0x4f, 0x10, 0x0, 0x4, 0xf2, 0x0,
    0x4f, 0x10, 0x0, 0x4, 0xf1, 0x0, 0x4f, 0x10,
    0x0, 0x4, 0xf1, 0x0, 0x4f, 0x10, 0x0, 0x4,
    0xf1, 0x0, 0x4f, 0x10, 0x0, 0x4, 0xf1, 0x0,
    0x3f, 0x30, 0x0, 0x6, 0xf0, 0x0, 0xf, 0x80,
    0x0, 0xb, 0xc0, 0x0, 0x7, 0xf9, 0x55, 0xbf,
    0x40, 0x0, 0x0, 0x5c, 0xff, 0xb4, 0x0, 0x0,

    /* U+1EED "ử" */
    0x0, 0x0, 0x0, 0x0, 0x0, 0x0, 0xc, 0xfa,
    0x0, 0x0, 0x0, 0x4, 0x8f, 0x0, 0x0, 0x0,
    0x0, 0xa7, 0x0, 0xa0, 0x0, 0x0, 0x0, 0x1,
    0xf0, 0x4f, 0x10, 0x0, 0x4f, 0xc0, 0x4f, 0x10,
    0x0, 0x4f, 0x10, 0x4f, 0x10, 0x0, 0x4f, 0x10,
    0x4f, 0x10, 0x0, 0x4f, 0x10, 0x4f, 0x10, 0x0,
    0x5f, 0x10, 0x1f, 0x40, 0x0, 0x9f, 0x10, 0xc,
    0xe6, 0x49, 0xff, 0x10, 0x1, 0xae, 0xfb, 0x5f,
    0x10,

    /* U+1EEE "Ữ" */
    0x0, 0x0, 0x0, 0x0, 0x0, 0x0, 0x0, 0x1d,
    0xd3, 0xa3, 0x1, 0x30, 0x0, 0x67, 0x4f, 0xd0,
    0x7, 0xe0, 0x0, 0x11, 0x1, 0x0, 0x4, 0xf0,
    0x0, 0x0, 0x0, 0x0, 0x9, 0xe0, 0x4f, 0x10,
    0x0, 0x4, 0xff, 0x50, 0x4f, 0x10, 0x0, 0x4,
    0xf2, 0x0, 0x4f, 0x10, 0x0, 0x4, 0xf1, 0x0,
    0x4f, 0x10, 0x0, 0x4, 0xf1, 0x0, 0x4f, 0x10,
    0x0, 0x4, 0xf1, 0x0, 0x4f, 0x10, 0x0, 0x4,
    0xf1, 0x0, 0x3f, 0x30, 0x0, 0x6, 0xf0, 0x0,
    0xf, 0x80, 0x0, 0xb, 0xc0, 0x0, 0x7, 0xf9,
    0x55, 0xbf, 0x40, 0x0, 0x0, 0x5c, 0xff, 0xb4,
    0x0, 0x0,

    /* U+1EEF "ữ" */
    0x0, 0x5e, 0x92, 0xd0, 0x0, 0x0, 0xc6, 0xbf,
    0x80, 0xa0, 0x0, 0x20, 0x2, 0x1, 0xf0, 0x4f,
    0x50, 0x0, 0x4f, 0xd0, 0x4f, 0x50, 0x0, 0x4f,
    0x10, 0x4f, 0x50, 0x0, 0x4f, 0x10, 0x4f, 0x50,
    0x0, 0x4f, 0x10, 0x4f, 0x60, 0x0, 0x5f, 0x10,
    0x1f, 0x80, 0x0, 0x9f, 0x10, 0xc, 0xf7, 0x48,
    0xff, 0x10, 0x1, 0xae, 0xfb, 0x5f, 0x10,

    /* U+1EF0 "Ự" */
    0x0, 0x0, 0x0, 0x0, 0x0, 0x10, 0x0, 0x0,
    0x0, 0x0, 0x6, 0xe0, 0x0, 0x0, 0x0, 0x0,
    0x7, 0xf0, 0x4f, 0x10, 0x0, 0x4, 0xff, 0x80,
    0x4f, 0x10, 0x0, 0x4, 0xf3, 0x0, 0x4f, 0x10,
    0x0, 0x4, 0xf1, 0x0, 0x4f, 0x10, 0x0, 0x4,
    0xf1, 0x0, 0x4f, 0x10, 0x0, 0x4, 0xf1, 0x0,
    0x4f, 0x10, 0x0, 0x4, 0xf1, 0x0, 0x3f, 0x30,
    0x0, 0x6, 0xf0, 0x0, 0xf, 0x80, 0x0, 0xb,
    0xc0, 0x0, 0x7, 0xf9, 0x55, 0xbf, 0x40, 0x0,
    0x0, 0x5c, 0xff, 0xb4, 0x0, 0x0, 0x0, 0x0,
    0x0, 0x0, 0x0, 0x0, 0x0, 0x0, 0x20, 0x0,
    0x0, 0x0, 0x0, 0x2, 0xe0, 0x0, 0x0, 0x0,

    /* U+1EF1 "ự" */
    0x0, 0x0, 0x0, 0x0, 0x10, 0x0, 0x0, 0x0,
    0x0, 0xe0, 0x0, 0x0, 0x0, 0x1, 0xf0, 0x4f,
    0x10, 0x0, 0x4f, 0xc0, 0x4f, 0x10, 0x0, 0x4f,
    0x10, 0x4f, 0x10, 0x0, 0x4f, 0x10, 0x4f, 0x10,
    0x0, 0x4f, 0x10, 0x4f, 0x10, 0x0, 0x5f, 0x10,
    0x1f, 0x40, 0x0, 0x9f, 0x10, 0xc, 0xe6, 0x49,
    0xff, 0x10, 0x1, 0xae, 0xfb, 0x5f, 0x10, 0x0,
    0x0, 0x0, 0x0, 0x0, 0x0, 0x0, 0x20, 0x0,
    0x0, 0x0, 0x2, 0xe0, 0x0, 0x0,

    /* U+1EF2 "Ỳ" */
    0x0, 0x6, 0x60, 0x0, 0x0, 0x0, 0x2, 0xd8,
    0x0, 0x0, 0x0, 0x0, 0x7, 0x10, 0x0, 0x0,
    0x0, 0x0, 0x0, 0x0, 0xd, 0x90, 0x0, 0x0,
    0xba, 0x4, 0xf3, 0x0, 0x4, 0xf2, 0x0, 0xac,
    0x0, 0xd, 0x70, 0x0, 0x1f, 0x60, 0x7d, 0x0,
    0x0, 0x7, 0xe3, 0xf4, 0x0, 0x0, 0x0, 0xdf,
    0xb0, 0x0, 0x0, 0x0, 0x5f, 0x20, 0x0, 0x0,
    0x0, 0x4f, 0x10, 0x0, 0x0, 0x0, 0x4f, 0x10,
    0x0, 0x0, 0x0, 0x4f, 0x10, 0x0,

    /* U+1EF3 "ỳ" */
    0x0, 0x4e, 0x60, 0x0, 0x0, 0x0, 0x2c, 0x40,
    0x0, 0x0, 0x0, 0x0, 0x0, 0x0, 0xd9, 0x0,
    0x0, 0xaa, 0x6, 0xf0, 0x0, 0x1f, 0x30, 0xf,
    0x60, 0x7, 0xd0, 0x0, 0x9c, 0x0, 0xd6, 0x0,
    0x2, 0xf3, 0x4f, 0x0, 0x0, 0xc, 0x9a, 0x90,
    0x0, 0x0, 0x5f, 0xf2, 0x0, 0x0, 0x0, 0xec,
    0x0, 0x0, 0x0, 0xe, 0x50, 0x0, 0x9, 0x4a,
    0xd0, 0x0, 0x1, 0xbf, 0xc2, 0x0, 0x0,

    /* U+1EF4 "Ỵ" */
    0xd, 0x90, 0x0, 0x0, 0xba, 0x4, 0xf3, 0x0,
    0x4, 0xf2, 0x0, 0xac, 0x0, 0xd, 0x70, 0x0,
    0x1f, 0x60, 0x7d, 0x0, 0x0, 0x7, 0xe3, 0xf4,
    0x0, 0x0, 0x0, 0xdf, 0xb0, 0x0, 0x0, 0x0,
    0x5f, 0x20, 0x0, 0x0, 0x0, 0x4f, 0x10, 0x0,
    0x0, 0x0, 0x4f, 0x10, 0x0, 0x0, 0x0, 0x4f,
    0x10, 0x0, 0x0, 0x0, 0x0, 0x0, 0x0, 0x0,
    0x0, 0x2, 0x0, 0x0, 0x0, 0x0, 0x2e, 0x0,
    0x0,

    /* U+1EF5 "ỵ" */
    0x2f, 0x40, 0x0, 0xf, 0x40, 0xba, 0x0, 0x6,
    0xd0, 0x5, 0xf1, 0x0, 0xc7, 0x0, 0xe, 0x70,
    0x2f, 0x10, 0x0, 0x8d, 0x8, 0xa0, 0x0, 0x2,
    0xf3, 0xe3, 0x0, 0x0, 0xc, 0xdd, 0x0, 0x0,
    0x0, 0x5f, 0x60, 0x0, 0x0, 0x3, 0xf0, 0x0,
    0x1, 0x64, 0xc8, 0x2, 0x0, 0x4d, 0xfa, 0x2,
    0xe0, 0x0,

    /* U+1EF6 "Ỷ" */
    0x0, 0x0, 0x0, 0x0, 0x0, 0x0, 0x0, 0x9,
    0xfa, 0x0, 0x0, 0x0, 0x0, 0x38, 0xf0, 0x0,
    0x0, 0x0, 0x0, 0x9a, 0x0, 0x0, 0x0, 0x0,
    0x2, 0x0, 0x0, 0x0, 0xd9, 0x0, 0x0, 0x7,
    0xd0, 0x4, 0xf2, 0x0, 0x2, 0xf4, 0x0, 0xa,
    0xb0, 0x0, 0xca, 0x0, 0x0, 0x1f, 0x40, 0x8e,
    0x10, 0x0, 0x0, 0x7d, 0x3f, 0x60, 0x0, 0x0,
    0x0, 0xdf, 0xc0, 0x0, 0x0, 0x0, 0x5, 0xf3,
    0x0, 0x0, 0x0, 0x0, 0x4f, 0x10, 0x0, 0x0,
    0x0, 0x4, 0xf1, 0x0, 0x0, 0x0, 0x0, 0x4f,
    0x10, 0x0, 0x0,

    /* U+1EF7 "ỷ" */
    0x0, 0x0, 0x0, 0x0, 0x0, 0x0, 0xcf, 0xa0,
    0x0, 0x0, 0x5, 0x8f, 0x0, 0x0, 0x0, 0xa,
    0x80, 0x0, 0x0, 0x0, 0x0, 0x0, 0x6, 0xf0,
    0x0, 0x0, 0xc9, 0xf, 0x60, 0x0, 0x3f, 0x20,
    0x9c, 0x0, 0xb, 0xb0, 0x2, 0xf3, 0x3, 0xf4,
    0x0, 0xc, 0x90, 0xbd, 0x0, 0x0, 0x5f, 0x3f,
    0x60, 0x0, 0x0, 0xee, 0xe0, 0x0, 0x0, 0x8,
    0xf8, 0x0, 0x0, 0x0, 0x8f, 0x10, 0x0, 0x65,
    0x5f, 0x90, 0x0, 0x7, 0xef, 0x90, 0x0, 0x0,

    /* U+1EF8 "Ỹ" */
    0x0, 0x0, 0x0, 0x0, 0x0, 0x0, 0x4, 0xf8,
    0x3a, 0x0, 0x0, 0xa, 0x2a, 0xf5, 0x0, 0x0,
    0x2, 0x0, 0x20, 0x0, 0xb, 0xc0, 0x0, 0x0,
    0xba, 0x2, 0xf5, 0x0, 0x4, 0xf1, 0x0, 0x9d,
    0x0, 0xd, 0x70, 0x0, 0x1e, 0x70, 0x7d, 0x0,
    0x0, 0x6, 0xf3, 0xf4, 0x0, 0x0, 0x0, 0xdf,
    0xb0, 0x0, 0x0, 0x0, 0x5f, 0x20, 0x0, 0x0,
    0x0, 0x4f, 0x10, 0x0, 0x0, 0x0, 0x4f, 0x10,
    0x0, 0x0, 0x0, 0x4f, 0x10, 0x0,

    /* U+1EF9 "ỹ" */
    0x0, 0x8e, 0x66, 0x70, 0x0, 0xd, 0x5e, 0xf2,
    0x0, 0x0, 0x20, 0x1, 0x0, 0x3, 0xf2, 0x0,
    0x3, 0xf1, 0xd, 0x90, 0x0, 0x9a, 0x0, 0x6e,
    0x0, 0xf, 0x40, 0x0, 0xf5, 0x6, 0xd0, 0x0,
    0x9, 0xb0, 0xc7, 0x0, 0x0, 0x3f, 0x4f, 0x10,
    0x0, 0x0, 0xcf, 0xa0, 0x0, 0x0, 0x6, 0xf4,
    0x0, 0x0, 0x0, 0x6d, 0x0, 0x0, 0x47, 0x5e,
    0x60, 0x0, 0x5, 0xef, 0x80, 0x0, 0x0,

    /* U+2018 "‘" */
    0xa, 0x0, 0xb0, 0x3e, 0x2, 0xe0,

    /* U+2019 "’" */
    0x2e, 0x1, 0xf0, 0xc, 0x2, 0x80,

    /* U+201A "‚" */
    0x2e, 0x1, 0xf0, 0xb, 0x2, 0x80,

    /* U+201C "“" */
    0xa, 0x0, 0xa0, 0xb, 0x0, 0xb0, 0x3e, 0x3,
    0xe0, 0x2e, 0x2, 0xd0,

    /* U+201D "”" */
    0x2e, 0x2, 0xd0, 0x1f, 0x1, 0xf0, 0xc, 0x0,
    0xb0, 0x28, 0x2, 0x80,

    /* U+2022 "•" */
    0x6c, 0x4f, 0xfc, 0x9f, 0x60,

    /* U+2026 "…" */
    0x0, 0x0, 0x0, 0x0, 0x0, 0x2, 0xe0, 0x2,
    0xe0, 0x2, 0xe0, 0x1d, 0x0, 0x1d, 0x0, 0x1d,
    0x0,

    /* U+F001 "" */
    0x0, 0x0, 0x0, 0x0, 0x0, 0x0, 0x0, 0x0,
    0x0, 0x0, 0x0, 0x0, 0x2, 0x7b, 0xfb, 0x0,
    0x0, 0x0, 0x4, 0x9d, 0xff, 0xff, 0xd0, 0x0,
    0x3, 0xaf, 0xff, 0xff, 0xff, 0xfd, 0x0, 0x0,
    0xaf, 0xff, 0xff, 0xff, 0xdf, 0xd0, 0x0, 0xa,
    0xff, 0xff, 0xb6, 0x10, 0xed, 0x0, 0x0, 0xaf,
    0x94, 0x0, 0x0, 0xe, 0xd0, 0x0, 0xa, 0xf1,
    0x0, 0x0, 0x0, 0xed, 0x0, 0x0, 0xaf, 0x10,
    0x0, 0x0, 0xe, 0xd0, 0x0, 0xa, 0xf1, 0x0,
    0x0, 0x45, 0xfd, 0x0, 0x0, 0xaf, 0x10, 0x1,
    0xef, 0xff, 0xd0, 0x17, 0x9d, 0xf1, 0x0, 0x5f,
    0xff, 0xfc, 0xe, 0xff, 0xff, 0x10, 0x0, 0xaf,
    0xfd, 0x31, 0xff, 0xff, 0xe0, 0x0, 0x0, 0x1,
    0x0, 0x3, 0xbd, 0xa3, 0x0, 0x0, 0x0, 0x0,
    0x0,

    /* U+F008 "" */
    0x50, 0x18, 0x88, 0x88, 0x88, 0x84, 0x5, 0xfa,
    0xbf, 0xdd, 0xdd, 0xdd, 0xfd, 0xaf, 0xe4, 0x7f,
    0x10, 0x0, 0x0, 0xca, 0x4e, 0xe0, 0x4f, 0x10,
    0x0, 0x0, 0xc8, 0xe, 0xfe, 0xef, 0x10, 0x0,
    0x0, 0xcf, 0xef, 0xe0, 0x3f, 0xee, 0xee, 0xee,
    0xf8, 0xe, 0xf6, 0x8f, 0x76, 0x66, 0x66, 0xeb,
    0x6f, 0xf8, 0xaf, 0x10, 0x0, 0x0, 0xcc, 0x8f,
    0xe0, 0x3f, 0x10, 0x0, 0x0, 0xc8, 0xe, 0xfc,
    0xdf, 0x65, 0x55, 0x55, 0xee, 0xcf, 0xc2, 0x5f,
    0xff, 0xff, 0xff, 0xf9, 0x2c,

    /* U+F00B "" */
    0x57, 0x75, 0x5, 0x77, 0x77, 0x77, 0x75, 0xff,
    0xff, 0x1f, 0xff, 0xff, 0xff, 0xff, 0xff, 0xff,
    0x2f, 0xff, 0xff, 0xff, 0xff, 0xef, 0xff, 0xe,
    0xff, 0xff, 0xff, 0xfe, 0x1, 0x10, 0x0, 0x11,
    0x11, 0x11, 0x10, 0xef, 0xfe, 0xe, 0xff, 0xff,
    0xff, 0xfe, 0xff, 0xff, 0x2f, 0xff, 0xff, 0xff,
    0xff, 0xff, 0xff, 0x1f, 0xff, 0xff, 0xff, 0xff,
    0x68, 0x87, 0x7, 0x88, 0x88, 0x88, 0x86, 0x68,
    0x87, 0x7, 0x88, 0x88, 0x88, 0x86, 0xff, 0xff,
    0x1f, 0xff, 0xff, 0xff, 0xff, 0xff, 0xff, 0x2f,
    0xff, 0xff, 0xff, 0xff, 0xdf, 0xfd, 0xd, 0xff,
    0xff, 0xff, 0xfd,

    /* U+F00C "" */
    0x0, 0x0, 0x0, 0x0, 0x0, 0x1, 0x50, 0x0,
    0x0, 0x0, 0x0, 0x0, 0x1d, 0xf8, 0x0, 0x0,
    0x0, 0x0, 0x1, 0xdf, 0xfd, 0x0, 0x0, 0x0,
    0x0, 0x1d, 0xff, 0xe2, 0x2d, 0x60, 0x0, 0x1,
    0xdf, 0xfe, 0x20, 0xdf, 0xf6, 0x0, 0x1d, 0xff,
    0xe2, 0x0, 0x8f, 0xff, 0x61, 0xdf, 0xfe, 0x20,
    0x0, 0x8, 0xff, 0xfe, 0xff, 0xe2, 0x0, 0x0,
    0x0, 0x8f, 0xff, 0xfe, 0x20, 0x0, 0x0, 0x0,
    0x8, 0xff, 0xe2, 0x0, 0x0, 0x0, 0x0, 0x0,
    0x7d, 0x20, 0x0, 0x0, 0x0,

    /* U+F00D "" */
    0x0, 0x0, 0x0, 0x0, 0x0, 0x7f, 0x60, 0x0,
    0xb, 0xe2, 0xef, 0xf6, 0x0, 0xbf, 0xf8, 0x4f,
    0xff, 0x6b, 0xff, 0xd1, 0x4, 0xff, 0xff, 0xfd,
    0x10, 0x0, 0x5f, 0xff, 0xe1, 0x0, 0x0, 0xbf,
    0xff, 0xf6, 0x0, 0xb, 0xff, 0xdf, 0xff, 0x60,
    0xbf, 0xfd, 0x14, 0xff, 0xf5, 0xcf, 0xd1, 0x0,
    0x4f, 0xf6, 0x17, 0x10, 0x0, 0x3, 0x60,

    /* U+F011 "" */
    0x0, 0x0, 0x0, 0x11, 0x0, 0x0, 0x0, 0x0,
    0x0, 0x0, 0xff, 0x0, 0x0, 0x0, 0x0, 0x6f,
    0x21, 0xff, 0x12, 0xf7, 0x0, 0x6, 0xff, 0x61,
    0xff, 0x16, 0xff, 0x60, 0x1f, 0xf9, 0x1, 0xff,
    0x10, 0x9f, 0xf1, 0x6f, 0xe0, 0x1, 0xff, 0x10,
    0xe, 0xf6, 0xaf, 0x80, 0x1, 0xff, 0x10, 0x8,
    0xfa, 0xcf, 0x60, 0x1, 0xff, 0x10, 0x6, 0xfc,
    0xaf, 0x80, 0x0, 0xaa, 0x0, 0x8, 0xfb, 0x7f,
    0xd0, 0x0, 0x0, 0x0, 0xd, 0xf7, 0x1f, 0xf8,
    0x0, 0x0, 0x0, 0x8f, 0xf1, 0x7, 0xff, 0x91,
    0x0, 0x2a, 0xff, 0x70, 0x0, 0x9f, 0xff, 0xee,
    0xff, 0xf9, 0x0, 0x0, 0x5, 0xcf, 0xff, 0xfd,
    0x50, 0x0, 0x0, 0x0, 0x2, 0x44, 0x20, 0x0,
    0x0,

    /* U+F013 "" */
    0x0, 0x0, 0x0, 0x0, 0x0, 0x0, 0x0, 0x0,
    0x0, 0xa, 0xff, 0xa0, 0x0, 0x0, 0x0, 0x0,
    0xc, 0xff, 0xc0, 0x0, 0x0, 0x3, 0xd6, 0xdf,
    0xff, 0xfd, 0x6d, 0x30, 0xe, 0xff, 0xff, 0xff,
    0xff, 0xff, 0xe0, 0x5f, 0xff, 0xff, 0xaa, 0xff,
    0xff, 0xf5, 0x1a, 0xff, 0xf4, 0x0, 0x4f, 0xff,
    0xa1, 0x3, 0xff, 0xd0, 0x0, 0xd, 0xff, 0x30,
    0x4, 0xff, 0xf0, 0x0, 0xf, 0xff, 0x40, 0x4f,
    0xff, 0xfb, 0x22, 0xbf, 0xff, 0xf4, 0x2f, 0xff,
    0xff, 0xff, 0xff, 0xff, 0xf2, 0x9, 0xfe, 0xff,
    0xff, 0xff, 0xef, 0x90, 0x0, 0x50, 0x5e, 0xff,
    0xe5, 0x5, 0x0, 0x0, 0x0, 0xc, 0xff, 0xc0,
    0x0, 0x0, 0x0, 0x0, 0x4, 0x77, 0x40, 0x0,
    0x0,

    /* U+F015 "" */
    0x0, 0x0, 0x0, 0x3, 0x10, 0x3, 0x41, 0x0,
    0x0, 0x0, 0x0, 0x9f, 0xf5, 0xd, 0xf5, 0x0,
    0x0, 0x0, 0x1b, 0xfd, 0xff, 0x8d, 0xf5, 0x0,
    0x0, 0x2, 0xdf, 0xb1, 0x2d, 0xff, 0xf5, 0x0,
    0x0, 0x4f, 0xf8, 0x3e, 0xc2, 0xbf, 0xf5, 0x0,
    0x7, 0xff, 0x55, 0xff, 0xfe, 0x39, 0xfe, 0x40,
    0x9f, 0xe3, 0x8f, 0xff, 0xff, 0xf5, 0x6f, 0xf6,
    0xac, 0x2a, 0xff, 0xff, 0xff, 0xff, 0x73, 0xe6,
    0x0, 0x5f, 0xff, 0xff, 0xff, 0xff, 0xf1, 0x0,
    0x0, 0x6f, 0xff, 0xd7, 0x7f, 0xff, 0xf2, 0x0,
    0x0, 0x6f, 0xff, 0x90, 0xd, 0xff, 0xf2, 0x0,
    0x0, 0x6f, 0xff, 0x90, 0xd, 0xff, 0xf2, 0x0,
    0x0, 0x4f, 0xff, 0x70, 0xb, 0xff, 0xe1, 0x0,

    /* U+F019 "" */
    0x0, 0x0, 0x0, 0x33, 0x0, 0x0, 0x0, 0x0,
    0x0, 0xb, 0xff, 0xb0, 0x0, 0x0, 0x0, 0x0,
    0xc, 0xff, 0xc0, 0x0, 0x0, 0x0, 0x0, 0xc,
    0xff, 0xc0, 0x0, 0x0, 0x0, 0x0, 0xc, 0xff,
    0xc0, 0x0, 0x0, 0x0, 0x0, 0xc, 0xff, 0xc0,
    0x0, 0x0, 0x0, 0x8f, 0xff, 0xff, 0xff, 0xf8,
    0x0, 0x0, 0x2e, 0xff, 0xff, 0xff, 0xe2, 0x0,
    0x0, 0x2, 0xef, 0xff, 0xfe, 0x20, 0x0, 0x0,
    0x0, 0x2d, 0xff, 0xe2, 0x0, 0x0, 0x79, 0x99,
    0x82, 0xde, 0x28, 0x99, 0x97, 0xff, 0xff, 0xfb,
    0x22, 0xbf, 0xff, 0xff, 0xff, 0xff, 0xff, 0xff,
    0xff, 0xff, 0xff, 0xff, 0xff, 0xff, 0xff, 0xfa,
    0xb3, 0xcf, 0xac, 0xcc, 0xcc, 0xcc, 0xcc, 0xcc,
    0xca,

    /* U+F01C "" */
    0x0, 0x6, 0xbb, 0xbb, 0xbb, 0xba, 0x30, 0x0,
    0x0, 0x4f, 0xff, 0xff, 0xff, 0xff, 0xe1, 0x0,
    0x0, 0xef, 0x30, 0x0, 0x0, 0x6, 0xfb, 0x0,
    0x9, 0xf8, 0x0, 0x0, 0x0, 0x0, 0xcf, 0x50,
    0x4f, 0xd0, 0x0, 0x0, 0x0, 0x0, 0x2f, 0xe1,
    0xdf, 0x84, 0x42, 0x0, 0x0, 0x34, 0x4b, 0xf9,
    0xff, 0xff, 0xfd, 0x0, 0x1, 0xff, 0xff, 0xfb,
    0xff, 0xff, 0xff, 0x98, 0x8b, 0xff, 0xff, 0xfc,
    0xff, 0xff, 0xff, 0xff, 0xff, 0xff, 0xff, 0xfc,
    0xff, 0xff, 0xff, 0xff, 0xff, 0xff, 0xff, 0xfb,
    0x9f, 0xff, 0xff, 0xff, 0xff, 0xff, 0xff, 0xf6,

    /* U+F021 "" */
    0x0, 0x0, 0x0, 0x0, 0x0, 0x0, 0x33, 0x0,
    0x1, 0x8d, 0xff, 0xc6, 0x0, 0xef, 0x0, 0x4e,
    0xff, 0xff, 0xff, 0xe4, 0xdf, 0x4, 0xff, 0xb3,
    0x0, 0x4c, 0xff, 0xff, 0xe, 0xf9, 0x0, 0x0,
    0x0, 0x8f, 0xff, 0x6f, 0xc0, 0x0, 0x1, 0xff,
    0xff, 0xff, 0x8e, 0x50, 0x0, 0x1, 0xde, 0xee,
    0xed, 0x0, 0x0, 0x0, 0x0, 0x0, 0x0, 0x0,
    0x22, 0x22, 0x22, 0x0, 0x0, 0x0, 0x21, 0xff,
    0xff, 0xff, 0x10, 0x0, 0x8, 0xf8, 0xff, 0xfb,
    0xbc, 0x10, 0x0, 0x1e, 0xf4, 0xff, 0xfc, 0x10,
    0x0, 0x1, 0xdf, 0xc0, 0xfe, 0xef, 0xe8, 0x44,
    0x8e, 0xfe, 0x10, 0xfe, 0x1a, 0xff, 0xff, 0xff,
    0xc1, 0x0, 0xfd, 0x0, 0x28, 0xbb, 0x94, 0x0,
    0x0,

    /* U+F023 "" */
    0x0, 0x0, 0x2, 0x30, 0x0, 0x0, 0x0, 0x0,
    0x4e, 0xff, 0xf7, 0x0, 0x0, 0x0, 0x3f, 0xff,
    0xff, 0xf7, 0x0, 0x0, 0xc, 0xfc, 0x10, 0x9f,
    0xf0, 0x0, 0x0, 0xff, 0x30, 0x0, 0xff, 0x30,
    0x0, 0xf, 0xf2, 0x0, 0xe, 0xf4, 0x0, 0x1,
    0xff, 0x30, 0x0, 0xef, 0x50, 0xa, 0xff, 0xff,
    0xff, 0xff, 0xff, 0xd0, 0xff, 0xff, 0xff, 0xff,
    0xff, 0xff, 0x3f, 0xff, 0xff, 0xff, 0xff, 0xff,
    0xf4, 0xff, 0xff, 0xff, 0xff, 0xff, 0xff, 0x4f,
    0xff, 0xff, 0xff, 0xff, 0xff, 0xf4, 0xff, 0xff,
    0xff, 0xff, 0xff, 0xff, 0x4f, 0xff, 0xff, 0xff,
    0xff, 0xff, 0xf3, 0x7d, 0xdd, 0xdd, 0xdd, 0xdd,
    0xda, 0x0,

    /* U+F026 "" */
    0x0, 0x0, 0x2, 0x70, 0x0, 0x2, 0xef, 0x0,
    0x2, 0xef, 0xfd, 0xff, 0xff, 0xff, 0xff, 0xff,
    0xff, 0xff, 0xff, 0xff, 0xff, 0xff, 0xff, 0xff,
    0xff, 0xff, 0xff, 0xff, 0x34, 0x47, 0xff, 0xf0,
    0x0, 0x5, 0xff, 0x0, 0x0, 0x5, 0xc0, 0x0,
    0x0, 0x0,

    /* U+F027 "" */
    0x0, 0x0, 0x2, 0x70, 0x0, 0x0, 0x0, 0x2,
    0xef, 0x0, 0x0, 0x0, 0x2, 0xef, 0xf0, 0x0,
    0xd, 0xff, 0xff, 0xff, 0x2, 0x20, 0xff, 0xff,
    0xff, 0xf0, 0x8e, 0x1f, 0xff, 0xff, 0xff, 0x0,
    0xe7, 0xff, 0xff, 0xff, 0xf0, 0x3f, 0x5f, 0xff,
    0xff, 0xff, 0x8, 0x90, 0x34, 0x47, 0xff, 0xf0,
    0x0, 0x0, 0x0, 0x5, 0xff, 0x0, 0x0, 0x0,
    0x0, 0x5, 0xc0, 0x0, 0x0, 0x0, 0x0, 0x0,
    0x0, 0x0,

    /* U+F028 "" */
    0x0, 0x0, 0x0, 0x0, 0x0, 0x7, 0x70, 0x0,
    0x0, 0x0, 0x2, 0x70, 0x0, 0x5, 0xfa, 0x0,
    0x0, 0x0, 0x2e, 0xf0, 0x0, 0x81, 0x4f, 0x60,
    0x0, 0x2, 0xef, 0xf0, 0x1, 0xdd, 0x7, 0xf0,
    0xdf, 0xff, 0xff, 0xf0, 0x32, 0x1e, 0x80, 0xf6,
    0xff, 0xff, 0xff, 0xf0, 0x8e, 0x27, 0xe0, 0xb9,
    0xff, 0xff, 0xff, 0xf0, 0xe, 0x73, 0xf1, 0x9b,
    0xff, 0xff, 0xff, 0xf0, 0x3f, 0x54, 0xf0, 0x9a,
    0xff, 0xff, 0xff, 0xf0, 0x89, 0xa, 0xc0, 0xd8,
    0x34, 0x47, 0xff, 0xf0, 0x0, 0x7f, 0x43, 0xf3,
    0x0, 0x0, 0x5f, 0xf0, 0x2, 0xf6, 0xc, 0xb0,
    0x0, 0x0, 0x5, 0xc0, 0x0, 0x0, 0xbf, 0x10,
    0x0, 0x0, 0x0, 0x0, 0x0, 0x9, 0xe3, 0x0,
    0x0, 0x0, 0x0, 0x0, 0x0, 0x2, 0x10, 0x0,

    /* U+F029 "" */
    0x99, 0x99, 0x90, 0x9, 0x99, 0x99, 0xf, 0xff,
    0xff, 0x10, 0xff, 0xff, 0xf1, 0xfc, 0x2b, 0xf1,
    0xf, 0xc2, 0xbf, 0x1f, 0xc0, 0xaf, 0x10, 0xfc,
    0xa, 0xf1, 0xff, 0xce, 0xf1, 0xf, 0xfc, 0xef,
    0x1f, 0xff, 0xff, 0x10, 0xff, 0xff, 0xf1, 0x0,
    0x0, 0x0, 0x0, 0x0, 0x0, 0x4, 0x44, 0x44,
    0x0, 0x44, 0x20, 0x30, 0xff, 0xff, 0xf1, 0xf,
    0xfc, 0x6e, 0x1f, 0xd7, 0xdf, 0x10, 0xff, 0xff,
    0xf1, 0xfc, 0xa, 0xf1, 0xf, 0xd9, 0xff, 0x1f,
    0xfc, 0xef, 0x10, 0xfc, 0x13, 0x30, 0xff, 0xff,
    0xf1, 0xf, 0xb5, 0x4b, 0x10,

    /* U+F030 "" */
    0x0, 0x0, 0x49, 0x99, 0x93, 0x0, 0x0, 0x0,
    0x0, 0xff, 0xff, 0xfe, 0x0, 0x0, 0x49, 0x9a,
    0xff, 0xff, 0xff, 0xa9, 0x93, 0xef, 0xff, 0xff,
    0xff, 0xff, 0xff, 0xfe, 0xff, 0xff, 0xf8, 0x33,
    0x8f, 0xff, 0xff, 0xff, 0xff, 0x65, 0xdd, 0x56,
    0xff, 0xff, 0xff, 0xfe, 0x2f, 0xff, 0xf2, 0xef,
    0xff, 0xff, 0xfc, 0x5f, 0xff, 0xf5, 0xcf, 0xff,
    0xff, 0xfe, 0x2f, 0xff, 0xf2, 0xef, 0xff, 0xff,
    0xff, 0x66, 0xff, 0x66, 0xff, 0xff, 0xff, 0xff,
    0xf7, 0x22, 0x7f, 0xff, 0xff, 0xff, 0xff, 0xff,
    0xff, 0xff, 0xff, 0xff, 0x8e, 0xee, 0xee, 0xee,
    0xee, 0xee, 0xe8,

    /* U+F03A "" */
    0x12, 0x0, 0x0, 0x0, 0x0, 0x0, 0x0, 0xff,
    0x90, 0x6b, 0xbb, 0xbb, 0xbb, 0xba, 0xff, 0xa0,
    0x9f, 0xff, 0xff, 0xff, 0xff, 0x67, 0x30, 0x0,
    0x0, 0x0, 0x0, 0x0, 0x0, 0x0, 0x0, 0x0,
    0x0, 0x0, 0x0, 0x67, 0x30, 0x0, 0x0, 0x0,
    0x0, 0x0, 0xff, 0xa0, 0x9f, 0xff, 0xff, 0xff,
    0xff, 0xff, 0x90, 0x6b, 0xbb, 0xbb, 0xbb, 0xba,
    0x12, 0x0, 0x0, 0x0, 0x0, 0x0, 0x0, 0x23,
    0x10, 0x0, 0x0, 0x0, 0x0, 0x0, 0xff, 0x90,
    0x6c, 0xcc, 0xcc, 0xcc, 0xcb, 0xff, 0xa0, 0x9f,
    0xff, 0xff, 0xff, 0xff, 0x67, 0x30, 0x0, 0x0,
    0x0, 0x0, 0x0,

    /* U+F03E "" */
    0x37, 0x88, 0x88, 0x88, 0x88, 0x88, 0x73, 0xef,
    0xff, 0xff, 0xff, 0xff, 0xff, 0xfe, 0xfe, 0x32,
    0xdf, 0xff, 0xff, 0xff, 0xff, 0xf9, 0x0, 0x7f,
    0xff, 0xfd, 0xff, 0xff, 0xfd, 0x10, 0xcf, 0xff,
    0xa0, 0x7f, 0xff, 0xff, 0xff, 0xff, 0xfa, 0x0,
    0x7, 0xff, 0xff, 0xf3, 0x5f, 0xa0, 0x0, 0x0,
    0xcf, 0xff, 0x30, 0x3, 0x0, 0x0, 0x0, 0xcf,
    0xfc, 0x0, 0x0, 0x0, 0x0, 0x0, 0xcf, 0xff,
    0xcc, 0xcc, 0xcc, 0xcc, 0xcc, 0xff, 0xaf, 0xff,
    0xff, 0xff, 0xff, 0xff, 0xf9,

    /* U+F043 "" */
    0x0, 0x0, 0x20, 0x0, 0x0, 0x0, 0x1, 0xfa,
    0x0, 0x0, 0x0, 0x6, 0xff, 0x10, 0x0, 0x0,
    0xd, 0xff, 0x70, 0x0, 0x0, 0x6f, 0xff, 0xf1,
    0x0, 0x1, 0xef, 0xff, 0xfa, 0x0, 0xb, 0xff,
    0xff, 0xff, 0x60, 0x5f, 0xff, 0xff, 0xff, 0xe0,
    0xcf, 0xff, 0xff, 0xff, 0xf6, 0xfe, 0xbf, 0xff,
    0xff, 0xf9, 0xfd, 0x4f, 0xff, 0xff, 0xf9, 0xbf,
    0x49, 0xff, 0xff, 0xf5, 0x3f, 0xe5, 0x2e, 0xff,
    0xd0, 0x6, 0xff, 0xff, 0xfd, 0x20, 0x0, 0x28,
    0xba, 0x60, 0x0,

    /* U+F048 "" */
    0x4, 0x30, 0x0, 0x0, 0x31, 0x1f, 0xe0, 0x0,
    0x6, 0xf9, 0x1f, 0xe0, 0x0, 0x7f, 0xfa, 0x1f,
    0xe0, 0x9, 0xff, 0xfa, 0x1f, 0xe0, 0xaf, 0xff,
    0xfa, 0x1f, 0xeb, 0xff, 0xff, 0xfa, 0x1f, 0xff,
    0xff, 0xff, 0xfa, 0x1f, 0xff, 0xff, 0xff, 0xfa,
    0x1f, 0xe6, 0xff, 0xff, 0xfa, 0x1f, 0xe0, 0x5f,
    0xff, 0xfa, 0x1f, 0xe0, 0x4, 0xff, 0xfa, 0x1f,
    0xe0, 0x0, 0x3e, 0xfa, 0xf, 0xd0, 0x0, 0x2,
    0xd7, 0x0, 0x0, 0x0, 0x0, 0x0,

    /* U+F04B "" */
    0x2, 0x0, 0x0, 0x0, 0x0, 0x0, 0xc, 0xfb,
    0x20, 0x0, 0x0, 0x0, 0x0, 0xff, 0xff, 0x90,
    0x0, 0x0, 0x0, 0xf, 0xff, 0xff, 0xe6, 0x0,
    0x0, 0x0, 0xff, 0xff, 0xff, 0xfc, 0x30, 0x0,
    0xf, 0xff, 0xff, 0xff, 0xff, 0x91, 0x0, 0xff,
    0xff, 0xff, 0xff, 0xff, 0xe6, 0xf, 0xff, 0xff,
    0xff, 0xff, 0xff, 0xf2, 0xff, 0xff, 0xff, 0xff,
    0xff, 0xfd, 0xf, 0xff, 0xff, 0xff, 0xff, 0xf8,
    0x0, 0xff, 0xff, 0xff, 0xff, 0xb2, 0x0, 0xf,
    0xff, 0xff, 0xfd, 0x40, 0x0, 0x0, 0xff, 0xff,
    0xf7, 0x0, 0x0, 0x0, 0xf, 0xff, 0xa1, 0x0,
    0x0, 0x0, 0x0, 0x6a, 0x40, 0x0, 0x0, 0x0,
    0x0, 0x0,

    /* U+F04C "" */
    0x14, 0x44, 0x20, 0x1, 0x44, 0x42, 0xd, 0xff,
    0xff, 0x10, 0xdf, 0xff, 0xf1, 0xff, 0xff, 0xf3,
    0xf, 0xff, 0xff, 0x3f, 0xff, 0xff, 0x40, 0xff,
    0xff, 0xf4, 0xff, 0xff, 0xf4, 0xf, 0xff, 0xff,
    0x4f, 0xff, 0xff, 0x40, 0xff, 0xff, 0xf4, 0xff,
    0xff, 0xf4, 0xf, 0xff, 0xff, 0x4f, 0xff, 0xff,
    0x40, 0xff, 0xff, 0xf4, 0xff, 0xff, 0xf4, 0xf,
    0xff, 0xff, 0x4f, 0xff, 0xff, 0x40, 0xff, 0xff,
    0xf4, 0xff, 0xff, 0xf4, 0xf, 0xff, 0xff, 0x4f,
    0xff, 0xff, 0x30, 0xff, 0xff, 0xf3, 0x9f, 0xff,
    0xc0, 0x9, 0xff, 0xfc, 0x0,

    /* U+F04D "" */
    0x14, 0x44, 0x44, 0x44, 0x44, 0x42, 0xd, 0xff,
    0xff, 0xff, 0xff, 0xff, 0xf1, 0xff, 0xff, 0xff,
    0xff, 0xff, 0xff, 0x3f, 0xff, 0xff, 0xff, 0xff,
    0xff, 0xf4, 0xff, 0xff, 0xff, 0xff, 0xff, 0xff,
    0x4f, 0xff, 0xff, 0xff, 0xff, 0xff, 0xf4, 0xff,
    0xff, 0xff, 0xff, 0xff, 0xff, 0x4f, 0xff, 0xff,
    0xff, 0xff, 0xff, 0xf4, 0xff, 0xff, 0xff, 0xff,
    0xff, 0xff, 0x4f, 0xff, 0xff, 0xff, 0xff, 0xff,
    0xf4, 0xff, 0xff, 0xff, 0xff, 0xff, 0xff, 0x4f,
    0xff, 0xff, 0xff, 0xff, 0xff, 0xf3, 0x9f, 0xff,
    0xff, 0xff, 0xff, 0xfc, 0x0,

    /* U+F051 "" */
    0x2, 0x10, 0x0, 0x0, 0x42, 0xf, 0xe2, 0x0,
    0x3, 0xfb, 0xf, 0xfe, 0x30, 0x4, 0xfb, 0xf,
    0xff, 0xf4, 0x4, 0xfb, 0xf, 0xff, 0xff, 0x54,
    0xfb, 0xf, 0xff, 0xff, 0xfa, 0xfb, 0xf, 0xff,
    0xff, 0xff, 0xfb, 0xf, 0xff, 0xff, 0xff, 0xfb,
    0xf, 0xff, 0xff, 0xd6, 0xfb, 0xf, 0xff, 0xfd,
    0x14, 0xfb, 0xf, 0xff, 0xc1, 0x4, 0xfb, 0xf,
    0xfb, 0x0, 0x4, 0xfb, 0xc, 0xa0, 0x0, 0x3,
    0xfa, 0x0, 0x0, 0x0, 0x0, 0x0,

    /* U+F052 "" */
    0x0, 0x0, 0x0, 0x12, 0x0, 0x0, 0x0, 0x0,
    0x0, 0x3, 0xff, 0x60, 0x0, 0x0, 0x0, 0x0,
    0x2e, 0xff, 0xf5, 0x0, 0x0, 0x0, 0x1, 0xef,
    0xff, 0xff, 0x40, 0x0, 0x0, 0x1d, 0xff, 0xff,
    0xff, 0xf3, 0x0, 0x0, 0xcf, 0xff, 0xff, 0xff,
    0xfe, 0x20, 0xa, 0xff, 0xff, 0xff, 0xff, 0xff,
    0xe0, 0xe, 0xff, 0xff, 0xff, 0xff, 0xff, 0xf2,
    0x3, 0x99, 0x99, 0x99, 0x99, 0x99, 0x50, 0x5,
    0x88, 0x88, 0x88, 0x88, 0x88, 0x70, 0xf, 0xff,
    0xff, 0xff, 0xff, 0xff, 0xf3, 0xf, 0xff, 0xff,
    0xff, 0xff, 0xff, 0xf4, 0xb, 0xff, 0xff, 0xff,
    0xff, 0xff, 0xd1,

    /* U+F053 "" */
    0x0, 0x0, 0x0, 0x0, 0x0, 0x0, 0x0, 0x3f,
    0x90, 0x0, 0x0, 0x3f, 0xfc, 0x0, 0x0, 0x3f,
    0xfd, 0x10, 0x0, 0x3f, 0xfd, 0x10, 0x0, 0x3f,
    0xfd, 0x10, 0x0, 0x1f, 0xfd, 0x10, 0x0, 0x0,
    0xcf, 0xf4, 0x0, 0x0, 0x0, 0xcf, 0xf4, 0x0,
    0x0, 0x0, 0xcf, 0xf4, 0x0, 0x0, 0x0, 0xcf,
    0xf4, 0x0, 0x0, 0x0, 0xcf, 0xe0, 0x0, 0x0,
    0x0, 0xa4, 0x0,

    /* U+F054 "" */
    0x0, 0x0, 0x0, 0x0, 0x0, 0xcd, 0x10, 0x0,
    0x0, 0x1f, 0xfd, 0x10, 0x0, 0x0, 0x3f, 0xfd,
    0x10, 0x0, 0x0, 0x3f, 0xfd, 0x10, 0x0, 0x0,
    0x3f, 0xfd, 0x10, 0x0, 0x0, 0x3f, 0xfd, 0x0,
    0x0, 0x7, 0xff, 0x90, 0x0, 0x7, 0xff, 0x90,
    0x0, 0x7, 0xff, 0x90, 0x0, 0x7, 0xff, 0x90,
    0x0, 0x2, 0xff, 0x90, 0x0, 0x0, 0x7, 0x80,
    0x0, 0x0, 0x0,

    /* U+F060 "" */
    0x0, 0x0, 0x0, 0x0, 0x0, 0x0, 0x0, 0x0,
    0x1, 0xdc, 0x0, 0x0, 0x0, 0x0, 0x1, 0xdf,
    0xf1, 0x0, 0x0, 0x0, 0x1, 0xdf, 0xe3, 0x0,
    0x0, 0x0, 0x1, 0xdf, 0xe2, 0x0, 0x0, 0x0,
    0x1, 0xdf, 0xf6, 0x33, 0x33, 0x33, 0x30, 0xcf,
    0xff, 0xff, 0xff, 0xff, 0xff, 0x39, 0xff, 0xff,
    0xff, 0xff, 0xff, 0xe2, 0xa, 0xff, 0x50, 0x0,
    0x0, 0x0, 0x0, 0xa, 0xff, 0x60, 0x0, 0x0,
    0x0, 0x0, 0x9, 0xff, 0x60, 0x0, 0x0, 0x0,
    0x0, 0x9, 0xff, 0x20, 0x0, 0x0, 0x0, 0x0,
    0x8, 0x80, 0x0, 0x0, 0x0,

    /* U+F061 "" */
    0x0, 0x0, 0x0, 0x0, 0x0, 0x0, 0x0, 0x0,
    0x0, 0x9e, 0x30, 0x0, 0x0, 0x0, 0x0, 0xc,
    0xff, 0x30, 0x0, 0x0, 0x0, 0x0, 0x1c, 0xff,
    0x30, 0x0, 0x0, 0x0, 0x0, 0xc, 0xff, 0x30,
    0x2, 0x33, 0x33, 0x33, 0x4e, 0xff, 0x30, 0xff,
    0xff, 0xff, 0xff, 0xff, 0xff, 0x1d, 0xff, 0xff,
    0xff, 0xff, 0xff, 0xd0, 0x0, 0x0, 0x0, 0x2,
    0xef, 0xc1, 0x0, 0x0, 0x0, 0x3, 0xef, 0xc1,
    0x0, 0x0, 0x0, 0x3, 0xff, 0xc1, 0x0, 0x0,
    0x0, 0x0, 0xef, 0xc1, 0x0, 0x0, 0x0, 0x0,
    0x5, 0xa1, 0x0, 0x0, 0x0,

    /* U+F065 "" */
    0x79, 0x99, 0x30, 0x2, 0x99, 0x98, 0xf, 0xff,
    0xf5, 0x0, 0x4f, 0xff, 0xf1, 0xfc, 0x22, 0x0,
    0x0, 0x22, 0xbf, 0x1f, 0xc0, 0x0, 0x0, 0x0,
    0xa, 0xf1, 0xc8, 0x0, 0x0, 0x0, 0x0, 0x7c,
    0x0, 0x0, 0x0, 0x0, 0x0, 0x0, 0x0, 0x0,
    0x0, 0x0, 0x0, 0x0, 0x0, 0x0, 0x0, 0x0,
    0x0, 0x0, 0x0, 0x0, 0x64, 0x0, 0x0, 0x0,
    0x0, 0x46, 0xf, 0xc0, 0x0, 0x0, 0x0, 0xa,
    0xf1, 0xfc, 0x0, 0x0, 0x0, 0x0, 0xaf, 0x1f,
    0xfc, 0xc4, 0x0, 0x3c, 0xce, 0xf1, 0xdf, 0xff,
    0x50, 0x4, 0xff, 0xfd, 0x0,

    /* U+F067 "" */
    0x0, 0x0, 0x4, 0x50, 0x0, 0x0, 0x0, 0x0,
    0x2, 0xff, 0x60, 0x0, 0x0, 0x0, 0x0, 0x3f,
    0xf7, 0x0, 0x0, 0x0, 0x0, 0x3, 0xff, 0x70,
    0x0, 0x0, 0x0, 0x0, 0x3f, 0xf7, 0x0, 0x0,
    0x6, 0x99, 0x9a, 0xff, 0xc9, 0x99, 0x80, 0xff,
    0xff, 0xff, 0xff, 0xff, 0xff, 0x3d, 0xff, 0xff,
    0xff, 0xff, 0xff, 0xf2, 0x1, 0x11, 0x3f, 0xf7,
    0x11, 0x10, 0x0, 0x0, 0x3, 0xff, 0x70, 0x0,
    0x0, 0x0, 0x0, 0x3f, 0xf7, 0x0, 0x0, 0x0,
    0x0, 0x3, 0xff, 0x70, 0x0, 0x0, 0x0, 0x0,
    0xc, 0xd3, 0x0, 0x0, 0x0,

    /* U+F068 "" */
    0x69, 0x99, 0x99, 0x99, 0x99, 0x98, 0xf, 0xff,
    0xff, 0xff, 0xff, 0xff, 0xf3, 0xdf, 0xff, 0xff,
    0xff, 0xff, 0xff, 0x20, 0x0, 0x0, 0x0, 0x0,
    0x0, 0x0,

    /* U+F06E "" */
    0x0, 0x0, 0x1, 0x56, 0x64, 0x0, 0x0, 0x0,
    0x0, 0x3, 0xbf, 0xfe, 0xef, 0xf9, 0x10, 0x0,
    0x0, 0x7f, 0xfa, 0x10, 0x3, 0xdf, 0xe4, 0x0,
    0x8, 0xff, 0xa0, 0x9, 0xb4, 0x1e, 0xff, 0x50,
    0x4f, 0xff, 0x20, 0xb, 0xff, 0x26, 0xff, 0xe1,
    0xef, 0xff, 0x9, 0xcf, 0xff, 0x63, 0xff, 0xfa,
    0xbf, 0xff, 0x9, 0xff, 0xff, 0x54, 0xff, 0xf6,
    0x1e, 0xff, 0x51, 0xdf, 0xfb, 0x9, 0xff, 0xb0,
    0x3, 0xef, 0xe2, 0x4, 0x30, 0x5f, 0xfc, 0x10,
    0x0, 0x2c, 0xff, 0x95, 0x6a, 0xff, 0x90, 0x0,
    0x0, 0x0, 0x49, 0xdf, 0xfd, 0x92, 0x0, 0x0,

    /* U+F070 "" */
    0x0, 0x0, 0x0, 0x0, 0x0, 0x0, 0x0, 0x0,
    0x0, 0xcd, 0x20, 0x0, 0x0, 0x0, 0x0, 0x0,
    0x0, 0x0, 0x8f, 0xf5, 0x0, 0x14, 0x66, 0x40,
    0x0, 0x0, 0x0, 0x4, 0xef, 0xac, 0xff, 0xef,
    0xff, 0x91, 0x0, 0x0, 0x0, 0x1c, 0xff, 0xa1,
    0x0, 0x4d, 0xfe, 0x30, 0x0, 0x0, 0x0, 0x9f,
    0xf5, 0xab, 0x31, 0xef, 0xf4, 0x0, 0x7, 0xb1,
    0x5, 0xff, 0xff, 0xe1, 0x7f, 0xfe, 0x10, 0xf,
    0xfe, 0x30, 0x2d, 0xff, 0xf5, 0x4f, 0xff, 0x90,
    0xc, 0xff, 0xe0, 0x0, 0xaf, 0xf6, 0x5f, 0xff,
    0x60, 0x2, 0xff, 0xf4, 0x0, 0x6, 0xff, 0xef,
    0xfb, 0x0, 0x0, 0x4f, 0xfd, 0x10, 0x0, 0x3e,
    0xff, 0xc0, 0x0, 0x0, 0x2, 0xdf, 0xe8, 0x54,
    0x1, 0xbf, 0xe3, 0x0, 0x0, 0x0, 0x5, 0xae,
    0xff, 0x60, 0x7, 0xff, 0x60, 0x0, 0x0, 0x0,
    0x0, 0x0, 0x0, 0x0, 0x4e, 0xf6, 0x0, 0x0,
    0x0, 0x0, 0x0, 0x0, 0x0, 0x1, 0xa1,

    /* U+F071 "" */
    0x0, 0x0, 0x0, 0x0, 0x0, 0x0, 0x0, 0x0,
    0x0, 0x0, 0x0, 0x0, 0x3e, 0xd0, 0x0, 0x0,
    0x0, 0x0, 0x0, 0x0, 0xc, 0xff, 0x80, 0x0,
    0x0, 0x0, 0x0, 0x0, 0x6, 0xff, 0xff, 0x20,
    0x0, 0x0, 0x0, 0x0, 0x0, 0xef, 0xff, 0xfb,
    0x0, 0x0, 0x0, 0x0, 0x0, 0x8f, 0xfc, 0xcf,
    0xf4, 0x0, 0x0, 0x0, 0x0, 0x2f, 0xfb, 0x0,
    0xff, 0xd0, 0x0, 0x0, 0x0, 0xb, 0xff, 0xc0,
    0xf, 0xff, 0x70, 0x0, 0x0, 0x4, 0xff, 0xfd,
    0x1, 0xff, 0xff, 0x10, 0x0, 0x0, 0xdf, 0xff,
    0xe0, 0x2f, 0xff, 0xfa, 0x0, 0x0, 0x7f, 0xff,
    0xff, 0x9b, 0xff, 0xff, 0xf3, 0x0, 0x1f, 0xff,
    0xff, 0xb0, 0xe, 0xff, 0xff, 0xc0, 0xa, 0xff,
    0xff, 0xfe, 0x24, 0xff, 0xff, 0xff, 0x60, 0xff,
    0xff, 0xff, 0xff, 0xff, 0xff, 0xff, 0xfa, 0x6,
    0xcc, 0xcc, 0xcc, 0xcc, 0xcc, 0xcc, 0xcb, 0x30,

    /* U+F074 "" */
    0x0, 0x0, 0x0, 0x0, 0x0, 0x36, 0x0, 0x0,
    0x0, 0x0, 0x0, 0x0, 0x7f, 0x80, 0xdd, 0xdb,
    0x0, 0x0, 0x8d, 0xef, 0xf8, 0xff, 0xff, 0xb0,
    0x7, 0xff, 0xff, 0xfd, 0x55, 0x6f, 0xf4, 0x6f,
    0xf8, 0xaf, 0xe2, 0x0, 0x5, 0x74, 0xff, 0x90,
    0x7e, 0x20, 0x0, 0x0, 0x3f, 0xfa, 0x0, 0x0,
    0x0, 0x0, 0x2, 0xef, 0xc2, 0x50, 0x4a, 0x0,
    0x1, 0x2e, 0xfd, 0x1d, 0xf4, 0x8f, 0xb0, 0xff,
    0xff, 0xe1, 0xb, 0xff, 0xff, 0xfb, 0xff, 0xfe,
    0x20, 0x0, 0xcf, 0xff, 0xfb, 0x12, 0x21, 0x0,
    0x0, 0x2, 0x9f, 0xc0, 0x0, 0x0, 0x0, 0x0,
    0x0, 0x5b, 0x0,

    /* U+F077 "" */
    0x0, 0x0, 0x7, 0xa0, 0x0, 0x0, 0x0, 0x0,
    0x8, 0xff, 0xb0, 0x0, 0x0, 0x0, 0x8, 0xff,
    0xff, 0xb0, 0x0, 0x0, 0x8, 0xff, 0x95, 0xff,
    0xb0, 0x0, 0x8, 0xff, 0x90, 0x5, 0xff, 0xb0,
    0x7, 0xff, 0x90, 0x0, 0x5, 0xff, 0xb0, 0x9f,
    0x90, 0x0, 0x0, 0x5, 0xfd, 0x0, 0x40, 0x0,
    0x0, 0x0, 0x3, 0x10,

    /* U+F078 "" */
    0x4c, 0x20, 0x0, 0x0, 0x0, 0xb6, 0xb, 0xfe,
    0x20, 0x0, 0x0, 0xcf, 0xf0, 0x2e, 0xfe, 0x20,
    0x0, 0xcf, 0xf4, 0x0, 0x2e, 0xfe, 0x20, 0xcf,
    0xf4, 0x0, 0x0, 0x2e, 0xfe, 0xcf, 0xf4, 0x0,
    0x0, 0x0, 0x2e, 0xff, 0xf4, 0x0, 0x0, 0x0,
    0x0, 0x2e, 0xf4, 0x0, 0x0, 0x0, 0x0, 0x0,
    0x13, 0x0, 0x0, 0x0,

    /* U+F079 "" */
    0x0, 0x8, 0x30, 0x0, 0x0, 0x0, 0x0, 0x0,
    0x0, 0x0, 0xbf, 0xf3, 0x8, 0xbb, 0xbb, 0xbb,
    0x90, 0x0, 0xb, 0xff, 0xff, 0x39, 0xff, 0xff,
    0xff, 0xf1, 0x0, 0x8f, 0xcf, 0xcf, 0xf0, 0x0,
    0x0, 0xa, 0xf1, 0x0, 0x38, 0x2f, 0x94, 0x80,
    0x0, 0x0, 0xa, 0xf1, 0x0, 0x0, 0x2f, 0x90,
    0x0, 0x0, 0x0, 0xa, 0xf1, 0x0, 0x0, 0x2f,
    0x90, 0x0, 0x0, 0x3, 0xa, 0xf1, 0x30, 0x0,
    0x2f, 0x90, 0x0, 0x0, 0x1f, 0xcb, 0xf8, 0xf8,
    0x0, 0x2f, 0xeb, 0xbb, 0xbb, 0x39, 0xff, 0xff,
    0xe2, 0x0, 0x1f, 0xff, 0xff, 0xff, 0xb0, 0x9f,
    0xfd, 0x20, 0x0, 0x0, 0x0, 0x0, 0x0, 0x0,
    0x8, 0xd1, 0x0,

    /* U+F07B "" */
    0x37, 0x88, 0x87, 0x0, 0x0, 0x0, 0x0, 0xef,
    0xff, 0xff, 0xa0, 0x0, 0x0, 0x0, 0xff, 0xff,
    0xff, 0xfd, 0xcc, 0xcc, 0xb6, 0xff, 0xff, 0xff,
    0xff, 0xff, 0xff, 0xff, 0xff, 0xff, 0xff, 0xff,
    0xff, 0xff, 0xff, 0xff, 0xff, 0xff, 0xff, 0xff,
    0xff, 0xff, 0xff, 0xff, 0xff, 0xff, 0xff, 0xff,
    0xff, 0xff, 0xff, 0xff, 0xff, 0xff, 0xff, 0xff,
    0xff, 0xff, 0xff, 0xff, 0xff, 0xff, 0xff, 0xff,
    0xff, 0xff, 0xff, 0xff, 0xff, 0xff, 0xaf, 0xff,
    0xff, 0xff, 0xff, 0xff, 0xf9,

    /* U+F084 "" */
    0x0, 0x0, 0x0, 0x0, 0x23, 0x10, 0x0, 0x0,
    0x0, 0x0, 0x6e, 0xff, 0xfa, 0x10, 0x0, 0x0,
    0x8, 0xff, 0xff, 0xff, 0xd0, 0x0, 0x0, 0x2f,
    0xff, 0xf7, 0x7, 0xf8, 0x0, 0x0, 0x7f, 0xff,
    0xf4, 0x4, 0xfe, 0x0, 0x0, 0x9f, 0xff, 0xff,
    0xbf, 0xff, 0x0, 0x0, 0x7f, 0xff, 0xff, 0xff,
    0xfd, 0x0, 0x1, 0xdf, 0xff, 0xff, 0xff, 0xf8,
    0x0, 0x1d, 0xff, 0xff, 0xff, 0xff, 0xc0, 0x1,
    0xdf, 0xff, 0xff, 0xff, 0xf9, 0x0, 0x1d, 0xff,
    0xff, 0xfc, 0x22, 0x0, 0x0, 0xdf, 0xff, 0xff,
    0x20, 0x0, 0x0, 0x0, 0xff, 0xff, 0xdb, 0x0,
    0x0, 0x0, 0x0, 0xff, 0xff, 0x50, 0x0, 0x0,
    0x0, 0x0, 0x68, 0x88, 0x10, 0x0, 0x0, 0x0,
    0x0,

    /* U+F093 "" */
    0x0, 0x0, 0x0, 0x0, 0x0, 0x0, 0x0, 0x0,
    0x0, 0x1, 0xdd, 0x10, 0x0, 0x0, 0x0, 0x0,
    0x1d, 0xff, 0xd1, 0x0, 0x0, 0x0, 0x1, 0xdf,
    0xff, 0xfd, 0x10, 0x0, 0x0, 0x1d, 0xff, 0xff,
    0xff, 0xd1, 0x0, 0x0, 0x9f, 0xff, 0xff, 0xff,
    0xf9, 0x0, 0x0, 0x1, 0x1c, 0xff, 0xc1, 0x10,
    0x0, 0x0, 0x0, 0xc, 0xff, 0xc0, 0x0, 0x0,
    0x0, 0x0, 0xc, 0xff, 0xc0, 0x0, 0x0, 0x0,
    0x0, 0xc, 0xff, 0xc0, 0x0, 0x0, 0x79, 0x99,
    0x3b, 0xff, 0xb3, 0x99, 0x97, 0xff, 0xff, 0xb2,
    0x44, 0x2b, 0xff, 0xff, 0xff, 0xff, 0xfe, 0xdd,
    0xef, 0xff, 0xff, 0xff, 0xff, 0xff, 0xff, 0xfa,
    0xb3, 0xcf, 0xac, 0xcc, 0xcc, 0xcc, 0xcc, 0xcc,
    0xca,

    /* U+F0AC "" */
    0x0, 0x0, 0x0, 0x0, 0x0, 0x0, 0x0, 0x0,
    0x2, 0x53, 0xfa, 0x16, 0x0, 0x0, 0x0, 0x7f,
    0x2d, 0xff, 0x5a, 0xd2, 0x0, 0x7, 0xfd, 0x3f,
    0xff, 0xb5, 0xfd, 0x10, 0x2f, 0xf9, 0x7f, 0xff,
    0xf1, 0xff, 0xa0, 0x12, 0x21, 0x12, 0x22, 0x20,
    0x22, 0x20, 0xdf, 0xf5, 0xcf, 0xff, 0xf4, 0xdf,
    0xf5, 0xff, 0xf4, 0xdf, 0xff, 0xf5, 0xcf, 0xf7,
    0xdf, 0xf5, 0xcf, 0xff, 0xf5, 0xcf, 0xf6, 0x35,
    0x51, 0x35, 0x55, 0x51, 0x45, 0x51, 0x3d, 0xd7,
    0x7d, 0xdd, 0xd1, 0xdd, 0xa0, 0xa, 0xfc, 0x5f,
    0xff, 0xd3, 0xff, 0x30, 0x0, 0xbf, 0x2e, 0xff,
    0x78, 0xf5, 0x0, 0x0, 0x7, 0x67, 0xfe, 0x2a,
    0x20, 0x0, 0x0, 0x0, 0x0, 0x31, 0x0, 0x0,
    0x0,

    /* U+F0C1 "" */
    0x0, 0x0, 0x0, 0x0, 0x3, 0x20, 0x0, 0x0,
    0x0, 0x0, 0x7, 0xff, 0xfd, 0x40, 0x0, 0x0,
    0x0, 0x9f, 0xff, 0xff, 0xf3, 0x0, 0x0, 0x9,
    0xff, 0x80, 0x1c, 0xfb, 0x0, 0x0, 0x7f, 0xf7,
    0x0, 0x4, 0xff, 0x0, 0x0, 0xef, 0x83, 0x60,
    0x5, 0xff, 0x0, 0x41, 0xff, 0x2f, 0xf6, 0x1d,
    0xfb, 0x9, 0xf2, 0xff, 0x4a, 0xfe, 0x3f, 0xf2,
    0x6f, 0xf3, 0xbf, 0xe2, 0xff, 0x2e, 0x30, 0xdf,
    0xa0, 0x2e, 0xb3, 0xff, 0x10, 0x0, 0xff, 0x40,
    0x1, 0x1c, 0xfc, 0x0, 0x0, 0xef, 0x60, 0x1,
    0xcf, 0xf3, 0x0, 0x0, 0x9f, 0xf8, 0x6d, 0xff,
    0x40, 0x0, 0x0, 0xd, 0xff, 0xff, 0xf4, 0x0,
    0x0, 0x0, 0x0, 0x7c, 0xd9, 0x20, 0x0, 0x0,
    0x0,

    /* U+F0C4 "" */
    0x4, 0x86, 0x0, 0x0, 0x0, 0x10, 0x6, 0xff,
    0xfa, 0x0, 0x2, 0xdf, 0xd1, 0xef, 0x3c, 0xf1,
    0x1, 0xdf, 0xfa, 0xe, 0xe0, 0xaf, 0x21, 0xdf,
    0xfa, 0x0, 0x9f, 0xef, 0xf6, 0xdf, 0xfa, 0x0,
    0x0, 0x8d, 0xff, 0xff, 0xfb, 0x0, 0x0, 0x0,
    0x6, 0xff, 0xfd, 0x0, 0x0, 0x0, 0x48, 0xef,
    0xff, 0xf6, 0x0, 0x0, 0x6f, 0xff, 0xfb, 0xff,
    0xf6, 0x0, 0xe, 0xf3, 0xcf, 0x23, 0xff, 0xf6,
    0x0, 0xee, 0xa, 0xf2, 0x4, 0xff, 0xf6, 0x9,
    0xfe, 0xfc, 0x0, 0x4, 0xff, 0xf1, 0x8, 0xda,
    0x10, 0x0, 0x2, 0x62, 0x0,

    /* U+F0C5 "" */
    0x0, 0x0, 0x0, 0x0, 0x0, 0x0, 0x0, 0x0,
    0x6f, 0xff, 0xf9, 0x86, 0x0, 0x0, 0x8, 0xff,
    0xff, 0x98, 0xf6, 0x8, 0xa6, 0x8f, 0xff, 0xf9,
    0x59, 0x90, 0xff, 0xa8, 0xff, 0xff, 0xfc, 0xcc,
    0xf, 0xfa, 0x8f, 0xff, 0xff, 0xff, 0xf1, 0xff,
    0xa8, 0xff, 0xff, 0xff, 0xff, 0x1f, 0xfa, 0x8f,
    0xff, 0xff, 0xff, 0xf1, 0xff, 0xa8, 0xff, 0xff,
    0xff, 0xff, 0x1f, 0xfa, 0x8f, 0xff, 0xff, 0xff,
    0xf1, 0xff, 0xa8, 0xff, 0xff, 0xff, 0xff, 0x1f,
    0xfa, 0x7f, 0xff, 0xff, 0xff, 0xf0, 0xff, 0xe3,
    0x12, 0x22, 0x22, 0x21, 0xf, 0xff, 0xff, 0xff,
    0xf9, 0x0, 0x0, 0xac, 0xcc, 0xcc, 0xcb, 0x50,
    0x0, 0x0,

    /* U+F0C7 "" */
    0x49, 0x99, 0x99, 0x99, 0x95, 0x0, 0xe, 0xff,
    0xff, 0xff, 0xff, 0xf6, 0x0, 0xfd, 0x22, 0x22,
    0x22, 0x4f, 0xf6, 0xf, 0xc0, 0x0, 0x0, 0x1,
    0xff, 0xf3, 0xfc, 0x0, 0x0, 0x0, 0x1f, 0xff,
    0x6f, 0xc0, 0x0, 0x0, 0x2, 0xff, 0xf6, 0xff,
    0xff, 0xff, 0xff, 0xff, 0xff, 0x6f, 0xff, 0xff,
    0xdc, 0xff, 0xff, 0xf6, 0xff, 0xff, 0xb0, 0x5,
    0xff, 0xff, 0x6f, 0xff, 0xf6, 0x0, 0xf, 0xff,
    0xf6, 0xff, 0xff, 0xc0, 0x6, 0xff, 0xff, 0x6f,
    0xff, 0xff, 0xed, 0xff, 0xff, 0xf6, 0x9f, 0xff,
    0xff, 0xff, 0xff, 0xfd, 0x10,

    /* U+F0C9 "" */
    0xcd, 0xdd, 0xdd, 0xdd, 0xdd, 0xdd, 0x2f, 0xff,
    0xff, 0xff, 0xff, 0xff, 0xf3, 0x12, 0x22, 0x22,
    0x22, 0x22, 0x22, 0x0, 0x0, 0x0, 0x0, 0x0,
    0x0, 0x0, 0x0, 0x0, 0x0, 0x0, 0x0, 0x0,
    0xf, 0xff, 0xff, 0xff, 0xff, 0xff, 0xf3, 0xde,
    0xee, 0xee, 0xee, 0xee, 0xee, 0x20, 0x0, 0x0,
    0x0, 0x0, 0x0, 0x0, 0x0, 0x0, 0x0, 0x0,
    0x0, 0x0, 0xd, 0xee, 0xee, 0xee, 0xee, 0xee,
    0xe2, 0xff, 0xff, 0xff, 0xff, 0xff, 0xff, 0x30,
    0x0, 0x0, 0x0, 0x0, 0x0, 0x0,

    /* U+F0E0 "" */
    0x37, 0x88, 0x88, 0x88, 0x88, 0x88, 0x73, 0xef,
    0xff, 0xff, 0xff, 0xff, 0xff, 0xfe, 0xef, 0xff,
    0xff, 0xff, 0xff, 0xff, 0xfe, 0x1c, 0xff, 0xff,
    0xff, 0xff, 0xff, 0xc1, 0xd2, 0x8f, 0xff, 0xff,
    0xff, 0xf8, 0x2d, 0xff, 0x64, 0xef, 0xff, 0xfe,
    0x45, 0xff, 0xff, 0xfa, 0x2b, 0xff, 0xb2, 0xaf,
    0xff, 0xff, 0xff, 0xd3, 0x55, 0x3d, 0xff, 0xff,
    0xff, 0xff, 0xff, 0xbb, 0xff, 0xff, 0xff, 0xff,
    0xff, 0xff, 0xff, 0xff, 0xff, 0xff, 0xaf, 0xff,
    0xff, 0xff, 0xff, 0xff, 0xf9,

    /* U+F0E7 "" */
    0x0, 0x0, 0x0, 0x0, 0x0, 0x1, 0xff, 0xff,
    0xf0, 0x0, 0x4, 0xff, 0xff, 0xd0, 0x0, 0x6,
    0xff, 0xff, 0x80, 0x0, 0x8, 0xff, 0xff, 0x30,
    0x0, 0xa, 0xff, 0xff, 0xaa, 0xa6, 0xc, 0xff,
    0xff, 0xff, 0xf8, 0xe, 0xff, 0xff, 0xff, 0xe1,
    0xb, 0xdd, 0xdf, 0xff, 0x60, 0x0, 0x0, 0x4f,
    0xfd, 0x0, 0x0, 0x0, 0x7f, 0xf3, 0x0, 0x0,
    0x0, 0xbf, 0xa0, 0x0, 0x0, 0x0, 0xff, 0x10,
    0x0, 0x0, 0x3, 0xf8, 0x0, 0x0, 0x0, 0x3,
    0xc0, 0x0, 0x0,

    /* U+F0EA "" */
    0x0, 0x0, 0x20, 0x0, 0x0, 0x0, 0x4, 0x55,
    0xef, 0xb5, 0x52, 0x0, 0x0, 0xff, 0xfd, 0x1f,
    0xff, 0xb0, 0x0, 0xf, 0xff, 0xff, 0xff, 0xfc,
    0x0, 0x0, 0xff, 0xff, 0x53, 0x33, 0x20, 0x0,
    0xf, 0xff, 0x97, 0xff, 0xfb, 0x57, 0x0, 0xff,
    0xf8, 0xaf, 0xff, 0xc6, 0xf8, 0xf, 0xff, 0x8a,
    0xff, 0xfc, 0x4a, 0xa1, 0xff, 0xf8, 0xaf, 0xff,
    0xe3, 0x22, 0xf, 0xff, 0x8a, 0xff, 0xff, 0xff,
    0xf4, 0xff, 0xf8, 0xaf, 0xff, 0xff, 0xff, 0x4f,
    0xff, 0x8a, 0xff, 0xff, 0xff, 0xf4, 0x35, 0x52,
    0xaf, 0xff, 0xff, 0xff, 0x40, 0x0, 0xa, 0xff,
    0xff, 0xff, 0xf4, 0x0, 0x0, 0x7f, 0xff, 0xff,
    0xfe, 0x20,

    /* U+F0F3 "" */
    0x0, 0x0, 0x1, 0x10, 0x0, 0x0, 0x0, 0x0,
    0x0, 0xaf, 0x0, 0x0, 0x0, 0x0, 0x1, 0x8f,
    0xfa, 0x30, 0x0, 0x0, 0x2, 0xef, 0xff, 0xff,
    0x50, 0x0, 0x0, 0xbf, 0xff, 0xff, 0xff, 0x10,
    0x0, 0x1f, 0xff, 0xff, 0xff, 0xf5, 0x0, 0x3,
    0xff, 0xff, 0xff, 0xff, 0x70, 0x0, 0x5f, 0xff,
    0xff, 0xff, 0xf9, 0x0, 0x8, 0xff, 0xff, 0xff,
    0xff, 0xc0, 0x0, 0xdf, 0xff, 0xff, 0xff, 0xff,
    0x20, 0x9f, 0xff, 0xff, 0xff, 0xff, 0xfd, 0xe,
    0xff, 0xff, 0xff, 0xff, 0xff, 0xf2, 0x2, 0x22,
    0x22, 0x22, 0x22, 0x21, 0x0, 0x0, 0x8, 0xff,
    0xc0, 0x0, 0x0, 0x0, 0x0, 0x9, 0xa2, 0x0,
    0x0, 0x0,

    /* U+F108 "" */
    0x0, 0x0, 0x0, 0x0, 0x0, 0x0, 0x0, 0x0,
    0xaf, 0xff, 0xff, 0xff, 0xff, 0xff, 0xff, 0xf6,
    0xfe, 0xbb, 0xbb, 0xbb, 0xbb, 0xbb, 0xbb, 0xfb,
    0xfc, 0x0, 0x0, 0x0, 0x0, 0x0, 0x0, 0xfc,
    0xfc, 0x0, 0x0, 0x0, 0x0, 0x0, 0x0, 0xfc,
    0xfc, 0x0, 0x0, 0x0, 0x0, 0x0, 0x0, 0xfc,
    0xfc, 0x0, 0x0, 0x0, 0x0, 0x0, 0x0, 0xfc,
    0xfc, 0x0, 0x0, 0x0, 0x0, 0x0, 0x0, 0xfc,
    0xfc, 0x0, 0x0, 0x0, 0x0, 0x0, 0x0, 0xfc,
    0xfc, 0x0, 0x0, 0x0, 0x0, 0x0, 0x0, 0xfc,
    0xfe, 0xbb, 0xbb, 0xbb, 0xbb, 0xbb, 0xbb, 0xfb,
    0xaf, 0xff, 0xff, 0xff, 0xff, 0xff, 0xff, 0xf6,
    0x0, 0x0, 0x0, 0x9f, 0xf5, 0x0, 0x0, 0x0,
    0x0, 0x1, 0x55, 0xdf, 0xfb, 0x55, 0x0, 0x0,
    0x0, 0x5, 0xff, 0xff, 0xff, 0xfe, 0x10, 0x0,

    /* U+F11C "" */
    0x5b, 0xbb, 0xbb, 0xbb, 0xbb, 0xbb, 0xbb, 0xa3,
    0xff, 0xff, 0xff, 0xff, 0xff, 0xff, 0xff, 0xfb,
    0xfc, 0xc, 0x30, 0xe1, 0x1d, 0xd, 0x11, 0xfc,
    0xfc, 0xb, 0x30, 0xe0, 0x1d, 0xd, 0x10, 0xfc,
    0xff, 0xfe, 0xff, 0xef, 0xfe, 0xfe, 0xef, 0xfc,
    0xff, 0xf1, 0x5a, 0x8, 0x70, 0xa0, 0x5f, 0xfc,
    0xff, 0xf3, 0x7b, 0x29, 0x92, 0xc2, 0x7f, 0xfc,
    0xff, 0xbf, 0xcb, 0xbb, 0xbb, 0xbf, 0xcb, 0xfc,
    0xfc, 0xb, 0x20, 0x0, 0x0, 0xd, 0x0, 0xfc,
    0xff, 0xcf, 0xcc, 0xcc, 0xcc, 0xcf, 0xcc, 0xfb,
    0x9f, 0xff, 0xff, 0xff, 0xff, 0xff, 0xff, 0xf6,

    /* U+F124 "" */
    0x0, 0x0, 0x0, 0x0, 0x0, 0x0, 0x2, 0x0,
    0x0, 0x0, 0x0, 0x0, 0x0, 0x5, 0xdf, 0xb0,
    0x0, 0x0, 0x0, 0x0, 0x7, 0xef, 0xff, 0xd0,
    0x0, 0x0, 0x0, 0x18, 0xff, 0xff, 0xff, 0x70,
    0x0, 0x0, 0x29, 0xff, 0xff, 0xff, 0xff, 0x0,
    0x0, 0x3b, 0xff, 0xff, 0xff, 0xff, 0xf8, 0x0,
    0xa, 0xff, 0xff, 0xff, 0xff, 0xff, 0xf1, 0x0,
    0xf, 0xff, 0xff, 0xff, 0xff, 0xff, 0xa0, 0x0,
    0x4, 0x9a, 0xaa, 0xaf, 0xff, 0xff, 0x20, 0x0,
    0x0, 0x0, 0x0, 0xe, 0xff, 0xfb, 0x0, 0x0,
    0x0, 0x0, 0x0, 0xe, 0xff, 0xf4, 0x0, 0x0,
    0x0, 0x0, 0x0, 0xe, 0xff, 0xc0, 0x0, 0x0,
    0x0, 0x0, 0x0, 0xe, 0xff, 0x50, 0x0, 0x0,
    0x0, 0x0, 0x0, 0xd, 0xfd, 0x0, 0x0, 0x0,
    0x0, 0x0, 0x0, 0x4, 0xb3, 0x0, 0x0, 0x0,

    /* U+F128 "" */
    0x0, 0x0, 0x1, 0x0, 0x0, 0x0, 0x4, 0xcf,
    0xff, 0xb2, 0x0, 0x6, 0xff, 0xff, 0xff, 0xf4,
    0x2, 0xff, 0xfd, 0xbf, 0xff, 0xe0, 0xa, 0xf8,
    0x0, 0x1f, 0xff, 0x40, 0x2, 0x0, 0x1, 0xef,
    0xf4, 0x0, 0x0, 0x5, 0xef, 0xff, 0x0, 0x0,
    0x9, 0xff, 0xff, 0x40, 0x0, 0x3, 0xff, 0xfb,
    0x10, 0x0, 0x0, 0x5f, 0xfe, 0x0, 0x0, 0x0,
    0x0, 0x44, 0x20, 0x0, 0x0, 0x0, 0x2d, 0xf7,
    0x0, 0x0, 0x0, 0x9, 0xff, 0xf1, 0x0, 0x0,
    0x0, 0x7f, 0xff, 0x0, 0x0, 0x0, 0x0, 0x8b,
    0x30, 0x0, 0x0,

    /* U+F15B "" */
    0x35, 0x55, 0x55, 0x2, 0x0, 0xf, 0xff, 0xff,
    0xf2, 0xf4, 0x0, 0xff, 0xff, 0xff, 0x2f, 0xf4,
    0xf, 0xff, 0xff, 0xf2, 0xff, 0xf3, 0xff, 0xff,
    0xff, 0x32, 0x22, 0x1f, 0xff, 0xff, 0xff, 0xff,
    0xf7, 0xff, 0xff, 0xff, 0xff, 0xff, 0x8f, 0xff,
    0xff, 0xff, 0xff, 0xf8, 0xff, 0xff, 0xff, 0xff,
    0xff, 0x8f, 0xff, 0xff, 0xff, 0xff, 0xf8, 0xff,
    0xff, 0xff, 0xff, 0xff, 0x8f, 0xff, 0xff, 0xff,
    0xff, 0xf8, 0xff, 0xff, 0xff, 0xff, 0xff, 0x8f,
    0xff, 0xff, 0xff, 0xff, 0xf8, 0x8a, 0xaa, 0xaa,
    0xaa, 0xaa, 0x30,

    /* U+F1EB "" */
    0x0, 0x0, 0x0, 0x24, 0x55, 0x31, 0x0, 0x0,
    0x0, 0x0, 0x3, 0xaf, 0xff, 0xff, 0xff, 0xc7,
    0x0, 0x0, 0x2, 0xbf, 0xff, 0xfe, 0xde, 0xff,
    0xff, 0xf6, 0x0, 0x5f, 0xff, 0xb5, 0x10, 0x0,
    0x3, 0x8e, 0xff, 0xb0, 0xdf, 0xd3, 0x0, 0x0,
    0x0, 0x0, 0x0, 0x8f, 0xf5, 0x18, 0x0, 0x5,
    0xae, 0xfe, 0xc8, 0x10, 0x4, 0x60, 0x0, 0x2,
    0xdf, 0xff, 0xff, 0xff, 0xf8, 0x0, 0x0, 0x0,
    0xc, 0xff, 0x95, 0x34, 0x7d, 0xff, 0x40, 0x0,
    0x0, 0x2, 0xa2, 0x0, 0x0, 0x0, 0x77, 0x0,
    0x0, 0x0, 0x0, 0x0, 0x2, 0x96, 0x0, 0x0,
    0x0, 0x0, 0x0, 0x0, 0x0, 0xd, 0xff, 0x50,
    0x0, 0x0, 0x0, 0x0, 0x0, 0x0, 0xe, 0xff,
    0x60, 0x0, 0x0, 0x0, 0x0, 0x0, 0x0, 0x5,
    0xda, 0x0, 0x0, 0x0, 0x0,

    /* U+F21B "" */
    0x0, 0x0, 0x10, 0x1, 0x0, 0x0, 0x0, 0x0,
    0x4f, 0xdb, 0xf8, 0x0, 0x0, 0x0, 0xd, 0xff,
    0xff, 0xf1, 0x0, 0x0, 0x38, 0xff, 0xff, 0xff,
    0xb4, 0x0, 0xd, 0xff, 0xff, 0xff, 0xff, 0xe3,
    0x0, 0x6, 0xb6, 0x78, 0x69, 0xa0, 0x0, 0x0,
    0x2e, 0x27, 0xa1, 0xc5, 0x0, 0x0, 0xcf, 0xff,
    0xff, 0xff, 0xff, 0x10, 0x7, 0xff, 0xff, 0xff,
    0xff, 0xc0, 0x0, 0x9f, 0xd3, 0xef, 0x69, 0xfc,
    0x10, 0x7f, 0xff, 0x17, 0xb0, 0xcf, 0xfa, 0xd,
    0xff, 0xf4, 0x8c, 0xf, 0xff, 0xf1, 0xff, 0xff,
    0x7c, 0xf4, 0xff, 0xff, 0x3f, 0xff, 0xfc, 0xff,
    0xcf, 0xff, 0xf3, 0x8d, 0xdd, 0xdd, 0xdd, 0xdd,
    0xda, 0x0,

    /* U+F240 "" */
    0x5b, 0xbb, 0xbb, 0xbb, 0xbb, 0xbb, 0xbb, 0xba,
    0x20, 0xff, 0xff, 0xff, 0xff, 0xff, 0xff, 0xff,
    0xff, 0x90, 0xfc, 0x12, 0x22, 0x22, 0x22, 0x22,
    0x22, 0xf, 0xf7, 0xfc, 0x5f, 0xff, 0xff, 0xff,
    0xff, 0xff, 0x2c, 0xfa, 0xfc, 0x5f, 0xff, 0xff,
    0xff, 0xff, 0xff, 0x21, 0xfa, 0xfc, 0x5f, 0xff,
    0xff, 0xff, 0xff, 0xff, 0x27, 0xfa, 0xfc, 0x26,
    0x66, 0x66, 0x66, 0x66, 0x66, 0x1f, 0xfa, 0xfe,
    0xbb, 0xbb, 0xbb, 0xbb, 0xbb, 0xbb, 0xbf, 0xb1,
    0xaf, 0xff, 0xff, 0xff, 0xff, 0xff, 0xff, 0xff,
    0x50, 0x0, 0x0, 0x0, 0x0, 0x0, 0x0, 0x0,
    0x0, 0x0,

    /* U+F241 "" */
    0x5b, 0xbb, 0xbb, 0xbb, 0xbb, 0xbb, 0xbb, 0xba,
    0x20, 0xff, 0xff, 0xff, 0xff, 0xff, 0xff, 0xff,
    0xff, 0x90, 0xfc, 0x12, 0x22, 0x22, 0x22, 0x21,
    0x0, 0xf, 0xf7, 0xfc, 0x5f, 0xff, 0xff, 0xff,
    0xf8, 0x0, 0xc, 0xfa, 0xfc, 0x5f, 0xff, 0xff,
    0xff, 0xf8, 0x0, 0x1, 0xfa, 0xfc, 0x5f, 0xff,
    0xff, 0xff, 0xf8, 0x0, 0x7, 0xfa, 0xfc, 0x26,
    0x66, 0x66, 0x66, 0x63, 0x0, 0xf, 0xfa, 0xfe,
    0xbb, 0xbb, 0xbb, 0xbb, 0xbb, 0xbb, 0xbf, 0xb1,
    0xaf, 0xff, 0xff, 0xff, 0xff, 0xff, 0xff, 0xff,
    0x50, 0x0, 0x0, 0x0, 0x0, 0x0, 0x0, 0x0,
    0x0, 0x0,

    /* U+F242 "" */
    0x5b, 0xbb, 0xbb, 0xbb, 0xbb, 0xbb, 0xbb, 0xba,
    0x20, 0xff, 0xff, 0xff, 0xff, 0xff, 0xff, 0xff,
    0xff, 0x90, 0xfc, 0x12, 0x22, 0x22, 0x10, 0x0,
    0x0, 0xf, 0xf7, 0xfc, 0x5f, 0xff, 0xff, 0xd0,
    0x0, 0x0, 0xc, 0xfa, 0xfc, 0x5f, 0xff, 0xff,
    0xd0, 0x0, 0x0, 0x1, 0xfa, 0xfc, 0x5f, 0xff,
    0xff, 0xd0, 0x0, 0x0, 0x7, 0xfa, 0xfc, 0x26,
    0x66, 0x66, 0x50, 0x0, 0x0, 0xf, 0xfa, 0xfe,
    0xbb, 0xbb, 0xbb, 0xbb, 0xbb, 0xbb, 0xbf, 0xb1,
    0xaf, 0xff, 0xff, 0xff, 0xff, 0xff, 0xff, 0xff,
    0x50, 0x0, 0x0, 0x0, 0x0, 0x0, 0x0, 0x0,
    0x0, 0x0,

    /* U+F243 "" */
    0x5b, 0xbb, 0xbb, 0xbb, 0xbb, 0xbb, 0xbb, 0xba,
    0x20, 0xff, 0xff, 0xff, 0xff, 0xff, 0xff, 0xff,
    0xff, 0x90, 0xfc, 0x12, 0x22, 0x0, 0x0, 0x0,
    0x0, 0xf, 0xf7, 0xfc, 0x5f, 0xff, 0x30, 0x0,
    0x0, 0x0, 0xc, 0xfa, 0xfc, 0x5f, 0xff, 0x30,
    0x0, 0x0, 0x0, 0x1, 0xfa, 0xfc, 0x5f, 0xff,
    0x30, 0x0, 0x0, 0x0, 0x7, 0xfa, 0xfc, 0x26,
    0x66, 0x10, 0x0, 0x0, 0x0, 0xf, 0xfa, 0xfe,
    0xbb, 0xbb, 0xbb, 0xbb, 0xbb, 0xbb, 0xbf, 0xb1,
    0xaf, 0xff, 0xff, 0xff, 0xff, 0xff, 0xff, 0xff,
    0x50, 0x0, 0x0, 0x0, 0x0, 0x0, 0x0, 0x0,
    0x0, 0x0,

    /* U+F244 "" */
    0x5b, 0xbb, 0xbb, 0xbb, 0xbb, 0xbb, 0xbb, 0xba,
    0x20, 0xff, 0xff, 0xff, 0xff, 0xff, 0xff, 0xff,
    0xff, 0x90, 0xfc, 0x0, 0x0, 0x0, 0x0, 0x0,
    0x0, 0xf, 0xf7, 0xfc, 0x0, 0x0, 0x0, 0x0,
    0x0, 0x0, 0xc, 0xfa, 0xfc, 0x0, 0x0, 0x0,
    0x0, 0x0, 0x0, 0x1, 0xfa, 0xfc, 0x0, 0x0,
    0x0, 0x0, 0x0, 0x0, 0x7, 0xfa, 0xfc, 0x0,
    0x0, 0x0, 0x0, 0x0, 0x0, 0xf, 0xfa, 0xfe,
    0xbb, 0xbb, 0xbb, 0xbb, 0xbb, 0xbb, 0xbf, 0xb1,
    0xaf, 0xff, 0xff, 0xff, 0xff, 0xff, 0xff, 0xff,
    0x50, 0x0, 0x0, 0x0, 0x0, 0x0, 0x0, 0x0,
    0x0, 0x0,

    /* U+F287 "" */
    0x0, 0x0, 0x0, 0x0, 0x7, 0xb2, 0x0, 0x0,
    0x0, 0x0, 0x0, 0x0, 0xa, 0xdf, 0xfa, 0x0,
    0x0, 0x0, 0x0, 0x0, 0x0, 0xa9, 0x3d, 0xf5,
    0x0, 0x0, 0x0, 0x4, 0x40, 0x2, 0xe0, 0x0,
    0x10, 0x0, 0x0, 0x0, 0xaf, 0xf8, 0xb, 0x60,
    0x0, 0x0, 0x0, 0x6c, 0x30, 0xff, 0xff, 0xff,
    0xff, 0xff, 0xff, 0xff, 0xff, 0xf4, 0xaf, 0xf9,
    0x0, 0xc, 0x50, 0x0, 0x0, 0x6d, 0x40, 0x5,
    0x50, 0x0, 0x4, 0xc0, 0x0, 0x0, 0x10, 0x0,
    0x0, 0x0, 0x0, 0x0, 0xc4, 0x3e, 0xe8, 0x0,
    0x0, 0x0, 0x0, 0x0, 0x0, 0x2e, 0xef, 0xfa,
    0x0, 0x0, 0x0, 0x0, 0x0, 0x0, 0x0, 0x4f,
    0xfa, 0x0, 0x0, 0x0, 0x0, 0x0, 0x0, 0x0,
    0x0, 0x0, 0x0, 0x0,

    /* U+F293 "" */
    0x0, 0x0, 0x1, 0x10, 0x0, 0x0, 0x0, 0x7,
    0xef, 0xff, 0xb3, 0x0, 0x0, 0xaf, 0xfd, 0x8f,
    0xff, 0x20, 0x4, 0xff, 0xfd, 0x9, 0xff, 0xb0,
    0xa, 0xfe, 0xfd, 0x12, 0xaf, 0xf0, 0xe, 0xf5,
    0x5d, 0x2c, 0xe, 0xf3, 0xf, 0xff, 0x33, 0x12,
    0x9f, 0xf5, 0xf, 0xff, 0xf3, 0x7, 0xff, 0xf6,
    0xf, 0xff, 0xe2, 0x6, 0xff, 0xf6, 0xf, 0xfe,
    0x24, 0x13, 0x7f, 0xf5, 0xd, 0xf5, 0x7d, 0x2c,
    0xd, 0xf3, 0xa, 0xff, 0xfd, 0x11, 0xbf, 0xf0,
    0x3, 0xff, 0xfe, 0xb, 0xff, 0xa0, 0x0, 0x7f,
    0xfe, 0xbf, 0xfe, 0x10, 0x0, 0x3, 0xac, 0xdc,
    0x81, 0x0,

    /* U+F2ED "" */
    0x0, 0x0, 0x34, 0x43, 0x0, 0x0, 0x5, 0x66,
    0x7f, 0xff, 0xf9, 0x66, 0x50, 0xff, 0xff, 0xff,
    0xff, 0xff, 0xff, 0x35, 0x66, 0x66, 0x66, 0x66,
    0x66, 0x50, 0x1c, 0xcc, 0xcc, 0xcc, 0xcc, 0xc4,
    0x2, 0xff, 0xff, 0xff, 0xff, 0xff, 0x60, 0x2f,
    0xf3, 0xfb, 0x7f, 0x6d, 0xf6, 0x2, 0xff, 0x2f,
    0xb7, 0xf5, 0xdf, 0x60, 0x2f, 0xf2, 0xfb, 0x7f,
    0x5d, 0xf6, 0x2, 0xff, 0x2f, 0xb7, 0xf5, 0xdf,
    0x60, 0x2f, 0xf2, 0xfb, 0x7f, 0x5d, 0xf6, 0x2,
    0xff, 0x2f, 0xb7, 0xf5, 0xdf, 0x60, 0x2f, 0xf3,
    0xfb, 0x7f, 0x6d, 0xf6, 0x1, 0xff, 0xff, 0xff,
    0xff, 0xff, 0x50, 0x7, 0xbc, 0xcc, 0xcc, 0xcc,
    0x90, 0x0,

    /* U+F304 "" */
    0x0, 0x0, 0x0, 0x0, 0x0, 0x1, 0x20, 0x0,
    0x0, 0x0, 0x0, 0x0, 0x4, 0xff, 0x50, 0x0,
    0x0, 0x0, 0x0, 0x2, 0xff, 0xff, 0x50, 0x0,
    0x0, 0x0, 0x4, 0x39, 0xff, 0xfe, 0x0, 0x0,
    0x0, 0x4, 0xff, 0x39, 0xff, 0xa0, 0x0, 0x0,
    0x4, 0xff, 0xff, 0x39, 0xb0, 0x0, 0x0, 0x4,
    0xff, 0xff, 0xff, 0x20, 0x0, 0x0, 0x4, 0xff,
    0xff, 0xff, 0xb0, 0x0, 0x0, 0x4, 0xff, 0xff,
    0xff, 0xb0, 0x0, 0x0, 0x4, 0xff, 0xff, 0xff,
    0xb0, 0x0, 0x0, 0x4, 0xff, 0xff, 0xff, 0xb0,
    0x0, 0x0, 0x0, 0xbf, 0xff, 0xff, 0xb0, 0x0,
    0x0, 0x0, 0xd, 0xff, 0xff, 0xb0, 0x0, 0x0,
    0x0, 0x0, 0xff, 0xff, 0xb0, 0x0, 0x0, 0x0,
    0x0, 0x9, 0xa8, 0x60, 0x0, 0x0, 0x0, 0x0,
    0x0,

    /* U+F3CD "" */
    0x3, 0x44, 0x44, 0x43, 0xc, 0xff, 0xff, 0xff,
    0xfb, 0xf6, 0x11, 0x11, 0x17, 0xef, 0x50, 0x0,
    0x0, 0x6e, 0xf5, 0x0, 0x0, 0x6, 0xef, 0x50,
    0x0, 0x0, 0x6e, 0xf5, 0x0, 0x0, 0x6, 0xef,
    0x50, 0x0, 0x0, 0x6e, 0xf5, 0x0, 0x0, 0x6,
    0xef, 0x50, 0x0, 0x0, 0x6e, 0xf5, 0x0, 0x0,
    0x6, 0xef, 0xee, 0xee, 0xee, 0xfe, 0xff, 0xfb,
    0xc, 0xff, 0xef, 0xff, 0xb0, 0xcf, 0xfe, 0x8d,
    0xee, 0xee, 0xed, 0x70,

    /* U+F3ED "" */
    0x0, 0x0, 0x0, 0x11, 0x0, 0x0, 0x0, 0x0,
    0x0, 0x4b, 0xff, 0xb4, 0x0, 0x0, 0x1, 0x7d,
    0xff, 0xfb, 0xff, 0xe7, 0x10, 0x4f, 0xff, 0xff,
    0xf0, 0x29, 0xff, 0xf3, 0x8f, 0xff, 0xff, 0xf0,
    0x0, 0x8, 0xf8, 0x7f, 0xff, 0xff, 0xf0, 0x0,
    0x4, 0xf7, 0x5f, 0xff, 0xff, 0xf0, 0x0, 0x6,
    0xf5, 0x2f, 0xff, 0xff, 0xf0, 0x0, 0xa, 0xf2,
    0xd, 0xff, 0xff, 0xf0, 0x0, 0xf, 0xd0, 0x7,
    0xff, 0xff, 0xf0, 0x0, 0x7f, 0x70, 0x0, 0xef,
    0xff, 0xf0, 0x2, 0xfd, 0x0, 0x0, 0x4f, 0xff,
    0xf0, 0x2e, 0xf3, 0x0, 0x0, 0x7, 0xff, 0xf5,
    0xef, 0x70, 0x0, 0x0, 0x0, 0x6f, 0xff, 0xf6,
    0x0, 0x0, 0x0, 0x0, 0x2, 0x99, 0x20, 0x0,
    0x0,

    /* U+F55A "" */
    0x0, 0x0, 0x17, 0x88, 0x88, 0x88, 0x88, 0x87,
    0x40, 0x0, 0x2, 0xef, 0xff, 0xff, 0xff, 0xff,
    0xff, 0xf4, 0x0, 0x3e, 0xff, 0xff, 0xcf, 0xff,
    0xcf, 0xff, 0xf7, 0x3, 0xef, 0xff, 0xf9, 0x8,
    0xf8, 0x9, 0xff, 0xf8, 0x3e, 0xff, 0xff, 0xfe,
    0x20, 0x40, 0x2e, 0xff, 0xf8, 0xdf, 0xff, 0xff,
    0xff, 0xe1, 0x1, 0xef, 0xff, 0xf8, 0x9f, 0xff,
    0xff, 0xff, 0x80, 0x0, 0x8f, 0xff, 0xf8, 0x9,
    0xff, 0xff, 0xf9, 0x2, 0xc2, 0x9, 0xff, 0xf8,
    0x0, 0x9f, 0xff, 0xfe, 0x4e, 0xfe, 0x4e, 0xff,
    0xf8, 0x0, 0x9, 0xff, 0xff, 0xff, 0xff, 0xff,
    0xff, 0xf7, 0x0, 0x0, 0x8f, 0xff, 0xff, 0xff,
    0xff, 0xff, 0xc1,

    /* U+F573 "" */
    0x24, 0x44, 0x44, 0x1, 0x0, 0x0, 0x0, 0x0,
    0xff, 0xff, 0xff, 0x2f, 0x30, 0x0, 0x0, 0x0,
    0xff, 0xff, 0xff, 0x2f, 0xf3, 0x0, 0x0, 0x0,
    0xff, 0xff, 0xff, 0x2f, 0xff, 0x30, 0x0, 0x0,
    0xff, 0xff, 0xff, 0x24, 0x44, 0x10, 0x5, 0x90,
    0xff, 0xff, 0xff, 0xfe, 0xee, 0x70, 0xb, 0xf9,
    0xff, 0xff, 0xff, 0xff, 0xff, 0x55, 0xd2, 0xb5,
    0xff, 0xff, 0xff, 0xff, 0xf6, 0x6f, 0xfd, 0x0,
    0xff, 0xff, 0xff, 0xff, 0x66, 0xff, 0xf5, 0x0,
    0xff, 0xff, 0xff, 0xf6, 0x6f, 0xff, 0x60, 0x0,
    0xff, 0xf5, 0x7f, 0xf1, 0xff, 0xf6, 0x0, 0x0,
    0xff, 0xe2, 0x15, 0xb2, 0xff, 0x60, 0x0, 0x0,
    0xfe, 0x29, 0x68, 0x30, 0x21, 0x0, 0x0, 0x0,
    0xff, 0xff, 0xff, 0xff, 0xff, 0x80, 0x0, 0x0,
    0xac, 0xcc, 0xcc, 0xcc, 0xcb, 0x40, 0x0, 0x0,

    /* U+F7C2 "" */
    0x0, 0x0, 0x0, 0x0, 0x0, 0x0, 0x3, 0xef,
    0xff, 0xff, 0xe2, 0x3, 0xfb, 0xfb, 0xce, 0xbf,
    0xa4, 0xff, 0x1d, 0x3, 0xa1, 0xfa, 0xff, 0xf1,
    0xd0, 0x3a, 0x1f, 0xaf, 0xff, 0xff, 0xff, 0xff,
    0xfa, 0xff, 0xff, 0xff, 0xff, 0xff, 0xaf, 0xff,
    0xff, 0xff, 0xff, 0xfa, 0xff, 0xff, 0xff, 0xff,
    0xff, 0xaf, 0xff, 0xff, 0xff, 0xff, 0xfa, 0xff,
    0xff, 0xff, 0xff, 0xff, 0xaf, 0xff, 0xff, 0xff,
    0xff, 0xfa, 0xff, 0xff, 0xff, 0xff, 0xff, 0xad,
    0xff, 0xff, 0xff, 0xff, 0xf8, 0x29, 0xaa, 0xaa,
    0xaa, 0xa8, 0x0,

    /* U+F8A2 "" */
    0x0, 0x0, 0x0, 0x0, 0x0, 0x0, 0x3, 0x0,
    0x0, 0x0, 0x0, 0x0, 0x0, 0x4, 0xf1, 0x0,
    0x8, 0x20, 0x0, 0x0, 0x1, 0xff, 0x10, 0xb,
    0xf7, 0x0, 0x0, 0x0, 0x2f, 0xf1, 0xc, 0xff,
    0x94, 0x44, 0x44, 0x45, 0xff, 0x1b, 0xff, 0xff,
    0xff, 0xff, 0xff, 0xff, 0xf1, 0x8f, 0xff, 0xff,
    0xff, 0xff, 0xff, 0xfd, 0x0, 0x7f, 0xf7, 0x0,
    0x0, 0x0, 0x0, 0x0, 0x0, 0x6f, 0x60, 0x0,
    0x0, 0x0, 0x0, 0x0, 0x0, 0x30, 0x0, 0x0,
    0x0, 0x0, 0x0
};


/*---------------------
 *  GLYPH DESCRIPTION
 *--------------------*/

static const lv_font_fmt_txt_glyph_dsc_t glyph_dsc[] = {
    {.bitmap_index = 0, .adv_w = 0, .box_w = 0, .box_h = 0, .ofs_x = 0, .ofs_y = 0} /* id = 0 reserved */,
    {.bitmap_index = 0, .adv_w = 60, .box_w = 0, .box_h = 0, .ofs_x = 0, .ofs_y = 0},
    {.bitmap_index = 0, .adv_w = 60, .box_w = 3, .box_h = 10, .ofs_x = 0, .ofs_y = 0},
    {.bitmap_index = 15, .adv_w = 88, .box_w = 5, .box_h = 4, .ofs_x = 0, .ofs_y = 6},
    {.bitmap_index = 25, .adv_w = 157, .box_w = 9, .box_h = 10, .ofs_x = 1, .ofs_y = 0},
    {.bitmap_index = 70, .adv_w = 139, .box_w = 9, .box_h = 15, .ofs_x = 0, .ofs_y = -2},
    {.bitmap_index = 138, .adv_w = 189, .box_w = 13, .box_h = 10, .ofs_x = 0, .ofs_y = 0},
    {.bitmap_index = 203, .adv_w = 154, .box_w = 10, .box_h = 11, .ofs_x = 0, .ofs_y = -1},
    {.bitmap_index = 258, .adv_w = 47, .box_w = 3, .box_h = 4, .ofs_x = 0, .ofs_y = 6},
    {.bitmap_index = 264, .adv_w = 75, .box_w = 4, .box_h = 14, .ofs_x = 1, .ofs_y = -3},
    {.bitmap_index = 292, .adv_w = 76, .box_w = 4, .box_h = 14, .ofs_x = 0, .ofs_y = -3},
    {.bitmap_index = 320, .adv_w = 90, .box_w = 7, .box_h = 6, .ofs_x = 0, .ofs_y = 5},
    {.bitmap_index = 341, .adv_w = 130, .box_w = 6, .box_h = 7, .ofs_x = 1, .ofs_y = 2},
    {.bitmap_index = 362, .adv_w = 51, .box_w = 3, .box_h = 4, .ofs_x = 0, .ofs_y = -2},
    {.bitmap_index = 368, .adv_w = 86, .box_w = 4, .box_h = 3, .ofs_x = 1, .ofs_y = 3},
    {.bitmap_index = 374, .adv_w = 51, .box_w = 3, .box_h = 3, .ofs_x = 0, .ofs_y = 0},
    {.bitmap_index = 379, .adv_w = 79, .box_w = 7, .box_h = 14, .ofs_x = -1, .ofs_y = -1},
    {.bitmap_index = 428, .adv_w = 149, .box_w = 10, .box_h = 10, .ofs_x = 0, .ofs_y = 0},
    {.bitmap_index = 478, .adv_w = 83, .box_w = 5, .box_h = 10, .ofs_x = 0, .ofs_y = 0},
    {.bitmap_index = 503, .adv_w = 129, .box_w = 9, .box_h = 10, .ofs_x = 0, .ofs_y = 0},
    {.bitmap_index = 548, .adv_w = 128, .box_w = 9, .box_h = 10, .ofs_x = 0, .ofs_y = 0},
    {.bitmap_index = 593, .adv_w = 150, .box_w = 9, .box_h = 10, .ofs_x = 1, .ofs_y = 0},
    {.bitmap_index = 638, .adv_w = 129, .box_w = 9, .box_h = 10, .ofs_x = -1, .ofs_y = 0},
    {.bitmap_index = 683, .adv_w = 138, .box_w = 9, .box_h = 10, .ofs_x = 0, .ofs_y = 0},
    {.bitmap_index = 728, .adv_w = 134, .box_w = 9, .box_h = 10, .ofs_x = 0, .ofs_y = 0},
    {.bitmap_index = 773, .adv_w = 144, .box_w = 9, .box_h = 10, .ofs_x = 0, .ofs_y = 0},
    {.bitmap_index = 818, .adv_w = 138, .box_w = 9, .box_h = 10, .ofs_x = 0, .ofs_y = 0},
    {.bitmap_index = 863, .adv_w = 51, .box_w = 3, .box_h = 8, .ofs_x = 0, .ofs_y = 0},
    {.bitmap_index = 875, .adv_w = 51, .box_w = 3, .box_h = 10, .ofs_x = 0, .ofs_y = -2},
    {.bitmap_index = 890, .adv_w = 130, .box_w = 7, .box_h = 8, .ofs_x = 1, .ofs_y = 1},
    {.bitmap_index = 918, .adv_w = 130, .box_w = 6, .box_h = 6, .ofs_x = 1, .ofs_y = 2},
    {.bitmap_index = 936, .adv_w = 130, .box_w = 7, .box_h = 8, .ofs_x = 1, .ofs_y = 1},
    {.bitmap_index = 964, .adv_w = 128, .box_w = 9, .box_h = 10, .ofs_x = -1, .ofs_y = 0},
    {.bitmap_index = 1009, .adv_w = 232, .box_w = 15, .box_h = 13, .ofs_x = 0, .ofs_y = -3},
    {.bitmap_index = 1107, .adv_w = 164, .box_w = 12, .box_h = 10, .ofs_x = -1, .ofs_y = 0},
    {.bitmap_index = 1167, .adv_w = 170, .box_w = 10, .box_h = 10, .ofs_x = 1, .ofs_y = 0},
    {.bitmap_index = 1217, .adv_w = 162, .box_w = 10, .box_h = 10, .ofs_x = 0, .ofs_y = 0},
    {.bitmap_index = 1267, .adv_w = 185, .box_w = 11, .box_h = 10, .ofs_x = 1, .ofs_y = 0},
    {.bitmap_index = 1322, .adv_w = 150, .box_w = 8, .box_h = 10, .ofs_x = 1, .ofs_y = 0},
    {.bitmap_index = 1362, .adv_w = 142, .box_w = 8, .box_h = 10, .ofs_x = 1, .ofs_y = 0},
    {.bitmap_index = 1402, .adv_w = 173, .box_w = 11, .box_h = 10, .ofs_x = 0, .ofs_y = 0},
    {.bitmap_index = 1457, .adv_w = 182, .box_w = 10, .box_h = 10, .ofs_x = 1, .ofs_y = 0},
    {.bitmap_index = 1507, .adv_w = 69, .box_w = 3, .box_h = 10, .ofs_x = 1, .ofs_y = 0},
    {.bitmap_index = 1522, .adv_w = 115, .box_w = 7, .box_h = 10, .ofs_x = 0, .ofs_y = 0},
    {.bitmap_index = 1557, .adv_w = 161, .box_w = 10, .box_h = 10, .ofs_x = 1, .ofs_y = 0},
    {.bitmap_index = 1607, .adv_w = 133, .box_w = 8, .box_h = 10, .ofs_x = 1, .ofs_y = 0},
    {.bitmap_index = 1647, .adv_w = 214, .box_w = 12, .box_h = 10, .ofs_x = 1, .ofs_y = 0},
    {.bitmap_index = 1707, .adv_w = 182, .box_w = 10, .box_h = 10, .ofs_x = 1, .ofs_y = 0},
    {.bitmap_index = 1757, .adv_w = 188, .box_w = 12, .box_h = 10, .ofs_x = 0, .ofs_y = 0},
    {.bitmap_index = 1817, .adv_w = 162, .box_w = 10, .box_h = 10, .ofs_x = 1, .ofs_y = 0},
    {.bitmap_index = 1867, .adv_w = 188, .box_w = 12, .box_h = 13, .ofs_x = 0, .ofs_y = -3},
    {.bitmap_index = 1945, .adv_w = 163, .box_w = 10, .box_h = 10, .ofs_x = 1, .ofs_y = 0},
    {.bitmap_index = 1995, .adv_w = 139, .box_w = 9, .box_h = 10, .ofs_x = 0, .ofs_y = 0},
    {.bitmap_index = 2040, .adv_w = 131, .box_w = 8, .box_h = 10, .ofs_x = 1, .ofs_y = 0},
    {.bitmap_index = 2080, .adv_w = 177, .box_w = 10, .box_h = 10, .ofs_x = 1, .ofs_y = 0},
    {.bitmap_index = 2130, .adv_w = 159, .box_w = 11, .box_h = 10, .ofs_x = -1, .ofs_y = 0},
    {.bitmap_index = 2185, .adv_w = 252, .box_w = 16, .box_h = 10, .ofs_x = 0, .ofs_y = 0},
    {.bitmap_index = 2265, .adv_w = 151, .box_w = 10, .box_h = 10, .ofs_x = 0, .ofs_y = 0},
    {.bitmap_index = 2315, .adv_w = 145, .box_w = 10, .box_h = 10, .ofs_x = -1, .ofs_y = 0},
    {.bitmap_index = 2365, .adv_w = 147, .box_w = 8, .box_h = 10, .ofs_x = 1, .ofs_y = 0},
    {.bitmap_index = 2405, .adv_w = 75, .box_w = 4, .box_h = 14, .ofs_x = 1, .ofs_y = -3},
    {.bitmap_index = 2433, .adv_w = 79, .box_w = 7, .box_h = 14, .ofs_x = -1, .ofs_y = -1},
    {.bitmap_index = 2482, .adv_w = 75, .box_w = 4, .box_h = 14, .ofs_x = 0, .ofs_y = -3},
    {.bitmap_index = 2510, .adv_w = 131, .box_w = 7, .box_h = 6, .ofs_x = 1, .ofs_y = 2},
    {.bitmap_index = 2531, .adv_w = 112, .box_w = 7, .box_h = 3, .ofs_x = 0, .ofs_y = -2},
    {.bitmap_index = 2542, .adv_w = 134, .box_w = 5, .box_h = 2, .ofs_x = 1, .ofs_y = 9},
    {.bitmap_index = 2547, .adv_w = 134, .box_w = 8, .box_h = 8, .ofs_x = 0, .ofs_y = 0},
    {.bitmap_index = 2579, .adv_w = 153, .box_w = 9, .box_h = 11, .ofs_x = 1, .ofs_y = 0},
    {.bitmap_index = 2629, .adv_w = 128, .box_w = 8, .box_h = 8, .ofs_x = 0, .ofs_y = 0},
    {.bitmap_index = 2661, .adv_w = 153, .box_w = 9, .box_h = 11, .ofs_x = 0, .ofs_y = 0},
    {.bitmap_index = 2711, .adv_w = 137, .box_w = 7, .box_h = 8, .ofs_x = 1, .ofs_y = 0},
    {.bitmap_index = 2739, .adv_w = 79, .box_w = 6, .box_h = 11, .ofs_x = 1, .ofs_y = 0},
    {.bitmap_index = 2772, .adv_w = 155, .box_w = 9, .box_h = 11, .ofs_x = 0, .ofs_y = -3},
    {.bitmap_index = 2822, .adv_w = 153, .box_w = 9, .box_h = 11, .ofs_x = 1, .ofs_y = 0},
    {.bitmap_index = 2872, .adv_w = 62, .box_w = 3, .box_h = 11, .ofs_x = 1, .ofs_y = 0},
    {.bitmap_index = 2889, .adv_w = 64, .box_w = 5, .box_h = 14, .ofs_x = -1, .ofs_y = -3},
    {.bitmap_index = 2924, .adv_w = 138, .box_w = 9, .box_h = 11, .ofs_x = 1, .ofs_y = 0},
    {.bitmap_index = 2974, .adv_w = 62, .box_w = 3, .box_h = 11, .ofs_x = 1, .ofs_y = 0},
    {.bitmap_index = 2991, .adv_w = 237, .box_w = 13, .box_h = 8, .ofs_x = 1, .ofs_y = 0},
    {.bitmap_index = 3043, .adv_w = 153, .box_w = 9, .box_h = 8, .ofs_x = 1, .ofs_y = 0},
    {.bitmap_index = 3079, .adv_w = 142, .box_w = 9, .box_h = 8, .ofs_x = 0, .ofs_y = 0},
    {.bitmap_index = 3115, .adv_w = 153, .box_w = 9, .box_h = 11, .ofs_x = 1, .ofs_y = -3},
    {.bitmap_index = 3165, .adv_w = 153, .box_w = 9, .box_h = 11, .ofs_x = 0, .ofs_y = -3},
    {.bitmap_index = 3215, .adv_w = 92, .box_w = 5, .box_h = 8, .ofs_x = 1, .ofs_y = 0},
    {.bitmap_index = 3235, .adv_w = 112, .box_w = 8, .box_h = 8, .ofs_x = 0, .ofs_y = 0},
    {.bitmap_index = 3267, .adv_w = 93, .box_w = 6, .box_h = 10, .ofs_x = 1, .ofs_y = 0},
    {.bitmap_index = 3297, .adv_w = 152, .box_w = 9, .box_h = 8, .ofs_x = 0, .ofs_y = 0},
    {.bitmap_index = 3333, .adv_w = 125, .box_w = 9, .box_h = 8, .ofs_x = -1, .ofs_y = 0},
    {.bitmap_index = 3369, .adv_w = 201, .box_w = 13, .box_h = 8, .ofs_x = 0, .ofs_y = 0},
    {.bitmap_index = 3421, .adv_w = 124, .box_w = 8, .box_h = 8, .ofs_x = 0, .ofs_y = 0},
    {.bitmap_index = 3453, .adv_w = 125, .box_w = 9, .box_h = 11, .ofs_x = -1, .ofs_y = -3},
    {.bitmap_index = 3503, .adv_w = 117, .box_w = 6, .box_h = 8, .ofs_x = 1, .ofs_y = 0},
    {.bitmap_index = 3527, .adv_w = 79, .box_w = 5, .box_h = 14, .ofs_x = 0, .ofs_y = -3},
    {.bitmap_index = 3562, .adv_w = 67, .box_w = 3, .box_h = 14, .ofs_x = 1, .ofs_y = -3},
    {.bitmap_index = 3583, .adv_w = 79, .box_w = 5, .box_h = 14, .ofs_x = 0, .ofs_y = -3},
    {.bitmap_index = 3618, .adv_w = 130, .box_w = 7, .box_h = 4, .ofs_x = 1, .ofs_y = 3},
    {.bitmap_index = 3632, .adv_w = 60, .box_w = 0, .box_h = 0, .ofs_x = 0, .ofs_y = 0},
    {.bitmap_index = 3632, .adv_w = 60, .box_w = 3, .box_h = 10, .ofs_x = 0, .ofs_y = -2},
    {.bitmap_index = 3647, .adv_w = 128, .box_w = 8, .box_h = 12, .ofs_x = 0, .ofs_y = -2},
    {.bitmap_index = 3695, .adv_w = 145, .box_w = 9, .box_h = 10, .ofs_x = 1, .ofs_y = 0},
    {.bitmap_index = 3740, .adv_w = 157, .box_w = 9, .box_h = 11, .ofs_x = 0, .ofs_y = -1},
    {.bitmap_index = 3790, .adv_w = 158, .box_w = 11, .box_h = 10, .ofs_x = 0, .ofs_y = 0},
    {.bitmap_index = 3845, .adv_w = 67, .box_w = 3, .box_h = 14, .ofs_x = 1, .ofs_y = -3},
    {.bitmap_index = 3866, .adv_w = 112, .box_w = 8, .box_h = 13, .ofs_x = 0, .ofs_y = -3},
    {.bitmap_index = 3918, .adv_w = 134, .box_w = 6, .box_h = 3, .ofs_x = 1, .ofs_y = 9},
    {.bitmap_index = 3927, .adv_w = 180, .box_w = 12, .box_h = 13, .ofs_x = 0, .ofs_y = -1},
    {.bitmap_index = 4005, .adv_w = 90, .box_w = 5, .box_h = 5, .ofs_x = 0, .ofs_y = 5},
    {.bitmap_index = 4018, .adv_w = 113, .box_w = 7, .box_h = 6, .ofs_x = 0, .ofs_y = 1},
    {.bitmap_index = 4039, .adv_w = 130, .box_w = 8, .box_h = 5, .ofs_x = 0, .ofs_y = 2},
    {.bitmap_index = 4059, .adv_w = 86, .box_w = 4, .box_h = 3, .ofs_x = 1, .ofs_y = 3},
    {.bitmap_index = 4065, .adv_w = 180, .box_w = 12, .box_h = 13, .ofs_x = 0, .ofs_y = -1},
    {.bitmap_index = 4143, .adv_w = 134, .box_w = 6, .box_h = 3, .ofs_x = 1, .ofs_y = 9},
    {.bitmap_index = 4152, .adv_w = 94, .box_w = 7, .box_h = 7, .ofs_x = 0, .ofs_y = 5},
    {.bitmap_index = 4177, .adv_w = 130, .box_w = 6, .box_h = 9, .ofs_x = 1, .ofs_y = 0},
    {.bitmap_index = 4204, .adv_w = 96, .box_w = 6, .box_h = 5, .ofs_x = 0, .ofs_y = 5},
    {.bitmap_index = 4219, .adv_w = 96, .box_w = 6, .box_h = 5, .ofs_x = 0, .ofs_y = 5},
    {.bitmap_index = 4234, .adv_w = 134, .box_w = 4, .box_h = 2, .ofs_x = 3, .ofs_y = 9},
    {.bitmap_index = 4238, .adv_w = 153, .box_w = 9, .box_h = 11, .ofs_x = 1, .ofs_y = -3},
    {.bitmap_index = 4288, .adv_w = 145, .box_w = 9, .box_h = 13, .ofs_x = 0, .ofs_y = -2},
    {.bitmap_index = 4347, .adv_w = 60, .box_w = 3, .box_h = 3, .ofs_x = 0, .ofs_y = 3},
    {.bitmap_index = 4352, .adv_w = 134, .box_w = 5, .box_h = 5, .ofs_x = 2, .ofs_y = -4},
    {.bitmap_index = 4365, .adv_w = 96, .box_w = 5, .box_h = 5, .ofs_x = 1, .ofs_y = 5},
    {.bitmap_index = 4378, .adv_w = 94, .box_w = 5, .box_h = 5, .ofs_x = 0, .ofs_y = 5},
    {.bitmap_index = 4391, .adv_w = 113, .box_w = 7, .box_h = 6, .ofs_x = 0, .ofs_y = 1},
    {.bitmap_index = 4412, .adv_w = 232, .box_w = 14, .box_h = 12, .ofs_x = 1, .ofs_y = -1},
    {.bitmap_index = 4496, .adv_w = 232, .box_w = 14, .box_h = 12, .ofs_x = 1, .ofs_y = -1},
    {.bitmap_index = 4580, .adv_w = 232, .box_w = 15, .box_h = 12, .ofs_x = -1, .ofs_y = -1},
    {.bitmap_index = 4670, .adv_w = 128, .box_w = 7, .box_h = 11, .ofs_x = 0, .ofs_y = -3},
    {.bitmap_index = 4709, .adv_w = 164, .box_w = 12, .box_h = 14, .ofs_x = -1, .ofs_y = 0},
    {.bitmap_index = 4793, .adv_w = 164, .box_w = 12, .box_h = 14, .ofs_x = -1, .ofs_y = 0},
    {.bitmap_index = 4877, .adv_w = 164, .box_w = 12, .box_h = 14, .ofs_x = -1, .ofs_y = 0},
    {.bitmap_index = 4961, .adv_w = 164, .box_w = 11, .box_h = 14, .ofs_x = 0, .ofs_y = 0},
    {.bitmap_index = 5038, .adv_w = 164, .box_w = 12, .box_h = 14, .ofs_x = -1, .ofs_y = 0},
    {.bitmap_index = 5122, .adv_w = 164, .box_w = 11, .box_h = 16, .ofs_x = 0, .ofs_y = 0},
    {.bitmap_index = 5210, .adv_w = 235, .box_w = 15, .box_h = 10, .ofs_x = -1, .ofs_y = 0},
    {.bitmap_index = 5285, .adv_w = 162, .box_w = 10, .box_h = 13, .ofs_x = 0, .ofs_y = -3},
    {.bitmap_index = 5350, .adv_w = 150, .box_w = 8, .box_h = 14, .ofs_x = 1, .ofs_y = 0},
    {.bitmap_index = 5406, .adv_w = 150, .box_w = 8, .box_h = 14, .ofs_x = 1, .ofs_y = 0},
    {.bitmap_index = 5462, .adv_w = 150, .box_w = 8, .box_h = 14, .ofs_x = 1, .ofs_y = 0},
    {.bitmap_index = 5518, .adv_w = 150, .box_w = 8, .box_h = 14, .ofs_x = 1, .ofs_y = 0},
    {.bitmap_index = 5574, .adv_w = 69, .box_w = 5, .box_h = 14, .ofs_x = -1, .ofs_y = 0},
    {.bitmap_index = 5609, .adv_w = 69, .box_w = 4, .box_h = 14, .ofs_x = 1, .ofs_y = 0},
    {.bitmap_index = 5637, .adv_w = 69, .box_w = 6, .box_h = 14, .ofs_x = -1, .ofs_y = 0},
    {.bitmap_index = 5679, .adv_w = 69, .box_w = 6, .box_h = 14, .ofs_x = 0, .ofs_y = 0},
    {.bitmap_index = 5721, .adv_w = 187, .box_w = 12, .box_h = 10, .ofs_x = 0, .ofs_y = 0},
    {.bitmap_index = 5781, .adv_w = 182, .box_w = 10, .box_h = 14, .ofs_x = 1, .ofs_y = 0},
    {.bitmap_index = 5851, .adv_w = 188, .box_w = 12, .box_h = 14, .ofs_x = 0, .ofs_y = 0},
    {.bitmap_index = 5935, .adv_w = 188, .box_w = 12, .box_h = 14, .ofs_x = 0, .ofs_y = 0},
    {.bitmap_index = 6019, .adv_w = 188, .box_w = 12, .box_h = 14, .ofs_x = 0, .ofs_y = 0},
    {.bitmap_index = 6103, .adv_w = 188, .box_w = 12, .box_h = 15, .ofs_x = 0, .ofs_y = 0},
    {.bitmap_index = 6193, .adv_w = 188, .box_w = 12, .box_h = 14, .ofs_x = 0, .ofs_y = 0},
    {.bitmap_index = 6277, .adv_w = 130, .box_w = 6, .box_h = 7, .ofs_x = 1, .ofs_y = 2},
    {.bitmap_index = 6298, .adv_w = 188, .box_w = 12, .box_h = 13, .ofs_x = 0, .ofs_y = -1},
    {.bitmap_index = 6376, .adv_w = 177, .box_w = 10, .box_h = 14, .ofs_x = 1, .ofs_y = 0},
    {.bitmap_index = 6446, .adv_w = 177, .box_w = 10, .box_h = 14, .ofs_x = 1, .ofs_y = 0},
    {.bitmap_index = 6516, .adv_w = 177, .box_w = 10, .box_h = 14, .ofs_x = 1, .ofs_y = 0},
    {.bitmap_index = 6586, .adv_w = 177, .box_w = 10, .box_h = 14, .ofs_x = 1, .ofs_y = 0},
    {.bitmap_index = 6656, .adv_w = 145, .box_w = 10, .box_h = 14, .ofs_x = -1, .ofs_y = 0},
    {.bitmap_index = 6726, .adv_w = 162, .box_w = 10, .box_h = 10, .ofs_x = 1, .ofs_y = 0},
    {.bitmap_index = 6776, .adv_w = 151, .box_w = 9, .box_h = 11, .ofs_x = 1, .ofs_y = 0},
    {.bitmap_index = 6826, .adv_w = 134, .box_w = 8, .box_h = 11, .ofs_x = 0, .ofs_y = 0},
    {.bitmap_index = 6870, .adv_w = 134, .box_w = 8, .box_h = 11, .ofs_x = 0, .ofs_y = 0},
    {.bitmap_index = 6914, .adv_w = 134, .box_w = 8, .box_h = 11, .ofs_x = 0, .ofs_y = 0},
    {.bitmap_index = 6958, .adv_w = 134, .box_w = 8, .box_h = 11, .ofs_x = 0, .ofs_y = 0},
    {.bitmap_index = 7002, .adv_w = 134, .box_w = 8, .box_h = 11, .ofs_x = 0, .ofs_y = 0},
    {.bitmap_index = 7046, .adv_w = 134, .box_w = 8, .box_h = 13, .ofs_x = 0, .ofs_y = 0},
    {.bitmap_index = 7098, .adv_w = 222, .box_w = 13, .box_h = 8, .ofs_x = 0, .ofs_y = 0},
    {.bitmap_index = 7150, .adv_w = 128, .box_w = 9, .box_h = 11, .ofs_x = 0, .ofs_y = -3},
    {.bitmap_index = 7200, .adv_w = 137, .box_w = 7, .box_h = 11, .ofs_x = 1, .ofs_y = 0},
    {.bitmap_index = 7239, .adv_w = 137, .box_w = 7, .box_h = 11, .ofs_x = 1, .ofs_y = 0},
    {.bitmap_index = 7278, .adv_w = 137, .box_w = 7, .box_h = 11, .ofs_x = 1, .ofs_y = 0},
    {.bitmap_index = 7317, .adv_w = 137, .box_w = 7, .box_h = 11, .ofs_x = 1, .ofs_y = 0},
    {.bitmap_index = 7356, .adv_w = 62, .box_w = 5, .box_h = 11, .ofs_x = -1, .ofs_y = 0},
    {.bitmap_index = 7384, .adv_w = 62, .box_w = 4, .box_h = 11, .ofs_x = 1, .ofs_y = 0},
    {.bitmap_index = 7406, .adv_w = 62, .box_w = 5, .box_h = 11, .ofs_x = 0, .ofs_y = 0},
    {.bitmap_index = 7434, .adv_w = 62, .box_w = 5, .box_h = 11, .ofs_x = 0, .ofs_y = 0},
    {.bitmap_index = 7462, .adv_w = 143, .box_w = 9, .box_h = 11, .ofs_x = 0, .ofs_y = 0},
    {.bitmap_index = 7512, .adv_w = 153, .box_w = 9, .box_h = 11, .ofs_x = 1, .ofs_y = 0},
    {.bitmap_index = 7562, .adv_w = 142, .box_w = 9, .box_h = 11, .ofs_x = 0, .ofs_y = 0},
    {.bitmap_index = 7612, .adv_w = 142, .box_w = 9, .box_h = 11, .ofs_x = 0, .ofs_y = 0},
    {.bitmap_index = 7662, .adv_w = 142, .box_w = 9, .box_h = 11, .ofs_x = 0, .ofs_y = 0},
    {.bitmap_index = 7712, .adv_w = 142, .box_w = 9, .box_h = 11, .ofs_x = 0, .ofs_y = 0},
    {.bitmap_index = 7762, .adv_w = 142, .box_w = 9, .box_h = 11, .ofs_x = 0, .ofs_y = 0},
    {.bitmap_index = 7812, .adv_w = 130, .box_w = 6, .box_h = 9, .ofs_x = 1, .ofs_y = 1},
    {.bitmap_index = 7839, .adv_w = 142, .box_w = 9, .box_h = 10, .ofs_x = 0, .ofs_y = -1},
    {.bitmap_index = 7884, .adv_w = 152, .box_w = 9, .box_h = 11, .ofs_x = 0, .ofs_y = 0},
    {.bitmap_index = 7934, .adv_w = 152, .box_w = 9, .box_h = 11, .ofs_x = 0, .ofs_y = 0},
    {.bitmap_index = 7984, .adv_w = 152, .box_w = 9, .box_h = 11, .ofs_x = 0, .ofs_y = 0},
    {.bitmap_index = 8034, .adv_w = 152, .box_w = 9, .box_h = 11, .ofs_x = 0, .ofs_y = 0},
    {.bitmap_index = 8084, .adv_w = 125, .box_w = 9, .box_h = 14, .ofs_x = -1, .ofs_y = -3},
    {.bitmap_index = 8147, .adv_w = 153, .box_w = 9, .box_h = 14, .ofs_x = 1, .ofs_y = -3},
    {.bitmap_index = 8210, .adv_w = 125, .box_w = 10, .box_h = 14, .ofs_x = -1, .ofs_y = -3},
    {.bitmap_index = 8280, .adv_w = 164, .box_w = 12, .box_h = 14, .ofs_x = -1, .ofs_y = 0},
    {.bitmap_index = 8364, .adv_w = 134, .box_w = 8, .box_h = 10, .ofs_x = 0, .ofs_y = 0},
    {.bitmap_index = 8404, .adv_w = 164, .box_w = 11, .box_h = 14, .ofs_x = 0, .ofs_y = 0},
    {.bitmap_index = 8481, .adv_w = 134, .box_w = 8, .box_h = 11, .ofs_x = 0, .ofs_y = 0},
    {.bitmap_index = 8525, .adv_w = 164, .box_w = 12, .box_h = 13, .ofs_x = 0, .ofs_y = -3},
    {.bitmap_index = 8603, .adv_w = 134, .box_w = 8, .box_h = 11, .ofs_x = 0, .ofs_y = -3},
    {.bitmap_index = 8647, .adv_w = 162, .box_w = 10, .box_h = 14, .ofs_x = 0, .ofs_y = 0},
    {.bitmap_index = 8717, .adv_w = 128, .box_w = 8, .box_h = 11, .ofs_x = 0, .ofs_y = 0},
    {.bitmap_index = 8761, .adv_w = 162, .box_w = 10, .box_h = 14, .ofs_x = 0, .ofs_y = 0},
    {.bitmap_index = 8831, .adv_w = 128, .box_w = 8, .box_h = 11, .ofs_x = 0, .ofs_y = 0},
    {.bitmap_index = 8875, .adv_w = 162, .box_w = 10, .box_h = 14, .ofs_x = 0, .ofs_y = 0},
    {.bitmap_index = 8945, .adv_w = 128, .box_w = 8, .box_h = 11, .ofs_x = 0, .ofs_y = 0},
    {.bitmap_index = 8989, .adv_w = 162, .box_w = 10, .box_h = 14, .ofs_x = 0, .ofs_y = 0},
    {.bitmap_index = 9059, .adv_w = 128, .box_w = 8, .box_h = 11, .ofs_x = 0, .ofs_y = 0},
    {.bitmap_index = 9103, .adv_w = 185, .box_w = 11, .box_h = 14, .ofs_x = 1, .ofs_y = 0},
    {.bitmap_index = 9180, .adv_w = 153, .box_w = 12, .box_h = 12, .ofs_x = 0, .ofs_y = 0},
    {.bitmap_index = 9252, .adv_w = 187, .box_w = 12, .box_h = 10, .ofs_x = 0, .ofs_y = 0},
    {.bitmap_index = 9312, .adv_w = 153, .box_w = 10, .box_h = 11, .ofs_x = 0, .ofs_y = 0},
    {.bitmap_index = 9367, .adv_w = 150, .box_w = 8, .box_h = 14, .ofs_x = 1, .ofs_y = 0},
    {.bitmap_index = 9423, .adv_w = 137, .box_w = 7, .box_h = 10, .ofs_x = 1, .ofs_y = 0},
    {.bitmap_index = 9458, .adv_w = 150, .box_w = 8, .box_h = 14, .ofs_x = 1, .ofs_y = 0},
    {.bitmap_index = 9514, .adv_w = 137, .box_w = 7, .box_h = 11, .ofs_x = 1, .ofs_y = 0},
    {.bitmap_index = 9553, .adv_w = 150, .box_w = 8, .box_h = 14, .ofs_x = 1, .ofs_y = 0},
    {.bitmap_index = 9609, .adv_w = 137, .box_w = 7, .box_h = 11, .ofs_x = 1, .ofs_y = 0},
    {.bitmap_index = 9648, .adv_w = 150, .box_w = 9, .box_h = 13, .ofs_x = 1, .ofs_y = -3},
    {.bitmap_index = 9707, .adv_w = 137, .box_w = 7, .box_h = 11, .ofs_x = 1, .ofs_y = -3},
    {.bitmap_index = 9746, .adv_w = 150, .box_w = 8, .box_h = 14, .ofs_x = 1, .ofs_y = 0},
    {.bitmap_index = 9802, .adv_w = 137, .box_w = 7, .box_h = 11, .ofs_x = 1, .ofs_y = 0},
    {.bitmap_index = 9841, .adv_w = 173, .box_w = 11, .box_h = 14, .ofs_x = 0, .ofs_y = 0},
    {.bitmap_index = 9918, .adv_w = 155, .box_w = 9, .box_h = 14, .ofs_x = 0, .ofs_y = -3},
    {.bitmap_index = 9981, .adv_w = 173, .box_w = 11, .box_h = 14, .ofs_x = 0, .ofs_y = 0},
    {.bitmap_index = 10058, .adv_w = 155, .box_w = 9, .box_h = 14, .ofs_x = 0, .ofs_y = -3},
    {.bitmap_index = 10121, .adv_w = 173, .box_w = 11, .box_h = 14, .ofs_x = 0, .ofs_y = 0},
    {.bitmap_index = 10198, .adv_w = 155, .box_w = 9, .box_h = 14, .ofs_x = 0, .ofs_y = -3},
    {.bitmap_index = 10261, .adv_w = 173, .box_w = 11, .box_h = 14, .ofs_x = 0, .ofs_y = -4},
    {.bitmap_index = 10338, .adv_w = 155, .box_w = 9, .box_h = 15, .ofs_x = 0, .ofs_y = -3},
    {.bitmap_index = 10406, .adv_w = 182, .box_w = 10, .box_h = 14, .ofs_x = 1, .ofs_y = 0},
    {.bitmap_index = 10476, .adv_w = 153, .box_w = 11, .box_h = 14, .ofs_x = -1, .ofs_y = 0},
    {.bitmap_index = 10553, .adv_w = 185, .box_w = 12, .box_h = 10, .ofs_x = 0, .ofs_y = 0},
    {.bitmap_index = 10613, .adv_w = 153, .box_w = 10, .box_h = 11, .ofs_x = 0, .ofs_y = 0},
    {.bitmap_index = 10668, .adv_w = 69, .box_w = 5, .box_h = 14, .ofs_x = 0, .ofs_y = 0},
    {.bitmap_index = 10703, .adv_w = 62, .box_w = 5, .box_h = 11, .ofs_x = 0, .ofs_y = 0},
    {.bitmap_index = 10731, .adv_w = 69, .box_w = 5, .box_h = 14, .ofs_x = 0, .ofs_y = 0},
    {.bitmap_index = 10766, .adv_w = 62, .box_w = 5, .box_h = 10, .ofs_x = 0, .ofs_y = 0},
    {.bitmap_index = 10791, .adv_w = 69, .box_w = 5, .box_h = 14, .ofs_x = 0, .ofs_y = 0},
    {.bitmap_index = 10826, .adv_w = 62, .box_w = 5, .box_h = 11, .ofs_x = 0, .ofs_y = 0},
    {.bitmap_index = 10854, .adv_w = 69, .box_w = 3, .box_h = 13, .ofs_x = 0, .ofs_y = -3},
    {.bitmap_index = 10874, .adv_w = 62, .box_w = 3, .box_h = 14, .ofs_x = 0, .ofs_y = -3},
    {.bitmap_index = 10895, .adv_w = 69, .box_w = 3, .box_h = 14, .ofs_x = 1, .ofs_y = 0},
    {.bitmap_index = 10916, .adv_w = 62, .box_w = 3, .box_h = 8, .ofs_x = 1, .ofs_y = 0},
    {.bitmap_index = 10928, .adv_w = 161, .box_w = 9, .box_h = 10, .ofs_x = 1, .ofs_y = 0},
    {.bitmap_index = 10973, .adv_w = 126, .box_w = 7, .box_h = 14, .ofs_x = 1, .ofs_y = -3},
    {.bitmap_index = 11022, .adv_w = 115, .box_w = 7, .box_h = 14, .ofs_x = 0, .ofs_y = 0},
    {.bitmap_index = 11071, .adv_w = 64, .box_w = 6, .box_h = 14, .ofs_x = -1, .ofs_y = -3},
    {.bitmap_index = 11113, .adv_w = 161, .box_w = 10, .box_h = 14, .ofs_x = 1, .ofs_y = -4},
    {.bitmap_index = 11183, .adv_w = 138, .box_w = 9, .box_h = 15, .ofs_x = 1, .ofs_y = -4},
    {.bitmap_index = 11251, .adv_w = 136, .box_w = 9, .box_h = 8, .ofs_x = 1, .ofs_y = 0},
    {.bitmap_index = 11287, .adv_w = 133, .box_w = 8, .box_h = 14, .ofs_x = 1, .ofs_y = 0},
    {.bitmap_index = 11343, .adv_w = 62, .box_w = 4, .box_h = 14, .ofs_x = 1, .ofs_y = 0},
    {.bitmap_index = 11371, .adv_w = 133, .box_w = 8, .box_h = 14, .ofs_x = 1, .ofs_y = -4},
    {.bitmap_index = 11427, .adv_w = 62, .box_w = 3, .box_h = 15, .ofs_x = 1, .ofs_y = -4},
    {.bitmap_index = 11450, .adv_w = 133, .box_w = 9, .box_h = 11, .ofs_x = 1, .ofs_y = 0},
    {.bitmap_index = 11500, .adv_w = 62, .box_w = 5, .box_h = 12, .ofs_x = 1, .ofs_y = 0},
    {.bitmap_index = 11530, .adv_w = 133, .box_w = 8, .box_h = 10, .ofs_x = 1, .ofs_y = 0},
    {.bitmap_index = 11570, .adv_w = 78, .box_w = 5, .box_h = 11, .ofs_x = 1, .ofs_y = 0},
    {.bitmap_index = 11598, .adv_w = 135, .box_w = 9, .box_h = 10, .ofs_x = 0, .ofs_y = 0},
    {.bitmap_index = 11643, .adv_w = 66, .box_w = 5, .box_h = 11, .ofs_x = 0, .ofs_y = 0},
    {.bitmap_index = 11671, .adv_w = 182, .box_w = 10, .box_h = 14, .ofs_x = 1, .ofs_y = 0},
    {.bitmap_index = 11741, .adv_w = 153, .box_w = 9, .box_h = 11, .ofs_x = 1, .ofs_y = 0},
    {.bitmap_index = 11791, .adv_w = 182, .box_w = 10, .box_h = 14, .ofs_x = 1, .ofs_y = -4},
    {.bitmap_index = 11861, .adv_w = 153, .box_w = 9, .box_h = 12, .ofs_x = 1, .ofs_y = -4},
    {.bitmap_index = 11915, .adv_w = 182, .box_w = 10, .box_h = 14, .ofs_x = 1, .ofs_y = 0},
    {.bitmap_index = 11985, .adv_w = 153, .box_w = 9, .box_h = 11, .ofs_x = 1, .ofs_y = 0},
    {.bitmap_index = 12035, .adv_w = 172, .box_w = 10, .box_h = 10, .ofs_x = 0, .ofs_y = 0},
    {.bitmap_index = 12085, .adv_w = 182, .box_w = 10, .box_h = 13, .ofs_x = 1, .ofs_y = -3},
    {.bitmap_index = 12150, .adv_w = 153, .box_w = 9, .box_h = 11, .ofs_x = 1, .ofs_y = -3},
    {.bitmap_index = 12200, .adv_w = 188, .box_w = 12, .box_h = 14, .ofs_x = 0, .ofs_y = 0},
    {.bitmap_index = 12284, .adv_w = 142, .box_w = 9, .box_h = 10, .ofs_x = 0, .ofs_y = 0},
    {.bitmap_index = 12329, .adv_w = 188, .box_w = 12, .box_h = 14, .ofs_x = 0, .ofs_y = 0},
    {.bitmap_index = 12413, .adv_w = 142, .box_w = 9, .box_h = 11, .ofs_x = 0, .ofs_y = 0},
    {.bitmap_index = 12463, .adv_w = 188, .box_w = 12, .box_h = 13, .ofs_x = 0, .ofs_y = 0},
    {.bitmap_index = 12541, .adv_w = 142, .box_w = 9, .box_h = 11, .ofs_x = 0, .ofs_y = 0},
    {.bitmap_index = 12591, .adv_w = 252, .box_w = 16, .box_h = 10, .ofs_x = 0, .ofs_y = 0},
    {.bitmap_index = 12671, .adv_w = 239, .box_w = 14, .box_h = 8, .ofs_x = 0, .ofs_y = 0},
    {.bitmap_index = 12727, .adv_w = 163, .box_w = 10, .box_h = 14, .ofs_x = 1, .ofs_y = 0},
    {.bitmap_index = 12797, .adv_w = 92, .box_w = 6, .box_h = 11, .ofs_x = 1, .ofs_y = 0},
    {.bitmap_index = 12830, .adv_w = 163, .box_w = 10, .box_h = 14, .ofs_x = 1, .ofs_y = -4},
    {.bitmap_index = 12900, .adv_w = 92, .box_w = 5, .box_h = 12, .ofs_x = 1, .ofs_y = -4},
    {.bitmap_index = 12930, .adv_w = 163, .box_w = 10, .box_h = 14, .ofs_x = 1, .ofs_y = 0},
    {.bitmap_index = 13000, .adv_w = 92, .box_w = 6, .box_h = 11, .ofs_x = 1, .ofs_y = 0},
    {.bitmap_index = 13033, .adv_w = 139, .box_w = 9, .box_h = 14, .ofs_x = 0, .ofs_y = 0},
    {.bitmap_index = 13096, .adv_w = 112, .box_w = 8, .box_h = 11, .ofs_x = 0, .ofs_y = 0},
    {.bitmap_index = 13140, .adv_w = 139, .box_w = 9, .box_h = 14, .ofs_x = 0, .ofs_y = 0},
    {.bitmap_index = 13203, .adv_w = 112, .box_w = 8, .box_h = 11, .ofs_x = 0, .ofs_y = 0},
    {.bitmap_index = 13247, .adv_w = 139, .box_w = 9, .box_h = 13, .ofs_x = 0, .ofs_y = -3},
    {.bitmap_index = 13306, .adv_w = 112, .box_w = 8, .box_h = 11, .ofs_x = 0, .ofs_y = -3},
    {.bitmap_index = 13350, .adv_w = 139, .box_w = 9, .box_h = 14, .ofs_x = 0, .ofs_y = 0},
    {.bitmap_index = 13413, .adv_w = 112, .box_w = 8, .box_h = 11, .ofs_x = 0, .ofs_y = 0},
    {.bitmap_index = 13457, .adv_w = 131, .box_w = 8, .box_h = 13, .ofs_x = 1, .ofs_y = -3},
    {.bitmap_index = 13509, .adv_w = 93, .box_w = 6, .box_h = 13, .ofs_x = 1, .ofs_y = -3},
    {.bitmap_index = 13548, .adv_w = 131, .box_w = 8, .box_h = 14, .ofs_x = 1, .ofs_y = 0},
    {.bitmap_index = 13604, .adv_w = 93, .box_w = 6, .box_h = 11, .ofs_x = 1, .ofs_y = 0},
    {.bitmap_index = 13637, .adv_w = 131, .box_w = 8, .box_h = 10, .ofs_x = 1, .ofs_y = 0},
    {.bitmap_index = 13677, .adv_w = 95, .box_w = 6, .box_h = 10, .ofs_x = 1, .ofs_y = 0},
    {.bitmap_index = 13707, .adv_w = 177, .box_w = 10, .box_h = 15, .ofs_x = 1, .ofs_y = 0},
    {.bitmap_index = 13782, .adv_w = 152, .box_w = 9, .box_h = 11, .ofs_x = 0, .ofs_y = 0},
    {.bitmap_index = 13832, .adv_w = 177, .box_w = 10, .box_h = 14, .ofs_x = 1, .ofs_y = 0},
    {.bitmap_index = 13902, .adv_w = 152, .box_w = 9, .box_h = 10, .ofs_x = 0, .ofs_y = 0},
    {.bitmap_index = 13947, .adv_w = 177, .box_w = 10, .box_h = 14, .ofs_x = 1, .ofs_y = 0},
    {.bitmap_index = 14017, .adv_w = 152, .box_w = 9, .box_h = 11, .ofs_x = 0, .ofs_y = 0},
    {.bitmap_index = 14067, .adv_w = 177, .box_w = 10, .box_h = 16, .ofs_x = 1, .ofs_y = 0},
    {.bitmap_index = 14147, .adv_w = 152, .box_w = 9, .box_h = 13, .ofs_x = 0, .ofs_y = 0},
    {.bitmap_index = 14206, .adv_w = 177, .box_w = 10, .box_h = 13, .ofs_x = 1, .ofs_y = 0},
    {.bitmap_index = 14271, .adv_w = 152, .box_w = 9, .box_h = 11, .ofs_x = 0, .ofs_y = 0},
    {.bitmap_index = 14321, .adv_w = 177, .box_w = 10, .box_h = 13, .ofs_x = 1, .ofs_y = -3},
    {.bitmap_index = 14386, .adv_w = 152, .box_w = 9, .box_h = 11, .ofs_x = 0, .ofs_y = -3},
    {.bitmap_index = 14436, .adv_w = 252, .box_w = 16, .box_h = 14, .ofs_x = 0, .ofs_y = 0},
    {.bitmap_index = 14548, .adv_w = 201, .box_w = 13, .box_h = 11, .ofs_x = 0, .ofs_y = 0},
    {.bitmap_index = 14620, .adv_w = 145, .box_w = 10, .box_h = 13, .ofs_x = -1, .ofs_y = 0},
    {.bitmap_index = 14685, .adv_w = 125, .box_w = 9, .box_h = 14, .ofs_x = -1, .ofs_y = -3},
    {.bitmap_index = 14748, .adv_w = 145, .box_w = 10, .box_h = 14, .ofs_x = 0, .ofs_y = 0},
    {.bitmap_index = 14818, .adv_w = 147, .box_w = 8, .box_h = 14, .ofs_x = 1, .ofs_y = 0},
    {.bitmap_index = 14874, .adv_w = 117, .box_w = 6, .box_h = 11, .ofs_x = 1, .ofs_y = 0},
    {.bitmap_index = 14907, .adv_w = 147, .box_w = 8, .box_h = 14, .ofs_x = 1, .ofs_y = 0},
    {.bitmap_index = 14963, .adv_w = 117, .box_w = 6, .box_h = 11, .ofs_x = 1, .ofs_y = 0},
    {.bitmap_index = 14996, .adv_w = 147, .box_w = 8, .box_h = 14, .ofs_x = 1, .ofs_y = 0},
    {.bitmap_index = 15052, .adv_w = 117, .box_w = 6, .box_h = 11, .ofs_x = 1, .ofs_y = 0},
    {.bitmap_index = 15085, .adv_w = 69, .box_w = 6, .box_h = 11, .ofs_x = 0, .ofs_y = 0},
    {.bitmap_index = 15118, .adv_w = 188, .box_w = 12, .box_h = 13, .ofs_x = 0, .ofs_y = 0},
    {.bitmap_index = 15196, .adv_w = 142, .box_w = 9, .box_h = 11, .ofs_x = 0, .ofs_y = 0},
    {.bitmap_index = 15246, .adv_w = 179, .box_w = 12, .box_h = 13, .ofs_x = 1, .ofs_y = 0},
    {.bitmap_index = 15324, .adv_w = 153, .box_w = 10, .box_h = 11, .ofs_x = 0, .ofs_y = 0},
    {.bitmap_index = 15379, .adv_w = 149, .box_w = 8, .box_h = 14, .ofs_x = 1, .ofs_y = 0},
    {.bitmap_index = 15435, .adv_w = 149, .box_w = 8, .box_h = 14, .ofs_x = 1, .ofs_y = 0},
    {.bitmap_index = 15491, .adv_w = 187, .box_w = 12, .box_h = 10, .ofs_x = 1, .ofs_y = 0},
    {.bitmap_index = 15551, .adv_w = 129, .box_w = 8, .box_h = 14, .ofs_x = 1, .ofs_y = 0},
    {.bitmap_index = 15607, .adv_w = 159, .box_w = 9, .box_h = 10, .ofs_x = 1, .ofs_y = 0},
    {.bitmap_index = 15652, .adv_w = 142, .box_w = 9, .box_h = 10, .ofs_x = 0, .ofs_y = 0},
    {.bitmap_index = 15697, .adv_w = 71, .box_w = 3, .box_h = 10, .ofs_x = 1, .ofs_y = 0},
    {.bitmap_index = 15712, .adv_w = 69, .box_w = 6, .box_h = 14, .ofs_x = 0, .ofs_y = 0},
    {.bitmap_index = 15754, .adv_w = 121, .box_w = 7, .box_h = 10, .ofs_x = 0, .ofs_y = 0},
    {.bitmap_index = 15789, .adv_w = 266, .box_w = 17, .box_h = 10, .ofs_x = 0, .ofs_y = 0},
    {.bitmap_index = 15874, .adv_w = 264, .box_w = 16, .box_h = 10, .ofs_x = 1, .ofs_y = 0},
    {.bitmap_index = 15954, .adv_w = 189, .box_w = 12, .box_h = 10, .ofs_x = 1, .ofs_y = 0},
    {.bitmap_index = 16014, .adv_w = 159, .box_w = 9, .box_h = 14, .ofs_x = 1, .ofs_y = 0},
    {.bitmap_index = 16077, .adv_w = 184, .box_w = 10, .box_h = 14, .ofs_x = 1, .ofs_y = 0},
    {.bitmap_index = 16147, .adv_w = 155, .box_w = 11, .box_h = 14, .ofs_x = -1, .ofs_y = 0},
    {.bitmap_index = 16224, .adv_w = 181, .box_w = 9, .box_h = 13, .ofs_x = 1, .ofs_y = -3},
    {.bitmap_index = 16283, .adv_w = 170, .box_w = 11, .box_h = 10, .ofs_x = 0, .ofs_y = 0},
    {.bitmap_index = 16338, .adv_w = 164, .box_w = 10, .box_h = 10, .ofs_x = 1, .ofs_y = 0},
    {.bitmap_index = 16388, .adv_w = 167, .box_w = 10, .box_h = 10, .ofs_x = 1, .ofs_y = 0},
    {.bitmap_index = 16438, .adv_w = 129, .box_w = 8, .box_h = 10, .ofs_x = 1, .ofs_y = 0},
    {.bitmap_index = 16478, .adv_w = 180, .box_w = 12, .box_h = 13, .ofs_x = 0, .ofs_y = -3},
    {.bitmap_index = 16556, .adv_w = 149, .box_w = 8, .box_h = 10, .ofs_x = 1, .ofs_y = 0},
    {.bitmap_index = 16596, .adv_w = 230, .box_w = 15, .box_h = 10, .ofs_x = 0, .ofs_y = 0},
    {.bitmap_index = 16671, .adv_w = 144, .box_w = 9, .box_h = 10, .ofs_x = 0, .ofs_y = 0},
    {.bitmap_index = 16716, .adv_w = 184, .box_w = 10, .box_h = 10, .ofs_x = 1, .ofs_y = 0},
    {.bitmap_index = 16766, .adv_w = 184, .box_w = 10, .box_h = 14, .ofs_x = 1, .ofs_y = 0},
    {.bitmap_index = 16836, .adv_w = 159, .box_w = 9, .box_h = 10, .ofs_x = 1, .ofs_y = 0},
    {.bitmap_index = 16881, .adv_w = 177, .box_w = 11, .box_h = 10, .ofs_x = 0, .ofs_y = 0},
    {.bitmap_index = 16936, .adv_w = 216, .box_w = 12, .box_h = 10, .ofs_x = 1, .ofs_y = 0},
    {.bitmap_index = 16996, .adv_w = 184, .box_w = 10, .box_h = 10, .ofs_x = 1, .ofs_y = 0},
    {.bitmap_index = 17046, .adv_w = 190, .box_w = 12, .box_h = 10, .ofs_x = 0, .ofs_y = 0},
    {.bitmap_index = 17106, .adv_w = 184, .box_w = 10, .box_h = 10, .ofs_x = 1, .ofs_y = 0},
    {.bitmap_index = 17156, .adv_w = 160, .box_w = 10, .box_h = 10, .ofs_x = 1, .ofs_y = 0},
    {.bitmap_index = 17206, .adv_w = 161, .box_w = 10, .box_h = 10, .ofs_x = 0, .ofs_y = 0},
    {.bitmap_index = 17256, .adv_w = 135, .box_w = 8, .box_h = 10, .ofs_x = 1, .ofs_y = 0},
    {.bitmap_index = 17296, .adv_w = 155, .box_w = 10, .box_h = 10, .ofs_x = 0, .ofs_y = 0},
    {.bitmap_index = 17346, .adv_w = 207, .box_w = 13, .box_h = 11, .ofs_x = 0, .ofs_y = 0},
    {.bitmap_index = 17418, .adv_w = 150, .box_w = 10, .box_h = 10, .ofs_x = 0, .ofs_y = 0},
    {.bitmap_index = 17468, .adv_w = 186, .box_w = 11, .box_h = 13, .ofs_x = 1, .ofs_y = -3},
    {.bitmap_index = 17540, .adv_w = 165, .box_w = 10, .box_h = 10, .ofs_x = 0, .ofs_y = 0},
    {.bitmap_index = 17590, .adv_w = 245, .box_w = 13, .box_h = 10, .ofs_x = 1, .ofs_y = 0},
    {.bitmap_index = 17655, .adv_w = 251, .box_w = 15, .box_h = 13, .ofs_x = 1, .ofs_y = -3},
    {.bitmap_index = 17753, .adv_w = 185, .box_w = 13, .box_h = 10, .ofs_x = -1, .ofs_y = 0},
    {.bitmap_index = 17818, .adv_w = 222, .box_w = 12, .box_h = 10, .ofs_x = 1, .ofs_y = 0},
    {.bitmap_index = 17878, .adv_w = 160, .box_w = 10, .box_h = 10, .ofs_x = 1, .ofs_y = 0},
    {.bitmap_index = 17928, .adv_w = 158, .box_w = 9, .box_h = 10, .ofs_x = 0, .ofs_y = 0},
    {.bitmap_index = 17973, .adv_w = 246, .box_w = 15, .box_h = 10, .ofs_x = 1, .ofs_y = 0},
    {.bitmap_index = 18048, .adv_w = 164, .box_w = 10, .box_h = 10, .ofs_x = 0, .ofs_y = 0},
    {.bitmap_index = 18098, .adv_w = 132, .box_w = 8, .box_h = 8, .ofs_x = 0, .ofs_y = 0},
    {.bitmap_index = 18130, .adv_w = 148, .box_w = 9, .box_h = 12, .ofs_x = 0, .ofs_y = 0},
    {.bitmap_index = 18184, .adv_w = 138, .box_w = 8, .box_h = 8, .ofs_x = 1, .ofs_y = 0},
    {.bitmap_index = 18216, .adv_w = 109, .box_w = 7, .box_h = 8, .ofs_x = 1, .ofs_y = 0},
    {.bitmap_index = 18244, .adv_w = 149, .box_w = 10, .box_h = 10, .ofs_x = 0, .ofs_y = -2},
    {.bitmap_index = 18294, .adv_w = 141, .box_w = 7, .box_h = 8, .ofs_x = 1, .ofs_y = 0},
    {.bitmap_index = 18322, .adv_w = 190, .box_w = 13, .box_h = 8, .ofs_x = 0, .ofs_y = 0},
    {.bitmap_index = 18374, .adv_w = 122, .box_w = 8, .box_h = 8, .ofs_x = 0, .ofs_y = 0},
    {.bitmap_index = 18406, .adv_w = 155, .box_w = 9, .box_h = 8, .ofs_x = 1, .ofs_y = 0},
    {.bitmap_index = 18442, .adv_w = 155, .box_w = 9, .box_h = 11, .ofs_x = 1, .ofs_y = 0},
    {.bitmap_index = 18492, .adv_w = 134, .box_w = 8, .box_h = 8, .ofs_x = 1, .ofs_y = 0},
    {.bitmap_index = 18524, .adv_w = 144, .box_w = 9, .box_h = 8, .ofs_x = -1, .ofs_y = 0},
    {.bitmap_index = 18560, .adv_w = 179, .box_w = 10, .box_h = 8, .ofs_x = 1, .ofs_y = 0},
    {.bitmap_index = 18600, .adv_w = 153, .box_w = 9, .box_h = 8, .ofs_x = 1, .ofs_y = 0},
    {.bitmap_index = 18636, .adv_w = 144, .box_w = 9, .box_h = 8, .ofs_x = 0, .ofs_y = 0},
    {.bitmap_index = 18672, .adv_w = 152, .box_w = 9, .box_h = 8, .ofs_x = 1, .ofs_y = 0},
    {.bitmap_index = 18708, .adv_w = 154, .box_w = 9, .box_h = 11, .ofs_x = 1, .ofs_y = -3},
    {.bitmap_index = 18758, .adv_w = 128, .box_w = 8, .box_h = 8, .ofs_x = 0, .ofs_y = 0},
    {.bitmap_index = 18790, .adv_w = 110, .box_w = 7, .box_h = 8, .ofs_x = 1, .ofs_y = 0},
    {.bitmap_index = 18818, .adv_w = 128, .box_w = 9, .box_h = 11, .ofs_x = -1, .ofs_y = -3},
    {.bitmap_index = 18868, .adv_w = 180, .box_w = 11, .box_h = 14, .ofs_x = 0, .ofs_y = -3},
    {.bitmap_index = 18945, .adv_w = 121, .box_w = 8, .box_h = 8, .ofs_x = 0, .ofs_y = 0},
    {.bitmap_index = 18977, .adv_w = 155, .box_w = 10, .box_h = 10, .ofs_x = 1, .ofs_y = -2},
    {.bitmap_index = 19027, .adv_w = 136, .box_w = 8, .box_h = 8, .ofs_x = 0, .ofs_y = 0},
    {.bitmap_index = 19059, .adv_w = 211, .box_w = 13, .box_h = 8, .ofs_x = 1, .ofs_y = 0},
    {.bitmap_index = 19111, .adv_w = 211, .box_w = 13, .box_h = 10, .ofs_x = 1, .ofs_y = -2},
    {.bitmap_index = 19176, .adv_w = 143, .box_w = 10, .box_h = 8, .ofs_x = 0, .ofs_y = 0},
    {.bitmap_index = 19216, .adv_w = 181, .box_w = 10, .box_h = 8, .ofs_x = 1, .ofs_y = 0},
    {.bitmap_index = 19256, .adv_w = 129, .box_w = 8, .box_h = 8, .ofs_x = 1, .ofs_y = 0},
    {.bitmap_index = 19288, .adv_w = 129, .box_w = 8, .box_h = 8, .ofs_x = -1, .ofs_y = 0},
    {.bitmap_index = 19320, .adv_w = 196, .box_w = 12, .box_h = 8, .ofs_x = 1, .ofs_y = 0},
    {.bitmap_index = 19368, .adv_w = 137, .box_w = 8, .box_h = 8, .ofs_x = 0, .ofs_y = 0},
    {.bitmap_index = 19400, .adv_w = 141, .box_w = 7, .box_h = 11, .ofs_x = 1, .ofs_y = 0},
    {.bitmap_index = 19439, .adv_w = 141, .box_w = 7, .box_h = 10, .ofs_x = 1, .ofs_y = 0},
    {.bitmap_index = 19474, .adv_w = 151, .box_w = 9, .box_h = 14, .ofs_x = 0, .ofs_y = -3},
    {.bitmap_index = 19537, .adv_w = 109, .box_w = 7, .box_h = 11, .ofs_x = 1, .ofs_y = 0},
    {.bitmap_index = 19576, .adv_w = 129, .box_w = 8, .box_h = 8, .ofs_x = 1, .ofs_y = 0},
    {.bitmap_index = 19608, .adv_w = 120, .box_w = 8, .box_h = 8, .ofs_x = 0, .ofs_y = 0},
    {.bitmap_index = 19640, .adv_w = 63, .box_w = 3, .box_h = 11, .ofs_x = 1, .ofs_y = 0},
    {.bitmap_index = 19657, .adv_w = 62, .box_w = 5, .box_h = 10, .ofs_x = 0, .ofs_y = 0},
    {.bitmap_index = 19682, .adv_w = 64, .box_w = 5, .box_h = 14, .ofs_x = -1, .ofs_y = -3},
    {.bitmap_index = 19717, .adv_w = 209, .box_w = 14, .box_h = 8, .ofs_x = -1, .ofs_y = 0},
    {.bitmap_index = 19773, .adv_w = 213, .box_w = 13, .box_h = 8, .ofs_x = 1, .ofs_y = 0},
    {.bitmap_index = 19825, .adv_w = 151, .box_w = 11, .box_h = 11, .ofs_x = -1, .ofs_y = 0},
    {.bitmap_index = 19886, .adv_w = 134, .box_w = 8, .box_h = 11, .ofs_x = 1, .ofs_y = 0},
    {.bitmap_index = 19930, .adv_w = 155, .box_w = 9, .box_h = 11, .ofs_x = 1, .ofs_y = 0},
    {.bitmap_index = 19980, .adv_w = 128, .box_w = 9, .box_h = 14, .ofs_x = 0, .ofs_y = -3},
    {.bitmap_index = 20043, .adv_w = 145, .box_w = 9, .box_h = 10, .ofs_x = 1, .ofs_y = -2},
    {.bitmap_index = 20088, .adv_w = 130, .box_w = 8, .box_h = 13, .ofs_x = 1, .ofs_y = 0},
    {.bitmap_index = 20140, .adv_w = 104, .box_w = 7, .box_h = 10, .ofs_x = 1, .ofs_y = 0},
    {.bitmap_index = 20175, .adv_w = 164, .box_w = 11, .box_h = 13, .ofs_x = 0, .ofs_y = -3},
    {.bitmap_index = 20247, .adv_w = 134, .box_w = 8, .box_h = 11, .ofs_x = 0, .ofs_y = -3},
    {.bitmap_index = 20291, .adv_w = 164, .box_w = 11, .box_h = 15, .ofs_x = 0, .ofs_y = 0},
    {.bitmap_index = 20374, .adv_w = 134, .box_w = 8, .box_h = 13, .ofs_x = 0, .ofs_y = 0},
    {.bitmap_index = 20426, .adv_w = 164, .box_w = 12, .box_h = 15, .ofs_x = -1, .ofs_y = 0},
    {.bitmap_index = 20516, .adv_w = 134, .box_w = 9, .box_h = 12, .ofs_x = 0, .ofs_y = 0},
    {.bitmap_index = 20570, .adv_w = 164, .box_w = 12, .box_h = 14, .ofs_x = -1, .ofs_y = 0},
    {.bitmap_index = 20654, .adv_w = 134, .box_w = 8, .box_h = 12, .ofs_x = 0, .ofs_y = 0},
    {.bitmap_index = 20702, .adv_w = 164, .box_w = 12, .box_h = 16, .ofs_x = -1, .ofs_y = 0},
    {.bitmap_index = 20798, .adv_w = 134, .box_w = 8, .box_h = 14, .ofs_x = 0, .ofs_y = 0},
    {.bitmap_index = 20854, .adv_w = 164, .box_w = 11, .box_h = 15, .ofs_x = 0, .ofs_y = 0},
    {.bitmap_index = 20937, .adv_w = 134, .box_w = 8, .box_h = 13, .ofs_x = 0, .ofs_y = 0},
    {.bitmap_index = 20989, .adv_w = 164, .box_w = 11, .box_h = 16, .ofs_x = 0, .ofs_y = -3},
    {.bitmap_index = 21077, .adv_w = 134, .box_w = 8, .box_h = 14, .ofs_x = 0, .ofs_y = -3},
    {.bitmap_index = 21133, .adv_w = 164, .box_w = 12, .box_h = 15, .ofs_x = -1, .ofs_y = 0},
    {.bitmap_index = 21223, .adv_w = 134, .box_w = 8, .box_h = 13, .ofs_x = 0, .ofs_y = 0},
    {.bitmap_index = 21275, .adv_w = 164, .box_w = 12, .box_h = 15, .ofs_x = -1, .ofs_y = 0},
    {.bitmap_index = 21365, .adv_w = 134, .box_w = 8, .box_h = 13, .ofs_x = 0, .ofs_y = 0},
    {.bitmap_index = 21417, .adv_w = 164, .box_w = 12, .box_h = 16, .ofs_x = -1, .ofs_y = 0},
    {.bitmap_index = 21513, .adv_w = 134, .box_w = 8, .box_h = 14, .ofs_x = 0, .ofs_y = 0},
    {.bitmap_index = 21569, .adv_w = 164, .box_w = 11, .box_h = 16, .ofs_x = 0, .ofs_y = 0},
    {.bitmap_index = 21657, .adv_w = 134, .box_w = 8, .box_h = 14, .ofs_x = 0, .ofs_y = 0},
    {.bitmap_index = 21713, .adv_w = 164, .box_w = 11, .box_h = 16, .ofs_x = 0, .ofs_y = -3},
    {.bitmap_index = 21801, .adv_w = 134, .box_w = 8, .box_h = 14, .ofs_x = 0, .ofs_y = -3},
    {.bitmap_index = 21857, .adv_w = 150, .box_w = 8, .box_h = 13, .ofs_x = 1, .ofs_y = -3},
    {.bitmap_index = 21909, .adv_w = 137, .box_w = 7, .box_h = 11, .ofs_x = 1, .ofs_y = -3},
    {.bitmap_index = 21948, .adv_w = 150, .box_w = 9, .box_h = 15, .ofs_x = 1, .ofs_y = 0},
    {.bitmap_index = 22016, .adv_w = 137, .box_w = 7, .box_h = 13, .ofs_x = 1, .ofs_y = 0},
    {.bitmap_index = 22062, .adv_w = 150, .box_w = 9, .box_h = 14, .ofs_x = 1, .ofs_y = 0},
    {.bitmap_index = 22125, .adv_w = 137, .box_w = 7, .box_h = 11, .ofs_x = 1, .ofs_y = 0},
    {.bitmap_index = 22164, .adv_w = 150, .box_w = 9, .box_h = 15, .ofs_x = 1, .ofs_y = 0},
    {.bitmap_index = 22232, .adv_w = 137, .box_w = 8, .box_h = 12, .ofs_x = 1, .ofs_y = 0},
    {.bitmap_index = 22280, .adv_w = 150, .box_w = 8, .box_h = 14, .ofs_x = 1, .ofs_y = 0},
    {.bitmap_index = 22336, .adv_w = 137, .box_w = 7, .box_h = 12, .ofs_x = 1, .ofs_y = 0},
    {.bitmap_index = 22378, .adv_w = 150, .box_w = 8, .box_h = 16, .ofs_x = 1, .ofs_y = 0},
    {.bitmap_index = 22442, .adv_w = 137, .box_w = 7, .box_h = 14, .ofs_x = 1, .ofs_y = 0},
    {.bitmap_index = 22491, .adv_w = 150, .box_w = 9, .box_h = 15, .ofs_x = 1, .ofs_y = 0},
    {.bitmap_index = 22559, .adv_w = 137, .box_w = 7, .box_h = 13, .ofs_x = 1, .ofs_y = 0},
    {.bitmap_index = 22605, .adv_w = 150, .box_w = 8, .box_h = 16, .ofs_x = 1, .ofs_y = -3},
    {.bitmap_index = 22669, .adv_w = 137, .box_w = 7, .box_h = 14, .ofs_x = 1, .ofs_y = -3},
    {.bitmap_index = 22718, .adv_w = 69, .box_w = 4, .box_h = 15, .ofs_x = 1, .ofs_y = 0},
    {.bitmap_index = 22748, .adv_w = 62, .box_w = 4, .box_h = 13, .ofs_x = 1, .ofs_y = 0},
    {.bitmap_index = 22774, .adv_w = 69, .box_w = 3, .box_h = 13, .ofs_x = 1, .ofs_y = -3},
    {.bitmap_index = 22794, .adv_w = 62, .box_w = 3, .box_h = 14, .ofs_x = 1, .ofs_y = -3},
    {.bitmap_index = 22815, .adv_w = 188, .box_w = 13, .box_h = 13, .ofs_x = 0, .ofs_y = -3},
    {.bitmap_index = 22900, .adv_w = 142, .box_w = 9, .box_h = 11, .ofs_x = 0, .ofs_y = -3},
    {.bitmap_index = 22950, .adv_w = 188, .box_w = 12, .box_h = 16, .ofs_x = 0, .ofs_y = 0},
    {.bitmap_index = 23046, .adv_w = 142, .box_w = 9, .box_h = 13, .ofs_x = 0, .ofs_y = 0},
    {.bitmap_index = 23105, .adv_w = 188, .box_w = 12, .box_h = 15, .ofs_x = 0, .ofs_y = 0},
    {.bitmap_index = 23195, .adv_w = 142, .box_w = 9, .box_h = 12, .ofs_x = 0, .ofs_y = 0},
    {.bitmap_index = 23249, .adv_w = 188, .box_w = 12, .box_h = 14, .ofs_x = 0, .ofs_y = 0},
    {.bitmap_index = 23333, .adv_w = 142, .box_w = 9, .box_h = 12, .ofs_x = 0, .ofs_y = 0},
    {.bitmap_index = 23387, .adv_w = 188, .box_w = 12, .box_h = 16, .ofs_x = 0, .ofs_y = 0},
    {.bitmap_index = 23483, .adv_w = 142, .box_w = 9, .box_h = 14, .ofs_x = 0, .ofs_y = 0},
    {.bitmap_index = 23546, .adv_w = 188, .box_w = 12, .box_h = 15, .ofs_x = 0, .ofs_y = 0},
    {.bitmap_index = 23636, .adv_w = 142, .box_w = 9, .box_h = 13, .ofs_x = 0, .ofs_y = 0},
    {.bitmap_index = 23695, .adv_w = 188, .box_w = 13, .box_h = 16, .ofs_x = 0, .ofs_y = -3},
    {.bitmap_index = 23799, .adv_w = 142, .box_w = 9, .box_h = 14, .ofs_x = 0, .ofs_y = -3},
    {.bitmap_index = 23862, .adv_w = 188, .box_w = 12, .box_h = 14, .ofs_x = 0, .ofs_y = 0},
    {.bitmap_index = 23946, .adv_w = 142, .box_w = 9, .box_h = 11, .ofs_x = 0, .ofs_y = 0},
    {.bitmap_index = 23996, .adv_w = 188, .box_w = 12, .box_h = 14, .ofs_x = 0, .ofs_y = 0},
    {.bitmap_index = 24080, .adv_w = 142, .box_w = 9, .box_h = 11, .ofs_x = 0, .ofs_y = 0},
    {.bitmap_index = 24130, .adv_w = 188, .box_w = 12, .box_h = 16, .ofs_x = 0, .ofs_y = 0},
    {.bitmap_index = 24226, .adv_w = 142, .box_w = 9, .box_h = 13, .ofs_x = 0, .ofs_y = 0},
    {.bitmap_index = 24285, .adv_w = 188, .box_w = 12, .box_h = 15, .ofs_x = 0, .ofs_y = 0},
    {.bitmap_index = 24375, .adv_w = 143, .box_w = 9, .box_h = 11, .ofs_x = 0, .ofs_y = 0},
    {.bitmap_index = 24425, .adv_w = 188, .box_w = 12, .box_h = 16, .ofs_x = 0, .ofs_y = -3},
    {.bitmap_index = 24521, .adv_w = 142, .box_w = 9, .box_h = 14, .ofs_x = 0, .ofs_y = -3},
    {.bitmap_index = 24584, .adv_w = 177, .box_w = 9, .box_h = 13, .ofs_x = 1, .ofs_y = -3},
    {.bitmap_index = 24643, .adv_w = 152, .box_w = 9, .box_h = 11, .ofs_x = 0, .ofs_y = -3},
    {.bitmap_index = 24693, .adv_w = 177, .box_w = 10, .box_h = 16, .ofs_x = 1, .ofs_y = 0},
    {.bitmap_index = 24773, .adv_w = 152, .box_w = 9, .box_h = 13, .ofs_x = 0, .ofs_y = 0},
    {.bitmap_index = 24832, .adv_w = 179, .box_w = 12, .box_h = 14, .ofs_x = 1, .ofs_y = 0},
    {.bitmap_index = 24916, .adv_w = 153, .box_w = 10, .box_h = 11, .ofs_x = 0, .ofs_y = 0},
    {.bitmap_index = 24971, .adv_w = 179, .box_w = 12, .box_h = 14, .ofs_x = 1, .ofs_y = 0},
    {.bitmap_index = 25055, .adv_w = 153, .box_w = 10, .box_h = 11, .ofs_x = 0, .ofs_y = 0},
    {.bitmap_index = 25110, .adv_w = 179, .box_w = 12, .box_h = 16, .ofs_x = 1, .ofs_y = 0},
    {.bitmap_index = 25206, .adv_w = 153, .box_w = 10, .box_h = 13, .ofs_x = 0, .ofs_y = 0},
    {.bitmap_index = 25271, .adv_w = 179, .box_w = 12, .box_h = 15, .ofs_x = 1, .ofs_y = 0},
    {.bitmap_index = 25361, .adv_w = 153, .box_w = 10, .box_h = 11, .ofs_x = 0, .ofs_y = 0},
    {.bitmap_index = 25416, .adv_w = 179, .box_w = 12, .box_h = 16, .ofs_x = 1, .ofs_y = -3},
    {.bitmap_index = 25512, .adv_w = 153, .box_w = 10, .box_h = 14, .ofs_x = 0, .ofs_y = -3},
    {.bitmap_index = 25582, .adv_w = 145, .box_w = 10, .box_h = 14, .ofs_x = -1, .ofs_y = 0},
    {.bitmap_index = 25652, .adv_w = 125, .box_w = 9, .box_h = 14, .ofs_x = -1, .ofs_y = -3},
    {.bitmap_index = 25715, .adv_w = 145, .box_w = 10, .box_h = 13, .ofs_x = -1, .ofs_y = -3},
    {.bitmap_index = 25780, .adv_w = 125, .box_w = 9, .box_h = 11, .ofs_x = -1, .ofs_y = -3},
    {.bitmap_index = 25830, .adv_w = 145, .box_w = 11, .box_h = 15, .ofs_x = -1, .ofs_y = 0},
    {.bitmap_index = 25913, .adv_w = 125, .box_w = 9, .box_h = 16, .ofs_x = 0, .ofs_y = -3},
    {.bitmap_index = 25985, .adv_w = 145, .box_w = 10, .box_h = 14, .ofs_x = -1, .ofs_y = 0},
    {.bitmap_index = 26055, .adv_w = 125, .box_w = 9, .box_h = 14, .ofs_x = -1, .ofs_y = -3},
    {.bitmap_index = 26118, .adv_w = 51, .box_w = 3, .box_h = 4, .ofs_x = 0, .ofs_y = 7},
    {.bitmap_index = 26124, .adv_w = 51, .box_w = 3, .box_h = 4, .ofs_x = 0, .ofs_y = 7},
    {.bitmap_index = 26130, .adv_w = 51, .box_w = 3, .box_h = 4, .ofs_x = 0, .ofs_y = -2},
    {.bitmap_index = 26136, .adv_w = 93, .box_w = 6, .box_h = 4, .ofs_x = 0, .ofs_y = 7},
    {.bitmap_index = 26148, .adv_w = 93, .box_w = 6, .box_h = 4, .ofs_x = 0, .ofs_y = 7},
    {.bitmap_index = 26160, .adv_w = 70, .box_w = 3, .box_h = 3, .ofs_x = 1, .ofs_y = 3},
    {.bitmap_index = 26165, .adv_w = 155, .box_w = 11, .box_h = 3, .ofs_x = 0, .ofs_y = 0},
    {.bitmap_index = 26182, .adv_w = 224, .box_w = 15, .box_h = 15, .ofs_x = -1, .ofs_y = -2},
    {.bitmap_index = 26295, .adv_w = 224, .box_w = 14, .box_h = 11, .ofs_x = 0, .ofs_y = 0},
    {.bitmap_index = 26372, .adv_w = 224, .box_w = 14, .box_h = 13, .ofs_x = 0, .ofs_y = -1},
    {.bitmap_index = 26463, .adv_w = 224, .box_w = 14, .box_h = 11, .ofs_x = 0, .ofs_y = 0},
    {.bitmap_index = 26540, .adv_w = 154, .box_w = 10, .box_h = 11, .ofs_x = 0, .ofs_y = 0},
    {.bitmap_index = 26595, .adv_w = 224, .box_w = 14, .box_h = 15, .ofs_x = 0, .ofs_y = -2},
    {.bitmap_index = 26700, .adv_w = 224, .box_w = 14, .box_h = 15, .ofs_x = 0, .ofs_y = -2},
    {.bitmap_index = 26805, .adv_w = 252, .box_w = 16, .box_h = 13, .ofs_x = 0, .ofs_y = -1},
    {.bitmap_index = 26909, .adv_w = 224, .box_w = 14, .box_h = 15, .ofs_x = 0, .ofs_y = -2},
    {.bitmap_index = 27014, .adv_w = 252, .box_w = 16, .box_h = 11, .ofs_x = 0, .ofs_y = 0},
    {.bitmap_index = 27102, .adv_w = 224, .box_w = 14, .box_h = 15, .ofs_x = 0, .ofs_y = -2},
    {.bitmap_index = 27207, .adv_w = 196, .box_w = 13, .box_h = 15, .ofs_x = 0, .ofs_y = -2},
    {.bitmap_index = 27305, .adv_w = 112, .box_w = 7, .box_h = 12, .ofs_x = 0, .ofs_y = -1},
    {.bitmap_index = 27347, .adv_w = 168, .box_w = 11, .box_h = 12, .ofs_x = 0, .ofs_y = -1},
    {.bitmap_index = 27413, .adv_w = 252, .box_w = 16, .box_h = 14, .ofs_x = 0, .ofs_y = -2},
    {.bitmap_index = 27525, .adv_w = 196, .box_w = 13, .box_h = 13, .ofs_x = 0, .ofs_y = -1},
    {.bitmap_index = 27610, .adv_w = 224, .box_w = 14, .box_h = 13, .ofs_x = 0, .ofs_y = -1},
    {.bitmap_index = 27701, .adv_w = 224, .box_w = 14, .box_h = 13, .ofs_x = 0, .ofs_y = -1},
    {.bitmap_index = 27792, .adv_w = 224, .box_w = 14, .box_h = 11, .ofs_x = 0, .ofs_y = 0},
    {.bitmap_index = 27869, .adv_w = 154, .box_w = 10, .box_h = 15, .ofs_x = 0, .ofs_y = -2},
    {.bitmap_index = 27944, .adv_w = 196, .box_w = 10, .box_h = 14, .ofs_x = 1, .ofs_y = -2},
    {.bitmap_index = 28014, .adv_w = 196, .box_w = 13, .box_h = 15, .ofs_x = 0, .ofs_y = -2},
    {.bitmap_index = 28112, .adv_w = 196, .box_w = 13, .box_h = 13, .ofs_x = 0, .ofs_y = -1},
    {.bitmap_index = 28197, .adv_w = 196, .box_w = 13, .box_h = 13, .ofs_x = 0, .ofs_y = -1},
    {.bitmap_index = 28282, .adv_w = 196, .box_w = 10, .box_h = 14, .ofs_x = 1, .ofs_y = -2},
    {.bitmap_index = 28352, .adv_w = 196, .box_w = 14, .box_h = 13, .ofs_x = -1, .ofs_y = -1},
    {.bitmap_index = 28443, .adv_w = 140, .box_w = 9, .box_h = 13, .ofs_x = 0, .ofs_y = -1},
    {.bitmap_index = 28502, .adv_w = 140, .box_w = 9, .box_h = 13, .ofs_x = 0, .ofs_y = -1},
    {.bitmap_index = 28561, .adv_w = 196, .box_w = 13, .box_h = 13, .ofs_x = 0, .ofs_y = -1},
    {.bitmap_index = 28646, .adv_w = 196, .box_w = 13, .box_h = 13, .ofs_x = 0, .ofs_y = -1},
    {.bitmap_index = 28731, .adv_w = 196, .box_w = 13, .box_h = 13, .ofs_x = 0, .ofs_y = -1},
    {.bitmap_index = 28816, .adv_w = 196, .box_w = 13, .box_h = 13, .ofs_x = 0, .ofs_y = -1},
    {.bitmap_index = 28901, .adv_w = 196, .box_w = 13, .box_h = 4, .ofs_x = 0, .ofs_y = 3},
    {.bitmap_index = 28927, .adv_w = 252, .box_w = 16, .box_h = 11, .ofs_x = 0, .ofs_y = 0},
    {.bitmap_index = 29015, .adv_w = 280, .box_w = 18, .box_h = 15, .ofs_x = 0, .ofs_y = -2},
    {.bitmap_index = 29150, .adv_w = 252, .box_w = 17, .box_h = 15, .ofs_x = -1, .ofs_y = -2},
    {.bitmap_index = 29278, .adv_w = 224, .box_w = 14, .box_h = 13, .ofs_x = 0, .ofs_y = -1},
    {.bitmap_index = 29369, .adv_w = 196, .box_w = 13, .box_h = 8, .ofs_x = 0, .ofs_y = 1},
    {.bitmap_index = 29421, .adv_w = 196, .box_w = 13, .box_h = 8, .ofs_x = 0, .ofs_y = 1},
    {.bitmap_index = 29473, .adv_w = 280, .box_w = 18, .box_h = 11, .ofs_x = 0, .ofs_y = 0},
    {.bitmap_index = 29572, .adv_w = 224, .box_w = 14, .box_h = 11, .ofs_x = 0, .ofs_y = 0},
    {.bitmap_index = 29649, .adv_w = 224, .box_w = 14, .box_h = 15, .ofs_x = 0, .ofs_y = -2},
    {.bitmap_index = 29754, .adv_w = 224, .box_w = 14, .box_h = 15, .ofs_x = 0, .ofs_y = -2},
    {.bitmap_index = 29859, .adv_w = 217, .box_w = 14, .box_h = 15, .ofs_x = 0, .ofs_y = -2},
    {.bitmap_index = 29964, .adv_w = 224, .box_w = 14, .box_h = 15, .ofs_x = 0, .ofs_y = -2},
    {.bitmap_index = 30069, .adv_w = 196, .box_w = 13, .box_h = 13, .ofs_x = 0, .ofs_y = -1},
    {.bitmap_index = 30154, .adv_w = 196, .box_w = 13, .box_h = 15, .ofs_x = 0, .ofs_y = -2},
    {.bitmap_index = 30252, .adv_w = 196, .box_w = 13, .box_h = 13, .ofs_x = 0, .ofs_y = -1},
    {.bitmap_index = 30337, .adv_w = 196, .box_w = 13, .box_h = 12, .ofs_x = 0, .ofs_y = -1},
    {.bitmap_index = 30415, .adv_w = 224, .box_w = 14, .box_h = 11, .ofs_x = 0, .ofs_y = 0},
    {.bitmap_index = 30492, .adv_w = 140, .box_w = 10, .box_h = 15, .ofs_x = -1, .ofs_y = -2},
    {.bitmap_index = 30567, .adv_w = 196, .box_w = 13, .box_h = 15, .ofs_x = 0, .ofs_y = -2},
    {.bitmap_index = 30665, .adv_w = 196, .box_w = 13, .box_h = 15, .ofs_x = 0, .ofs_y = -2},
    {.bitmap_index = 30763, .adv_w = 252, .box_w = 16, .box_h = 15, .ofs_x = 0, .ofs_y = -2},
    {.bitmap_index = 30883, .adv_w = 252, .box_w = 16, .box_h = 11, .ofs_x = 0, .ofs_y = 0},
    {.bitmap_index = 30971, .adv_w = 224, .box_w = 16, .box_h = 15, .ofs_x = -1, .ofs_y = -2},
    {.bitmap_index = 31091, .adv_w = 168, .box_w = 11, .box_h = 15, .ofs_x = 0, .ofs_y = -2},
    {.bitmap_index = 31174, .adv_w = 168, .box_w = 11, .box_h = 15, .ofs_x = 0, .ofs_y = -2},
    {.bitmap_index = 31257, .adv_w = 280, .box_w = 18, .box_h = 13, .ofs_x = 0, .ofs_y = -1},
    {.bitmap_index = 31374, .adv_w = 196, .box_w = 13, .box_h = 15, .ofs_x = 0, .ofs_y = -2},
    {.bitmap_index = 31472, .adv_w = 280, .box_w = 18, .box_h = 10, .ofs_x = 0, .ofs_y = 0},
    {.bitmap_index = 31562, .adv_w = 280, .box_w = 18, .box_h = 10, .ofs_x = 0, .ofs_y = 0},
    {.bitmap_index = 31652, .adv_w = 280, .box_w = 18, .box_h = 10, .ofs_x = 0, .ofs_y = 0},
    {.bitmap_index = 31742, .adv_w = 280, .box_w = 18, .box_h = 10, .ofs_x = 0, .ofs_y = 0},
    {.bitmap_index = 31832, .adv_w = 280, .box_w = 18, .box_h = 10, .ofs_x = 0, .ofs_y = 0},
    {.bitmap_index = 31922, .adv_w = 280, .box_w = 18, .box_h = 12, .ofs_x = 0, .ofs_y = -1},
    {.bitmap_index = 32030, .adv_w = 196, .box_w = 12, .box_h = 15, .ofs_x = 0, .ofs_y = -2},
    {.bitmap_index = 32120, .adv_w = 196, .box_w = 13, .box_h = 15, .ofs_x = 0, .ofs_y = -2},
    {.bitmap_index = 32218, .adv_w = 224, .box_w = 15, .box_h = 15, .ofs_x = -1, .ofs_y = -2},
    {.bitmap_index = 32331, .adv_w = 140, .box_w = 9, .box_h = 15, .ofs_x = 0, .ofs_y = -2},
    {.bitmap_index = 32399, .adv_w = 224, .box_w = 14, .box_h = 15, .ofs_x = 0, .ofs_y = -2},
    {.bitmap_index = 32504, .adv_w = 280, .box_w = 18, .box_h = 11, .ofs_x = 0, .ofs_y = 0},
    {.bitmap_index = 32603, .adv_w = 252, .box_w = 16, .box_h = 15, .ofs_x = 0, .ofs_y = -2},
    {.bitmap_index = 32723, .adv_w = 168, .box_w = 11, .box_h = 15, .ofs_x = 0, .ofs_y = -2},
    {.bitmap_index = 32806, .adv_w = 225, .box_w = 15, .box_h = 10, .ofs_x = 0, .ofs_y = 0}
};

/*---------------------
 *  CHARACTER MAPPING
 *--------------------*/

static const uint16_t unicode_list_2[] = {
    0x0, 0x1, 0xf, 0x10
};

static const uint16_t unicode_list_6[] = {
    0x0, 0x1, 0x2, 0x4, 0x5, 0xa, 0xe, 0xcfe9,
    0xcff0, 0xcff3, 0xcff4, 0xcff5, 0xcff9, 0xcffb, 0xcffd, 0xd001,
    0xd004, 0xd009, 0xd00b, 0xd00e, 0xd00f, 0xd010, 0xd011, 0xd018,
    0xd022, 0xd026, 0xd02b, 0xd030, 0xd033, 0xd034, 0xd035, 0xd039,
    0xd03a, 0xd03b, 0xd03c, 0xd048, 0xd049, 0xd04d, 0xd04f, 0xd050,
    0xd056, 0xd058, 0xd059, 0xd05c, 0xd05f, 0xd060, 0xd061, 0xd063,
    0xd06c, 0xd07b, 0xd094, 0xd0a9, 0xd0ac, 0xd0ad, 0xd0af, 0xd0b1,
    0xd0c8, 0xd0cf, 0xd0d2, 0xd0db, 0xd0f0, 0xd104, 0xd10c, 0xd110,
    0xd143, 0xd1d3, 0xd203, 0xd228, 0xd229, 0xd22a, 0xd22b, 0xd22c,
    0xd26f, 0xd27b, 0xd2d5, 0xd2ec, 0xd3b5, 0xd3d5, 0xd542, 0xd55b,
    0xd7aa, 0xd88a
};

/*Collect the unicode lists and glyph_id offsets*/
static const lv_font_fmt_txt_cmap_t cmaps[] =
{
    {
        .range_start = 32, .range_length = 95, .glyph_id_start = 1,
        .unicode_list = NULL, .glyph_id_ofs_list = NULL, .list_length = 0, .type = LV_FONT_FMT_TXT_CMAP_FORMAT0_TINY
    },
    {
        .range_start = 160, .range_length = 224, .glyph_id_start = 96,
        .unicode_list = NULL, .glyph_id_ofs_list = NULL, .list_length = 0, .type = LV_FONT_FMT_TXT_CMAP_FORMAT0_TINY
    },
    {
        .range_start = 416, .range_length = 17, .glyph_id_start = 320,
        .unicode_list = unicode_list_2, .glyph_id_ofs_list = NULL, .list_length = 4, .type = LV_FONT_FMT_TXT_CMAP_SPARSE_TINY
    },
    {
        .range_start = 1024, .range_length = 96, .glyph_id_start = 324,
        .unicode_list = NULL, .glyph_id_ofs_list = NULL, .list_length = 0, .type = LV_FONT_FMT_TXT_CMAP_FORMAT0_TINY
    },
    {
        .range_start = 1168, .range_length = 2, .glyph_id_start = 420,
        .unicode_list = NULL, .glyph_id_ofs_list = NULL, .list_length = 0, .type = LV_FONT_FMT_TXT_CMAP_FORMAT0_TINY
    },
    {
        .range_start = 7840, .range_length = 90, .glyph_id_start = 422,
        .unicode_list = NULL, .glyph_id_ofs_list = NULL, .list_length = 0, .type = LV_FONT_FMT_TXT_CMAP_FORMAT0_TINY
    },
    {
        .range_start = 8216, .range_length = 55435, .glyph_id_start = 512,
        .unicode_list = unicode_list_6, .glyph_id_ofs_list = NULL, .list_length = 82, .type = LV_FONT_FMT_TXT_CMAP_SPARSE_TINY
    }
};

/*-----------------
 *    KERNING
 *----------------*/


/*Map glyph_ids to kern left classes*/
static const uint8_t kern_left_class_mapping[] =
{
    0, 0, 1, 2, 0, 3, 4, 5,
    2, 6, 7, 8, 9, 10, 9, 10,
    11, 12, 0, 13, 14, 15, 16, 17,
    18, 19, 12, 20, 20, 0, 0, 0,
    21, 22, 23, 24, 25, 22, 26, 27,
    28, 29, 29, 30, 31, 32, 29, 29,
    22, 33, 34, 35, 3, 36, 30, 37,
    37, 38, 39, 40, 41, 42, 43, 0,
    44, 0, 45, 46, 47, 48, 49, 50,
    51, 45, 52, 52, 53, 48, 45, 45,
    46, 46, 54, 55, 56, 57, 51, 58,
    58, 59, 58, 60, 41, 0, 0, 9,
    0, 61, 47, 62, 63, 64, 0, 65,
    0, 22, 8, 66, 0, 9, 22, 0,
    67, 0, 0, 0, 0, 51, 29, 9,
    0, 0, 8, 9, 0, 0, 0, 68,
    23, 23, 23, 23, 23, 23, 26, 25,
    26, 26, 26, 26, 29, 29, 29, 29,
    22, 29, 22, 22, 22, 22, 22, 0,
    22, 30, 30, 30, 30, 39, 69, 46,
    45, 45, 45, 45, 45, 45, 49, 47,
    49, 49, 49, 49, 51, 51, 70, 51,
    71, 45, 46, 46, 46, 46, 46, 9,
    46, 51, 51, 51, 51, 58, 46, 58,
    23, 45, 23, 45, 23, 72, 25, 47,
    25, 47, 25, 47, 25, 47, 22, 73,
    22, 48, 26, 49, 26, 49, 26, 49,
    26, 74, 26, 49, 28, 51, 28, 51,
    28, 51, 28, 51, 29, 45, 29, 45,
    29, 51, 29, 51, 29, 51, 29, 75,
    29, 51, 30, 51, 30, 51, 31, 53,
    53, 32, 48, 32, 48, 32, 73, 32,
    48, 32, 48, 29, 45, 29, 45, 29,
    45, 45, 29, 45, 22, 46, 22, 46,
    22, 46, 26, 49, 35, 55, 35, 55,
    35, 55, 3, 56, 3, 56, 3, 56,
    3, 56, 36, 57, 36, 76, 36, 57,
    30, 51, 30, 51, 30, 51, 30, 51,
    30, 51, 30, 77, 37, 58, 39, 58,
    39, 40, 60, 40, 60, 40, 60, 0,
    78, 79, 80, 81, 26, 26, 82, 83,
    25, 3, 29, 29, 30, 84, 84, 82,
    38, 29, 85, 29, 23, 86, 24, 83,
    87, 26, 38, 24, 29, 29, 38, 29,
    29, 29, 22, 29, 33, 25, 88, 85,
    22, 38, 87, 29, 29, 87, 84, 29,
    84, 22, 22, 29, 51, 46, 0, 89,
    51, 49, 59, 0, 51, 51, 59, 51,
    51, 51, 46, 51, 46, 47, 89, 58,
    46, 59, 51, 51, 51, 51, 90, 51,
    90, 46, 46, 51, 49, 49, 51, 0,
    47, 56, 51, 51, 51, 90, 90, 45,
    59, 51, 58, 51, 83, 0, 23, 45,
    23, 45, 23, 45, 23, 45, 23, 45,
    23, 45, 23, 45, 23, 45, 23, 45,
    23, 45, 23, 45, 23, 45, 26, 49,
    26, 49, 26, 49, 26, 49, 26, 49,
    26, 49, 26, 49, 26, 49, 29, 51,
    29, 51, 22, 46, 22, 46, 22, 46,
    22, 46, 22, 46, 22, 46, 22, 46,
    22, 79, 22, 79, 22, 79, 22, 79,
    22, 79, 30, 51, 30, 51, 30, 81,
    30, 81, 30, 81, 30, 81, 30, 81,
    39, 58, 39, 58, 39, 58, 39, 58,
    91, 92, 10, 91, 92, 9, 10, 0,
    0, 0, 0, 0, 0, 0, 0, 0,
    0, 0, 0, 0, 0, 0, 0, 0,
    0, 0, 0, 0, 0, 0, 0, 0,
    0, 0, 0, 0, 0, 0, 0, 0,
    0, 0, 0, 0, 0, 0, 0, 0,
    0, 0, 0, 0, 0, 0, 0, 0,
    0, 0, 0, 0, 0, 0, 0, 0,
    0, 0, 0, 0, 0, 0, 0, 0,
    0, 0, 0, 0, 0, 0, 0, 0,
    0, 0
};

/*Map glyph_ids to kern right classes*/
static const uint8_t kern_right_class_mapping[] =
{
    0, 0, 1, 2, 0, 3, 4, 5,
    2, 6, 7, 8, 9, 10, 9, 10,
    11, 12, 13, 14, 15, 16, 17, 12,
    18, 19, 20, 21, 21, 0, 0, 0,
    22, 23, 24, 25, 23, 25, 25, 25,
    23, 25, 25, 26, 25, 25, 25, 25,
    23, 25, 23, 25, 3, 27, 28, 29,
    29, 30, 31, 32, 33, 34, 35, 0,
    36, 0, 37, 38, 39, 39, 39, 0,
    39, 38, 40, 41, 38, 38, 42, 42,
    39, 42, 39, 42, 43, 44, 45, 46,
    46, 47, 46, 48, 0, 0, 35, 9,
    0, 49, 39, 50, 51, 52, 0, 53,
    0, 23, 8, 9, 9, 9, 23, 0,
    54, 0, 0, 0, 0, 42, 55, 9,
    0, 0, 8, 56, 0, 0, 0, 57,
    24, 24, 24, 24, 24, 24, 24, 23,
    25, 25, 25, 25, 25, 25, 25, 25,
    25, 25, 23, 23, 23, 23, 23, 0,
    23, 28, 28, 28, 28, 31, 25, 38,
    37, 37, 37, 37, 37, 37, 37, 39,
    39, 39, 39, 39, 58, 42, 59, 60,
    39, 42, 39, 39, 39, 39, 39, 9,
    39, 45, 45, 45, 45, 46, 38, 46,
    24, 37, 24, 37, 24, 37, 23, 39,
    23, 39, 23, 39, 23, 39, 25, 39,
    25, 39, 25, 39, 25, 39, 25, 39,
    25, 39, 25, 39, 23, 39, 23, 39,
    23, 39, 23, 39, 25, 38, 25, 61,
    25, 62, 25, 63, 25, 64, 25, 65,
    25, 42, 25, 65, 26, 66, 25, 38,
    42, 25, 38, 25, 38, 25, 38, 25,
    38, 25, 38, 25, 42, 25, 42, 25,
    42, 42, 25, 42, 23, 39, 23, 39,
    23, 39, 23, 39, 25, 42, 25, 42,
    25, 42, 3, 43, 3, 43, 3, 43,
    3, 43, 27, 44, 27, 44, 27, 44,
    28, 45, 28, 45, 28, 45, 28, 45,
    28, 45, 28, 45, 29, 46, 31, 46,
    31, 32, 48, 32, 48, 32, 48, 0,
    23, 39, 28, 45, 25, 25, 27, 25,
    23, 3, 25, 25, 26, 67, 25, 27,
    25, 25, 30, 25, 24, 25, 25, 25,
    67, 25, 30, 68, 25, 25, 25, 67,
    25, 25, 23, 25, 25, 23, 27, 30,
    23, 30, 25, 69, 25, 25, 27, 25,
    25, 68, 25, 30, 37, 23, 70, 70,
    71, 39, 47, 72, 70, 70, 70, 71,
    70, 70, 39, 70, 70, 39, 73, 46,
    39, 47, 70, 45, 70, 70, 73, 70,
    70, 72, 70, 47, 39, 39, 38, 70,
    39, 43, 70, 70, 74, 71, 70, 75,
    70, 70, 46, 70, 25, 70, 24, 37,
    24, 37, 24, 37, 24, 37, 24, 37,
    24, 37, 24, 37, 24, 37, 24, 37,
    24, 37, 24, 37, 24, 37, 25, 39,
    25, 39, 25, 39, 25, 39, 25, 39,
    25, 39, 25, 39, 25, 39, 25, 42,
    25, 76, 23, 39, 23, 39, 23, 39,
    23, 39, 23, 39, 23, 39, 23, 39,
    23, 39, 23, 39, 23, 39, 23, 39,
    23, 39, 28, 45, 28, 45, 28, 45,
    28, 45, 28, 45, 28, 45, 28, 45,
    31, 46, 31, 46, 31, 46, 31, 46,
    77, 78, 10, 77, 78, 9, 10, 0,
    0, 0, 0, 0, 0, 0, 0, 0,
    0, 0, 0, 0, 0, 0, 0, 0,
    0, 0, 0, 0, 0, 0, 0, 0,
    0, 0, 0, 0, 0, 0, 0, 0,
    0, 0, 0, 0, 0, 0, 0, 0,
    0, 0, 0, 0, 0, 0, 0, 0,
    0, 0, 0, 0, 0, 0, 0, 0,
    0, 0, 0, 0, 0, 0, 0, 0,
    0, 0, 0, 0, 0, 0, 0, 0,
    0, 0
};

/*Kern values between classes*/
static const int8_t kern_class_values[] =
{
    0, 1, 0, 0, 0, 0, 0, 0,
    0, 1, 0, 0, 2, 0, 0, 0,
    0, 2, 0, 0, 0, 0, 0, 0,
    0, 0, 0, 0, 0, 0, 0, 0,
    0, 0, 1, 0, 0, 0, 0, 0,
    0, 0, 0, 0, 0, 0, 0, 0,
    0, 0, 0, 2, 0, 0, 0, 0,
    0, 0, 0, 0, 0, 0, 0, 0,
    0, 0, 0, 0, 0, 0, 0, 0,
    0, 0, 0, 0, 1, 1, 1, 10,
    0, 6, -5, 0, 0, 0, 0, -12,
    -13, 2, 11, 5, 4, -9, 2, 11,
    1, 9, 2, 7, 0, 0, 0, 0,
    0, 0, 0, 0, 0, 0, 0, 13,
    2, -2, 0, 0, 0, 0, 0, 0,
    0, 0, 0, 0, 0, 0, 0, 0,
    -4, 4, 0, 4, 10, 0, -10, 0,
    0, 0, 0, 0, 0, 0, 0, 0,
    0, 0, 0, 0, 0, 0, 0, 0,
    0, 0, 0, 0, 0, -7, 0, 0,
    0, 0, 0, -4, 4, 4, 0, 0,
    -2, 0, -2, 2, 0, -2, 0, -2,
    -1, -4, 0, 0, 0, 0, -2, 0,
    0, -3, -3, 0, 0, -2, 0, -4,
    0, 0, 0, 0, 0, 0, 0, 0,
    0, -2, -2, 0, 0, 0, 0, 0,
    0, -3, 0, 0, -2, 0, 0, 0,
    0, 0, 0, 0, 0, 0, -4, 0,
    -5, 0, 0, -1, -3, 0, 0, 0,
    -6, -2, 0, -6, 0, -27, 0, 0,
    -4, 0, 4, 7, 0, 0, -4, 2,
    2, 7, 4, -4, 4, 0, 0, -13,
    0, 0, 0, 0, 0, 0, 0, 0,
    0, 0, 0, -8, 0, 0, 0, 0,
    0, 0, 0, 0, 0, 0, 0, 0,
    0, 0, 0, 0, 0, 0, 0, -6,
    0, 0, 0, 0, 0, 0, 0, 0,
    0, 0, 0, 0, 0, 0, 0, 0,
    0, 0, 0, 0, 0, 0, -4, -4,
    -3, -11, 0, -9, -2, 0, 0, 0,
    0, 0, 9, 0, -7, -2, -1, 1,
    0, -4, 0, 0, -2, -17, 0, 0,
    0, 0, 0, 0, 0, 0, 0, 0,
    0, -18, -2, 9, 0, 0, 0, 0,
    0, 0, 0, 0, 0, 0, 0, 0,
    -2, 0, 0, 0, 0, -9, -10, 0,
    -1, 0, 0, 0, 0, 0, 0, 0,
    0, 0, 0, 0, 0, 0, 0, 0,
    0, 0, 0, 0, -7, -6, 0, 0,
    0, 0, 0, 0, 0, 0, 0, 0,
    7, 0, 2, 0, 0, -4, 0, 0,
    0, 0, 0, 0, 0, 0, 0, 0,
    0, 0, 0, 0, 0, 0, 0, 9,
    2, 1, 0, 0, 0, 0, 0, 0,
    0, 0, 0, 0, 0, 0, 0, 0,
    0, 3, 0, 0, 0, 0, 0, 0,
    0, 0, 0, 0, 0, 0, 0, 0,
    0, 0, 0, 0, 0, 0, 0, 0,
    0, 0, 0, 0, 0, 0, 0, 0,
    0, 0, 0, 0, 0, 0, 0, 0,
    0, 0, 0, 0, 0, 0, 0, 0,
    0, 0, 0, 0, 0, 0, -8, 0,
    0, 0, 0, 0, 0, 0, 0, 0,
    0, 0, 0, 0, 0, 0, 0, 0,
    0, 0, 0, 0, 0, 0, 0, 0,
    0, 0, 0, 0, 0, 0, 0, 0,
    0, 0, 0, 0, 0, 0, 0, 0,
    -7, 0, 0, 0, 0, 0, 0, 0,
    0, 0, 2, 4, 2, 7, -2, 0,
    0, 4, -2, -7, -31, 2, 6, 4,
    0, -3, 0, 8, 0, 7, 0, 7,
    0, -21, 0, -3, 7, 0, 7, -2,
    4, 2, 0, 0, 1, -2, 0, 0,
    -4, 18, 0, 18, 0, 7, 0, 9,
    3, 4, 0, 0, 2, 0, 0, 7,
    8, 3, -18, 18, 18, 18, 0, 7,
    18, 18, 18, 0, 0, 0, 0, 18,
    0, 0, 0, 0, 0, 18, 7, 7,
    0, 0, 0, -8, 0, 0, 0, 0,
    1, -2, 0, 2, -4, -3, -4, 2,
    0, -2, 0, 0, 0, -9, 0, 0,
    0, 0, 0, 0, 0, 0, 0, 0,
    0, -15, 0, 0, 0, 0, 0, 0,
    0, 0, 0, 0, 0, 0, 0, 0,
    0, 0, 2, -5, 2, 0, -19, -2,
    0, 0, 0, 0, 0, 0, 0, 0,
    0, 0, 0, 0, 0, 0, 0, 0,
    0, 0, 0, 0, 0, 0, 1, -12,
    0, -14, 0, 0, 0, 0, -2, 0,
    22, -3, -3, 2, 2, -2, 0, -3,
    2, 0, 0, -12, 0, 0, 0, 0,
    0, 0, 0, 0, 0, 0, 0, -22,
    0, 2, 0, 0, 0, 0, 0, 0,
    0, 0, 0, 0, 0, 0, 1, 0,
    -2, -7, 0, -14, -29, 1, 2, 0,
    0, 0, 0, 0, 0, 0, 0, 0,
    0, 0, 0, 0, 0, 0, 0, 0,
    0, 0, -4, -4, 0, 13, 0, 0,
    -8, 0, 7, 0, -15, -22, -15, -4,
    7, 0, 0, -15, 0, 3, -5, 0,
    -3, 0, 0, 0, 0, 0, 0, 0,
    0, 0, 0, 0, 0, 6, 7, -27,
    0, 0, 0, 0, 0, 0, 0, 0,
    0, 0, 0, 0, -15, -2, 0, 9,
    -4, 11, 0, -11, -17, 0, 0, 0,
    0, 0, 0, 0, 0, 0, 0, 0,
    0, 0, 0, 0, 0, 0, 0, 0,
    11, 12, 0, 2, 0, 0, 0, 0,
    0, 2, 2, -3, -4, 0, -1, -1,
    -2, 0, 0, -2, 0, 0, 0, -4,
    0, -2, 0, -5, -4, 0, -6, -7,
    -7, -4, 0, -4, 0, -4, 0, 0,
    0, 0, -2, 0, 0, 2, 0, 2,
    -2, 0, 0, 0, 0, -3, 0, 1,
    0, 0, -7, 0, 0, 0, 0, 0,
    0, 0, 0, -2, 0, 0, 0, 0,
    0, 0, 0, -2, 0, 0, 0, 0,
    0, 0, 0, 2, -2, 0, 0, 0,
    -2, 2, 2, -1, 0, 0, 0, -4,
    0, -1, 0, 0, 0, 0, 0, 1,
    0, 3, -2, 0, -3, 0, -4, 0,
    0, -2, 0, 7, 0, 0, -2, 0,
    0, 0, 0, 0, -1, 1, -2, -2,
    0, 0, 0, 0, 0, 0, 0, 0,
    0, 0, 0, 0, 0, 0, 0, 0,
    0, 0, 0, 0, 0, 0, 0, 0,
    0, 0, 0, 0, 0, 0, 0, -2,
    0, -2, 0, 0, 0, 0, 0, 0,
    0, 0, 0, -1, -1, 0, -2, -3,
    0, 0, 0, 0, 0, 1, 0, 0,
    -2, 0, -2, -2, -2, 0, 0, 0,
    0, 0, 0, 0, 0, 0, -1, 0,
    0, 0, 0, -2, -3, 0, 0, 0,
    0, 0, 0, -3, 0, 0, 0, 0,
    0, 0, 0, 0, 0, 0, 0, -1,
    0, 0, 0, 0, 0, 0, 0, -1,
    0, 0, 0, 0, 0, -7, -2, -7,
    4, 0, 0, -4, 2, 4, 6, 0,
    -6, -1, -3, 0, -1, -11, 2, -2,
    2, -12, 2, 0, 0, 1, -12, 0,
    -12, -2, -19, -2, 0, -11, 0, 4,
    6, 0, 3, 0, 0, 0, 0, 0,
    0, -4, -3, 0, 0, 2, 2, -2,
    5, -7, -4, 0, 2, 0, 0, 0,
    0, 0, 0, 0, 0, 0, 0, 0,
    0, 0, 0, 0, 0, 0, 0, 0,
    -5, -2, 0, 0, 0, -2, 0, 0,
    0, -2, 0, 0, 0, 0, 0, -1,
    -1, 0, -1, -3, 0, 0, 0, 0,
    0, 0, 0, -2, -2, 0, -2, -3,
    -2, 0, 0, -2, 0, 0, 0, 0,
    0, 0, 0, 0, 0, 0, 0, -2,
    -2, 0, 0, 0, 0, 0, 0, -3,
    0, 0, 0, 0, 0, 0, 0, 0,
    0, 0, 0, 0, 0, 0, 0, 0,
    0, 0, 0, 0, 0, 0, 0, 0,
    0, -2, 0, -4, 2, 0, 0, -3,
    1, 2, 2, 0, 0, 0, 0, 0,
    0, -2, 0, 0, 0, 0, 0, 2,
    0, 0, -2, 0, -2, -2, -3, 0,
    0, 0, 0, 0, 0, 0, 2, 0,
    -2, 0, 0, 0, 0, -2, -3, 0,
    0, 0, 2, 0, 4, -4, 0, 0,
    0, 0, 0, 0, 0, 0, 0, 0,
    0, -2, 0, 0, 0, 0, 0, 0,
    0, -2, 0, 0, -2, 0, 0, 7,
    -2, 1, -7, 0, 0, 6, -11, -12,
    -9, -4, 2, 0, -2, -15, -4, 0,
    -4, 0, -4, 3, -4, -14, 0, -6,
    0, 0, 1, -1, 2, -2, 0, 2,
    0, -7, -9, 0, -11, -5, -5, -5,
    -7, -3, -6, 0, -4, -6, -6, -3,
    -4, 3, -2, 1, 6, -4, -14, -5,
    -5, -5, 0, -5, -5, -5, -5, -5,
    0, 0, 0, -5, 0, 0, 0, -5,
    0, -5, 2, 4, 0, 1, 0, -2,
    0, 0, 0, 2, 0, 2, 0, 0,
    0, 0, 0, 0, 0, 0, 0, 0,
    0, -2, 0, -1, 0, -1, -2, 0,
    -4, -5, -5, -1, 0, -7, 0, 0,
    0, 0, 0, 0, -2, 0, 0, 0,
    0, 1, -1, 0, 0, 0, 0, -2,
    2, 0, 0, 0, -4, 0, 0, 0,
    0, 0, 0, 0, 0, -2, 0, 0,
    0, 0, 0, 0, 0, -2, 0, 0,
    -1, 0, 0, 2, 0, 0, 0, 0,
    0, 0, 0, 0, 11, 0, 0, 0,
    0, 0, 0, 2, 0, 0, 0, -2,
    0, 0, 0, 0, 0, 0, 0, 0,
    0, 0, 0, -4, 0, 2, 0, 0,
    0, 0, 0, 0, 0, 0, 0, 0,
    0, 0, 0, 0, 0, -9, 0, 0,
    0, 0, 0, 0, 0, 0, 0, 0,
    0, 0, 0, 0, 0, 0, 0, 0,
    0, 0, 0, 0, 0, 0, 0, 0,
    -2, 0, 0, 0, -4, 0, 0, 0,
    0, -11, -7, 0, 0, 0, -3, -11,
    0, 0, -2, 2, 0, -6, 0, 0,
    0, 0, 0, 0, 0, 0, 0, 0,
    -4, 0, 0, -4, 0, 0, 0, 0,
    0, 0, 0, 0, 0, 0, 0, 0,
    -2, 0, 0, -3, 0, 2, 0, 2,
    -24, 0, 0, 0, 0, 0, 0, 0,
    0, 0, 0, 0, 0, 0, 0, 0,
    0, 0, 0, 0, 5, 5, 0, -4,
    0, 0, 0, 0, 3, 0, 2, -4,
    -4, 0, -2, -2, -3, 0, 0, 0,
    0, 0, 0, -7, 0, -2, 0, -3,
    -2, 0, -5, -6, -7, -2, 0, -4,
    0, -7, 0, 0, 0, 0, 18, 0,
    0, 1, 0, 0, -3, 0, 0, 0,
    0, 0, 0, 2, 0, 0, -4, 0,
    0, 0, 0, 0, 0, 0, 0, 18,
    -4, -4, -3, 0, -4, -4, -3, 18,
    0, 0, -3, -3, 0, -10, 0, 0,
    0, 0, 0, -21, -4, 7, 7, -2,
    -9, 0, 2, -3, 0, -11, -1, -3,
    2, -16, -2, 3, 0, 3, -8, -3,
    -8, -7, -9, 0, 0, -13, 0, 13,
    0, 0, -1, 0, 0, 0, -1, -1,
    -2, -6, -7, 0, 2, 0, 0, 0,
    0, -21, -18, 3, 4, 0, 0, 0,
    0, 0, 0, 0, 0, 0, 1, 0,
    -11, 0, 1, 0, -10, 0, 0, 0,
    -7, -7, 0, 0, 0, 0, 0, 0,
    0, 0, 0, 1, 0, 0, 0, 0,
    0, 0, 0, 0, 0, 0, 0, 0,
    0, 0, 0, 0, -2, 0, -1, -2,
    -3, 0, 0, -4, 0, -2, 0, 0,
    0, 0, 0, 0, 0, 0, 0, 0,
    0, 0, 0, 0, 0, 0, 0, 0,
    0, 0, 0, 0, 0, 0, 0, 0,
    0, 0, 0, 0, 0, 0, 0, 0,
    0, 0, 0, 0, 0, 0, -2, -1,
    0, 0, -1, 0, -4, 0, 0, 4,
    -1, 3, 0, -5, 2, -2, -1, -6,
    -2, 0, -3, -2, -2, 0, -3, -4,
    0, 0, -2, -1, -2, -4, -3, 0,
    0, -2, 0, 2, -2, 0, -5, 0,
    0, 0, -4, 0, -4, 0, -4, -4,
    -2, 0, 0, 0, -2, 2, 2, -1,
    -3, 0, 0, 0, 0, 0, 0, 0,
    0, 0, -4, 0, -2, 0, -5, -3,
    -3, 0, 0, 0, 0, 3, 0, 0,
    0, 0, 0, 0, 0, 0, -4, 2,
    0, -3, 0, -2, -3, -7, -2, -2,
    -2, -1, -2, -3, -1, 0, 0, 0,
    0, 0, -2, -2, -2, 0, 0, 0,
    0, 3, -2, 0, -2, 0, 0, 0,
    -2, -3, -2, -2, -3, -2, -2, 0,
    0, 0, -2, 0, 0, 0, 0, 0,
    0, 0, 0, 0, 0, 0, 0, 0,
    0, 0, 0, 0, 0, 0, 0, 0,
    0, 0, 0, 0, 2, 9, -1, 0,
    -6, 0, -2, 4, 0, -2, -9, -3,
    3, 0, 0, -11, -4, 2, -4, 2,
    0, -2, -2, -7, 0, -3, 1, 0,
    0, -4, 0, 0, 0, 2, 2, -4,
    -4, 0, -4, -2, -3, -2, -2, 0,
    -4, 1, -4, -4, -2, 0, 0, 0,
    -2, 7, 2, -3, -11, -2, 3, 1,
    0, 1, 1, 1, -2, 2, -9, -3,
    -3, -2, -8, -5, -3, -3, 0, -2,
    4, 6, 0, 0, 0, 0, 0, 0,
    0, 0, 0, 2, 0, 0, 0, 0,
    0, 0, 0, 0, 0, 0, 0, 0,
    0, 0, 0, 0, 0, 0, 0, 0,
    0, 0, 0, -4, 0, 0, 0, 0,
    0, 0, 0, 0, 0, 0, 0, 0,
    0, 0, 0, 0, 0, 0, 0, 0,
    0, 0, 0, 0, 0, 0, 0, 0,
    0, 0, 0, 0, 0, 0, 0, 0,
    0, 0, 0, 0, 0, 0, -2, 0,
    0, 0, 0, 0, 0, 0, 0, 0,
    0, 0, 0, 0, 0, 0, 0, 0,
    0, 0, 0, 0, 0, 0, 0, 0,
    0, 0, 0, 0, -2, 0, 0, 0,
    0, 0, 0, 0, 0, 0, 0, 0,
    0, 0, 0, 0, 0, 0, 0, 0,
    0, 0, 0, 0, 0, 0, 0, 0,
    0, 0, 0, 0, 0, 0, 0, 0,
    0, 0, -2, 0, -4, 0, 0, 0,
    0, 0, 0, 0, 0, 0, 0, 0,
    0, 0, 0, 0, 0, 0, 0, -2,
    -2, 0, 0, 0, 0, 0, 0, 0,
    0, 0, 0, 0, 0, -3, 0, 0,
    -3, 0, 0, -2, -2, 0, 0, 0,
    0, -2, 0, 0, 0, 0, -1, 0,
    0, 0, 0, 0, -2, 0, 0, 0,
    0, 0, 0, 0, 0, 0, -2, 0,
    0, 0, 0, 0, 0, 0, 0, -1,
    -5, 0, -5, 0, -3, -3, -3, -1,
    0, 0, 0, 0, 0, 0, -3, 0,
    -4, 0, 0, 0, -7, 0, 2, -5,
    4, 0, -2, -11, 0, 0, -5, -2,
    0, -9, -6, -6, 0, 0, -10, -2,
    -9, -9, -11, 0, -6, 0, 2, 15,
    -3, 0, -5, -2, -1, -2, -4, -6,
    -4, -8, -9, -5, 0, 0, 0, 0,
    0, -2, -2, -1, 0, -2, -2, -2,
    0, -2, -2, -2, -2, -1, 0, -5,
    -6, -2, 0, -6, -10, -1, 0, -2,
    -4, 0, 0, 0, -2, 0, 1, 0,
    0, -16, -2, 7, 5, -5, -8, 0,
    1, -7, 0, -11, -2, -2, 4, -21,
    -3, 1, 0, 0, -15, -3, -12, -2,
    -16, 0, 0, -16, 0, 13, 1, 0,
    -2, 0, 0, 0, 0, -1, -2, -9,
    -2, 0, 0, 0, 0, 0, 0, -15,
    -17, 2, 0, 0, 0, 0, 0, 0,
    0, 0, 0, 0, 0, 0, 0, 0,
    0, 0, 0, 0, 0, 0, -10, -11,
    0, 0, 0, 0, -7, 0, -2, 0,
    -1, -6, -11, 0, 0, -1, -3, -7,
    -2, 0, -2, 0, 0, 0, 0, -10,
    -2, -7, -7, -2, -4, -6, -2, -4,
    0, -4, -2, -7, -3, 0, -3, -4,
    -2, -4, 0, 1, 0, -2, -7, 0,
    0, 0, 0, 0, 0, 4, 0, 0,
    -12, -4, -4, -4, 0, -4, -4, -4,
    -4, -2, -9, -4, -4, -4, -9, -4,
    -2, -2, 0, -4, 0, 2, 0, -4,
    0, 0, 0, 0, 3, 0, 2, -4,
    9, 0, -2, -2, -3, 0, 0, 0,
    0, 0, 0, -7, 0, -2, 0, -3,
    -2, 0, -5, -6, -7, -2, 0, -4,
    2, 9, 0, 0, 0, 0, 18, 0,
    0, 1, 0, 0, -3, 0, 0, 0,
    0, 0, 0, 2, 0, 0, -4, 0,
    0, 0, 0, 0, 0, 0, 0, 18,
    -4, -4, -3, 0, -4, -4, -3, 18,
    0, 0, -3, -3, 0, 0, 0, 0,
    0, 0, 0, 0, 0, 0, 0, 0,
    0, 0, -2, -4, 0, 0, 0, 0,
    0, -1, 0, 0, 0, -2, -2, 0,
    0, -4, -2, 0, 0, -4, 0, 4,
    -1, 0, 0, 0, 0, 0, 0, 1,
    0, 0, 0, 0, 0, 0, 0, 0,
    0, 3, 0, 0, -2, 0, 0, 0,
    0, 0, 0, 0, 0, 0, 0, 0,
    0, 0, 0, 0, 0, 0, 0, 0,
    1, 0, 4, 2, -2, 0, -7, -4,
    0, 7, -7, -7, -4, -4, 9, 4,
    2, -19, -2, 4, -2, 0, -2, 2,
    -2, -8, 0, -2, 2, -3, -2, -7,
    -2, 0, 0, 7, 4, 0, -6, 0,
    -12, -3, 6, -3, -9, 1, -3, -7,
    -7, -2, -4, 0, 0, 0, 0, 9,
    7, -3, -13, 3, 8, 4, 0, 5,
    7, 6, -3, 6, -8, 0, -3, -3,
    -15, -10, -4, 6, 9, -3, 6, 6,
    2, 0, -3, 0, -6, 0, 2, 7,
    -5, -8, -9, -6, 7, 0, 1, -16,
    -2, 2, -4, -2, -5, 0, -5, -8,
    -3, -3, -2, 0, 0, -5, -5, -2,
    0, 7, 5, -2, -12, 0, -12, -3,
    0, -8, -13, -1, -7, -4, -7, -6,
    -7, 0, 0, 0, 0, 6, 5, -3,
    -16, 4, 8, 4, 0, 6, 4, 10,
    -5, 7, -5, -1, 0, -8, -9, -11,
    -4, -4, 6, -5, 4, 7, 0, 0,
    -3, 0, -4, -2, 0, -2, -4, 0,
    4, -7, 2, 0, 0, -12, 0, -2,
    -5, -4, -2, -7, -6, -7, -5, 0,
    -7, -2, -5, -4, -7, -2, 0, 0,
    1, 11, -4, 0, -7, -2, 0, -2,
    -4, -5, -6, -6, -9, -3, -2, 0,
    0, 0, 0, -4, 0, -2, 1, -2,
    -2, -2, 0, -2, -2, -2, -2, 0,
    -2, -12, -8, -2, -3, -8, -12, 0,
    0, -2, 0, 2, 4, 0, -3, 0,
    -11, -3, 1, 4, -7, -8, -4, -7,
    7, -2, 1, -21, -4, 4, -5, -4,
    -8, 0, -7, -9, -3, -2, -2, -2,
    -5, -7, -1, 0, 0, 7, 6, -2,
    -15, 0, -13, -5, 5, -9, -15, -4,
    -8, -9, -11, -7, -9, 0, 0, 0,
    -4, 4, 5, -4, -18, 7, 6, 5,
    0, 5, 5, 8, -5, 5, -7, 0,
    -3, -9, -13, -12, -5, 5, 5, -9,
    3, 6, 0, 0, 0, 0, -3, 0,
    0, 2, -3, 4, 2, -4, 4, 0,
    0, -7, -1, 0, -1, 0, 1, 1,
    -2, 0, 0, 0, 0, 0, 0, -2,
    0, 0, 0, 0, 2, 7, 0, 0,
    -3, 0, 0, 0, 0, -2, -2, -3,
    0, 0, 1, 0, 0, 0, 0, 0,
    0, 0, 0, 0, 0, 0, 0, 0,
    0, 0, 0, 0, 0, 0, 0, 0,
    0, 0, 0, 0, 0, 0, 0, 0,
    1, 2, 0, 0, 0, 0, 2, 0,
    -2, 0, 9, 0, 4, 1, 1, -3,
    0, 4, 0, 0, 0, 2, 0, 0,
    0, 0, 0, 0, 0, 0, 0, 0,
    0, 7, 0, 6, 0, 0, 0, 0,
    0, 0, 0, 0, 0, 0, 0, 0,
    1, 0, 0, 3, 0, 0, 1, 0,
    0, 0, 0, 0, 0, 0, 0, 0,
    0, 0, 0, 0, 0, 0, 0, 0,
    0, 0, 0, 0, 0, 0, 0, -13,
    0, -2, 4, 0, 7, 0, 0, 22,
    3, -4, -4, 2, 2, -2, 1, -11,
    0, 0, 11, -13, 0, 0, 0, 0,
    0, 0, 0, 0, 0, 0, 0, -15,
    9, 31, 0, 0, 0, 0, 0, 0,
    0, 0, 0, 0, 0, 0, 9, 0,
    0, 0, 7, -13, -7, 2, 7, 0,
    0, 0, 0, 0, 0, 0, 0, 0,
    0, 0, 0, 0, 0, 0, 0, 0,
    0, 0, -12, -12, 0, 0, 0, 0,
    0, 0, 0, 0, 0, 0, 0, 0,
    0, 0, 0, 0, 0, 0, 0, 0,
    0, 0, 0, 0, 0, 0, -4, 0,
    0, -4, -2, 0, 0, 0, 0, 0,
    0, 0, 0, 0, 0, 0, 0, 0,
    0, 0, 0, 0, 0, 0, 0, 0,
    0, 0, 0, 0, 0, 0, 0, 0,
    0, 0, 0, 0, 0, 0, -2, -3,
    -3, 0, -3, -2, 0, 0, 0, 0,
    0, 0, 0, -2, 0, -6, 0, 0,
    1, 0, 0, 2, 29, -4, -2, 7,
    6, -6, 2, 0, 0, 2, 2, -3,
    0, 0, 0, 0, 0, 0, 0, 0,
    0, 0, 0, -29, 6, 0, 0, 0,
    0, 0, 0, 0, 0, 0, 0, 0,
    0, 0, 2, 4, -2, -2, 6, 0,
    -16, 2, 0, 0, 0, 0, 0, 0,
    0, 0, 0, 0, 0, 0, 0, 0,
    0, 0, 0, 0, 0, 0, 0, 0,
    0, 0, 0, -6, 0, 0, 0, -6,
    0, 0, 0, 0, -5, -1, 0, 0,
    0, -5, 0, -3, 0, -11, 0, 0,
    0, 0, 0, 0, 0, 0, 0, 0,
    0, -15, 0, 0, 0, 0, 1, 0,
    0, 0, 0, 0, 0, -2, 0, 0,
    0, 0, 0, 0, 0, -4, -5, 0,
    0, 0, 0, 0, 0, 0, 0, 0,
    0, 0, 0, 0, -12, 0, 0, 0,
    -3, 0, 0, 0, -3, -2, 0, -3,
    0, -6, 0, 0, 0, -4, 2, -3,
    0, 0, -6, -2, -5, 0, 0, -6,
    0, -2, 0, -11, 0, -2, 0, 0,
    -18, -4, -9, -2, -8, 0, 0, -15,
    0, -6, -1, 0, 0, 0, 0, 0,
    0, 0, 0, -3, -4, -2, 0, 0,
    0, 0, 0, -4, -5, 0, -2, 0,
    0, 0, 0, 0, 0, 0, 0, 0,
    -2, -5, -6, 0, -1, -1, -4, 0,
    0, 0, -3, 0, 0, 0, 0, 0,
    -5, 0, -5, 3, -2, 4, 0, -2,
    -5, -2, -4, -4, 0, -3, -1, -2,
    2, -6, -1, 0, 0, 0, -20, -2,
    -3, 0, -5, 0, -2, -11, -2, 0,
    0, -2, -2, 0, 0, 0, 0, 2,
    0, -2, -4, -2, 0, 0, 0, 0,
    -2, 4, 0, 0, -2, 0, 0, 0,
    -2, 0, 0, 0, 0, 0, 0, 0,
    -1, 0, -4, -4, -2, 0, 0, 0,
    4, 5, 0, 0, 0, 0, 0, 0,
    0, 0, 0, 0, 0, 0, 0, 0,
    0, 0, 0, 0, 0, 0, 0, 0,
    0, 0, 0, 0, 0, 0, 0, 0,
    0, 0, 0, 0, 0, 0, 0, 0,
    0, 0, 0, 0, 0, 3, 0, 0,
    0, 0, 0, 0, 0, 0, 0, 0,
    0, 0, 0, 0, 0, 0, 0, 0,
    0, 0, 0, 0, 0, 0, 0, 0,
    0, 0, 0, 0, 0, 0, 0, 0,
    0, -5, 0, -2, 0, 0, 0, -4,
    2, 0, 0, 0, -6, -2, -4, 0,
    0, -6, 0, -2, 0, -11, 0, 0,
    0, 0, -22, 0, -4, -8, -11, 0,
    0, -15, 0, -2, -3, 0, 0, 0,
    0, 0, 0, 0, 0, -2, -3, -1,
    0, 0, 0, 0, 0, -3, -4, 0,
    -2, 0, 0, 0, 0, 0, 0, 0,
    0, 0, -4, 0, -5, 0, -2, -3,
    -5, 0, 0, 0, -3, 0, 1, 0,
    0, 4, -3, 0, 7, 11, -2, -2,
    -7, 3, 11, 4, 5, -6, 3, 9,
    3, 6, 5, 6, 0, 0, 0, 0,
    0, 0, 0, 0, 0, 0, 0, 14,
    11, -4, -2, 0, -2, 18, 10, 18,
    0, 0, 0, 2, 0, 0, 0, 0,
    0, 0, 0, 8, 9, -1, -3, 15,
    11, 13, 7, 13, 11, 18, 18, 10,
    0, 0, 0, 18, 0, 0, 0, 10,
    0, 18, 11, 16, 0, 0, -4, 0,
    0, 0, 0, 0, 0, 0, 0, 0,
    -2, 0, 0, 0, 0, 0, 0, 0,
    0, 3, 0, 0, 0, 0, -19, -3,
    -2, -9, -11, 0, 0, -15, 0, 0,
    0, 0, 0, 0, 0, 0, 0, 0,
    0, 0, 0, 0, 0, 0, 0, 0,
    0, 0, 0, 0, 0, 0, 0, 0,
    0, 0, 0, 0, 0, 0, 0, -4,
    -9, 0, 0, -2, 0, 0, 0, 0,
    0, 0, 0, 0, -4, 0, 0, 0,
    0, 0, 0, 0, 0, 0, -2, 0,
    0, 0, 0, 0, 0, 0, 0, 3,
    0, 0, 0, 0, -19, -3, -2, -9,
    -11, 0, 0, -9, 0, 0, 0, 0,
    0, 0, 0, 0, 0, 0, 0, 0,
    0, 0, 0, 0, 0, 0, 0, 0,
    0, 0, 0, 0, 0, 0, 0, 0,
    0, 0, 0, 0, 0, -4, -9, 0,
    0, -2, 0, 0, 0, 0, 0, 0,
    0, 0, 0, 0, -2, 0, 0, 0,
    -5, 2, 0, -2, 2, 4, 2, -7,
    0, 0, -2, 2, 0, 2, 0, 0,
    0, 0, -6, 0, -2, -2, -4, 0,
    -2, -9, 0, 14, -2, 0, -5, -2,
    0, -2, -4, 0, -2, -6, -4, -3,
    0, 0, 0, 0, 0, 0, 0, 0,
    0, -2, -2, -2, 0, -2, -2, -2,
    -2, 0, 1, 0, -4, -2, 2, -5,
    0, 0, 0, -2, 1, 0, 0, 0,
    -4, 0, 0, 0, 0, 0, 0, 0,
    0, 0, -2, 0, 0, 0, 0, 0,
    0, 0, 0, 3, 0, 0, 0, 0,
    -19, -3, -2, -9, -11, 0, 0, -15,
    0, 0, 0, 0, 0, 0, 11, 0,
    0, 0, 0, 0, 0, 0, 0, 0,
    0, 0, 0, 0, 0, 0, 0, 0,
    0, 0, 0, 0, 0, 0, 0, 11,
    0, -4, -9, 0, 0, -2, 0, 0,
    0, 0, 0, 0, 0, 0, -4, 0,
    -7, -3, -2, 7, -2, -2, -9, 1,
    -1, 1, -2, -6, 0, 5, 0, 2,
    1, 2, -5, -9, -3, 0, -9, -4,
    -6, -9, -9, 0, -4, -4, -3, -3,
    -2, -2, -3, -2, 0, -2, -1, 3,
    0, 3, -2, 0, 0, 0, 0, 0,
    2, 7, 7, 1, -8, -2, -2, -2,
    -2, -2, -2, -2, -2, 0, -9, -4,
    -4, -2, -8, -5, 0, 0, 0, -2,
    7, 7, 0, 0, 0, 0, 0, 0,
    0, 0, 0, 0, 0, 0, -2, -2,
    -2, 0, 0, -6, 0, -1, 0, -4,
    0, 0, 0, 0, 0, 0, 0, 0,
    0, 0, 0, -13, 0, 0, 0, 0,
    0, 0, 0, 0, 0, 0, 0, -2,
    -2, 0, 0, 0, 0, 0, 0, -3,
    -5, 0, 0, 0, 0, 0, 0, 0,
    0, 0, 0, 0, 0, 0, 0, 0,
    0, 0, 0, 0, 0, 0, 0, 0,
    0, 0, 0, 0, -2, 0, 0, -4,
    -2, 2, 0, -4, -4, -2, 0, -6,
    -2, -5, -2, -3, 0, -4, 0, 0,
    0, 0, 0, 0, 0, 0, 0, 0,
    0, -15, 0, 7, 0, 0, -4, 0,
    0, 0, 0, -3, 0, -2, 0, 0,
    0, 0, 0, 0, -2, -1, -4, 0,
    0, 0, 0, 0, 0, 0, 0, 0,
    0, 0, 0, 0, 0, 0, 0, 0,
    0, 0, 0, 0, -2, 0, 0, 0,
    -2, 0, -5, 0, 0, 9, -3, -7,
    -7, 2, 2, 2, 0, -6, 2, 3,
    2, 7, 2, 7, -2, -6, 0, 0,
    -9, 0, 0, -7, -6, 0, 0, -4,
    0, -3, -4, 0, -3, 0, -3, 0,
    -2, 3, 0, -2, -7, -2, 0, 0,
    0, 0, 0, 8, 7, 0, -7, 0,
    0, 0, 0, 0, 0, 0, 0, -3,
    -6, 0, -3, 0, -6, -3, 1, -3,
    0, 0, 7, 4, 0, 0, -2, 0,
    -4, 0, 0, 3, -5, 0, 2, -2,
    2, 0, 0, -7, 0, -2, -1, 0,
    -2, 2, -2, 0, 0, 0, -9, -3,
    -5, 0, -7, 0, 0, -11, 0, 8,
    -2, 0, -4, 0, 1, 0, -2, 0,
    -2, -7, 0, -2, 0, 0, 0, 0,
    0, 2, 1, 0, 0, 0, 0, 0,
    0, 0, 0, 0, 0, 1, 0, -2,
    -5, 0, 0, -6, -2, 1, 0, 0,
    0, 0, 0, 0, 0, 0, -2, 0,
    0, 2, -3, 1, 0, 0, -3, -2,
    0, -3, 0, 0, 0, 0, 0, 0,
    0, 0, 0, 0, 0, 0, 0, 0,
    0, 0, 0, -14, 0, 5, 0, 0,
    -2, 0, 0, 0, 0, 0, 0, -2,
    -2, 0, 0, 0, 0, 0, 0, 0,
    0, 0, 0, 0, 0, 0, 0, 0,
    0, 0, 0, 0, 0, 0, 0, 0,
    0, 0, 0, 0, 0, 0, 0, 0,
    0, 0, 0, 0, 0, 0, 0, 0,
    0, 1, 9, 0, -4, 0, 0, 0,
    0, 0, 0, 0, 0, -1, 0, 0,
    0, 0, 0, 0, 0, 0, 0, 0,
    0, -12, 1, 2, 0, 0, 0, 0,
    0, 0, 0, 0, 0, 0, 0, 0,
    0, 0, 0, -4, 0, 0, 0, 0,
    0, 0, 0, 0, 0, 0, 0, 0,
    0, 0, 0, 0, 0, 0, 0, 0,
    0, 0, 0, 0, 1, 1, 0, 0,
    -2, 0, -8, 0, 0, 6, -7, -1,
    3, -8, 4, -2, -2, -8, -3, 2,
    -7, -4, -7, 0, -3, -10, 0, -4,
    0, 0, 0, -2, 2, 0, 0, 4,
    1, 4, -9, 0, -7, -4, -6, -4,
    -9, -4, -6, -4, -6, -9, -6, 0,
    0, 0, -2, 0, 3, -3, -5, -4,
    6, 2, 0, 2, 2, 5, -4, 6,
    -3, 0, 0, -4, 0, 0, 0, -6,
    0, -4, -1, 1, 0, 0, 0, 0,
    0, 0, 0, 0, 2, -2, 0, 0,
    0, -2, 0, 0, 0, -3, 0, 0,
    0, 0, 0, 0, 0, 0, 0, 0,
    0, 0, 0, 0, 0, 0, 0, -2,
    0, 0, 0, 0, 0, 0, 0, 0,
    0, 0, 0, 0, 0, 0, 0, 0,
    0, 0, 0, 0, -2, 0, 0, 0,
    0, 0, 0, 0, 0, 0, 0, 0,
    0, 0, 0, 0, 0, 0, 0, 0,
    0, 0, 2, 4, 0, 0, 0, 0,
    3, 0, -5, -7, -7, -3, 7, 0,
    2, -2, 0, 6, -2, 0, -9, 0,
    0, 0, 0, 0, 0, 0, 0, 0,
    0, 0, 0, 11, 3, -2, 0, 0,
    0, 0, 0, 0, 0, 0, 0, 0,
    0, 0, -4, 0, 0, 0, 0, 0,
    0, 0, -9, 0, 0, 0, 0, 0,
    0, 0, 0, 0, 0, 0, 0, 0,
    0, 0, 0, 0, 0, 0, 0, 2,
    0, 0, 0, 0, 0, 0, 0, 0,
    4, 0, 5, 0, 0, 0, 0, 4,
    0, 2, 2, 0, 0, 0, 0, 0,
    0, 0, 0, 0, 0, 0, 0, 0,
    0, 0, 0, 2, 0, 0, 0, 0,
    0, 0, 0, 0, 0, 0, 0, 0,
    0, 0, 0, 0, 0, 0, 0, 0,
    0, 0, 0, 0, 0, 0, 0, 0,
    0, 0, 0, 0, 0, 0, 0, 0,
    0, 0, 0, 0, 2, 2, 0, 0,
    0, 0, 0, 0, 0, 0, -2, 1,
    2, 0, -1, 0, 0, 2, 2, 0,
    0, 0, 0, -2, 0, 0, 0, 0,
    0, 0, 0, 0, 0, 0, 0, -13,
    0, 2, 0, 0, 0, 0, 0, 0,
    0, 0, 0, 0, 0, 0, 0, 0,
    0, 0, 0, 0, 0, 0, 2, 0,
    0, 0, 0, 0, 0, 0, 0, 0,
    0, 0, 0, 0, 0, 0, 0, 0,
    0, 0, 0, 0, 0, 4, 0, 5,
    0, 0, 0, 0, 0, -14, -13, 1,
    10, 7, 4, -9, 2, 9, 0, 8,
    0, 4, 0, 0, 0, 0, 0, 0,
    0, 0, 0, 0, 0, 12, 0, 0,
    0, 0, 0, 0, 0, 0, 0, 0,
    0, 0, 0, 0, 0, 0, 0, 0,
    0, 0, 0, 0, -14, 0, 0, 0,
    0, 0, 0, 0, 0, 0, 0, 0,
    0, 0, 0, 0, 0, 0, 0, 0,
    0, 0, -1, -8, 0, -13, -4, 0,
    0, 0, -9, 1, 9, -11, -10, 0,
    0, -10, 0, -10, -10, 0, -1, -30,
    0, 0, 0, 0, 0, 0, 0, 0,
    0, 0, 0, -21, 2, 11, 0, 0,
    0, 0, 0, 0, 0, 0, 0, 0,
    0, 0, 0, 2, -4, -11, 1, -13,
    -20, -2, -6, 0, 0, 0, 0, 0,
    0, 0, 0, 0, 0, 0, 0, 0,
    0, 0, 0, 0, 0, 0, -5, -4,
    0, 0, 0, 0, 0, 0, 0, 0,
    0, -5, -7, 0, -4, -6, -4, 0,
    -2, 0, 0, 0, 0, -7, 0, -7,
    0, -9, -6, 0, -2, -7, -7, -4,
    0, -9, 0, -7, -2, 0, 0, 0,
    -2, 0, 0, 1, 0, 0, -2, 0,
    0, 0, 0, 0, 0, 0, 0, 0,
    -6, 0, 0, 0, 0, 0, 0, 0,
    0, -2, 0, 0, 0, 0, 0, 0,
    0, -2, 0, 0, 0, 0, 0, 0,
    -4, 0, 0, 0, 0, 18, 0, 0,
    0, 0, -2, 0, 0, 0, 0, 0,
    0, 0, 0, 9, 0, 0, 0, 0,
    -19, -3, -2, -9, -11, 0, 0, -15,
    0, 0, 0, 0, 0, 0, 0, 0,
    0, 0, 0, 0, 0, 0, 0, 0,
    0, 0, 0, 0, 0, 0, 0, 0,
    0, 0, 0, 0, 0, 0, 0, 0,
    0, -4, -9, 0, 0, -2, 0, 0,
    0, 0, 0, 0, 0, 0, 0, 0,
    0, 0, 0, 2, 0, -4, 0, 2,
    0, 0, -2, 0, 0, 0, 0, 0,
    0, -2, 0, 0, 0, 0, 0, 0,
    0, 0, 0, 0, 0, -2, 0, -4,
    0, 0, 0, 0, 0, 0, 0, 0,
    0, 0, 0, 0, 0, 0, 0, 0,
    0, 4, 0, 0, -2, 0, 0, 0,
    0, 0, 0, 0, 0, 0, 0, 0,
    0, 0, 0, 0, 0, 0, 0, 0,
    0, 2, 0, 0, 0, -6, 0, 0,
    0, -6, 0, 0, 0, 0, -5, -1,
    0, 0, 0, -5, 0, -3, 0, -11,
    0, 0, 0, 0, 0, 0, 0, 0,
    0, 0, 0, -15, 0, 0, 0, 0,
    1, 0, 4, 0, 0, 0, 0, -2,
    0, 0, 0, 0, 0, 0, 0, -4,
    -5, 0, 0, 0, 0, 0, 0, 0,
    0, 0, 0, 4, 0, 0, -12, 0,
    0, 0, -3, 0, 0, 0, -3, -2,
    0, 0, 0, 0, 0, 0, 0, 0,
    0, 0, 0, 0, 0, 0, 0, 0,
    0, 0, 0, 0, 0, 0, 0, 0,
    0, 0, 0, 0, 0, 0, 0, 0,
    0, 0, 0, 0, 0, 15, 0, 16,
    15, 2, 0, 10, 2, 2, 2, 2,
    0, 0, 0, 0, 0, 0, 0, 0,
    0, 2, 2, 2, 15, 2, 2, 2,
    2, 0, 0, 0, 0, 2, 0, 0,
    0, 0, 0, 2, 0, 0, 0, -5,
    0, -2, 0, 0, 0, -4, 2, 0,
    0, 0, -6, -2, -4, 0, 0, -6,
    0, -2, 0, -11, 0, 0, 0, 0,
    -22, 0, -4, -8, -11, 0, 0, -15,
    0, -2, -3, 0, 0, 0, 7, 0,
    0, 0, 0, -2, -3, -1, 0, 0,
    0, 0, 0, -3, -4, 0, -2, 0,
    0, 0, 0, 0, 0, 0, 0, 7,
    -4, 0, -5, 0, -2, -3, -5, 0,
    0, 0, -3, 0, 0, 0, -4, 0,
    0, 0, 0, 0, 0, 0, 0, 0,
    -2, 0, 0, 0, 0, 0, 0, 0,
    0, 3, 0, 0, 0, 0, -19, -3,
    -2, -9, -11, 0, 0, -15, 0, 0,
    0, 0, 0, 0, 16, 0, 0, 0,
    0, 0, 0, 0, 0, 0, 0, 0,
    0, 0, 0, 0, 0, 0, 0, 0,
    0, 0, 0, 0, 0, 16, 0, -4,
    -9, 0, 0, -2, 0, 0, 0, 0,
    0, 0, 0, 0, 0, 0, -2, 0,
    0, -4, -2, 2, 0, -4, -4, -2,
    0, -6, -2, -5, -2, -3, 0, -4,
    0, 0, 0, 0, 0, 0, 0, 0,
    0, 0, 0, -15, 0, 7, 0, 0,
    -4, 3, 2, 3, 0, -3, 0, -2,
    0, 0, 0, 0, 0, 0, -2, -1,
    -4, 0, 0, 3, 3, 3, 0, 3,
    3, 3, 3, 2, 0, 0, 0, 0,
    0, 0, 0, 0, 0, 3, -2, 0,
    0, 0, -4, 0, 0, 0, 0, 0,
    0, 0, 0, 0, -2, 0, 0, 0,
    0, 0, 0, 0, 0, 3, 0, 0,
    0, 0, -19, -3, -2, -9, -11, 0,
    0, -15, 0, 0, 0, 0, 0, 0,
    9, 0, 0, 0, 0, 0, 0, 0,
    0, 0, 0, 0, 0, 0, 0, 0,
    0, 0, 0, 0, 0, 0, 0, 0,
    0, 9, 0, -4, -9, 0, 0, -2,
    0, 0, 0, 0, 0, 0, 0, -4,
    0, 0, 0, 0, 3, 0, 2, -4,
    -4, 0, -2, -2, -3, 0, 0, 0,
    0, 0, 0, -7, 0, -2, 0, -3,
    -2, 0, -5, -6, -7, -2, 0, 1,
    0, -7, 0, 0, 0, 0, 18, 0,
    0, 1, 0, 0, -3, 0, 0, 0,
    0, 0, 0, 2, 0, 0, -4, 0,
    0, 0, 0, 0, 0, 0, 0, 18,
    -4, -4, -3, 0, -4, -4, -3, 18,
    0, 0, -3, -3, 0, 0, 0, 0,
    0, 0, 0, 9, 2, -3, 0, 0,
    2, 0, -4, 0, 0, 4, 0, 1,
    0, 9, 0, 0, 0, 0, 0, 0,
    0, 0, 0, 0, 0, 0, 2, -6,
    0, 0, 0, 0, 0, 0, 0, 1,
    0, -2, -3, -2, 0, 0, 0, 0,
    0, 7, 7, 0, -2, 0, 0, 0,
    0, 0, 0, 0, 0, 0, 0, 0,
    0, 0, 0, 0, 0, 0, 0, 0,
    4, 7, 4, 0, 0, 0, -2, 0,
    0, 6, -2, -2, -2, -2, 7, 1,
    3, -2, 0, 5, -2, 0, -2, 3,
    0, -3, 0, 0, 0, 0, 0, -2,
    -2, 0, 0, 20, 7, -2, -2, 2,
    -2, -2, 3, -2, -2, 0, -2, -2,
    -2, -2, -2, 0, 0, 0, 0, 2,
    2, 0, -3, -2, -2, -2, 2, -2,
    -2, -2, -2, 3, 0, 0, 0, -2,
    0, 0, 0, 3, 0, -2, 0, 4,
    5, 0, 0, 0, 0, 0, 3, 14,
    -4, -4, -4, -2, 7, 6, 2, -4,
    -2, 11, -1, 5, 1, 18, 0, 0,
    0, 0, 0, 0, 0, 0, 0, 0,
    0, 9, 5, -4, -3, -1, -4, -3,
    -2, -3, -3, 3, -3, -3, -3, -3,
    -2, 0, 0, 0, 2, 10, 9, -2,
    -4, -3, -3, -3, -1, -3, -3, -3,
    -3, -2, 0, 0, 0, -3, 0, 0,
    0, -2, 0, -3, 10, 12, 0, -8,
    -2, 0, 0, 0, 0, 0, 0, 0,
    0, 0, 0, 0, 0, 0, 0, 0,
    0, 0, 0, -9, -4, 0, 0, 0,
    -14, -9, -8, -6, -11, 0, 0, 0,
    0, 0, 0, 0, 0, 0, 0, 0,
    0, 0, 0, -5, 0, 0, 0, 0,
    0, 0, 0, 0, 0, 0, 0, 0,
    0, 0, 0, 0, 0, 0, 0, 0,
    0, 0, -5, 0, -2, 0, -4, 0,
    0, 0, -10, -9, 0, 0, 0, 0,
    0, 0, 0, 0, -45, -41, 0, 0,
    0, 0, 0, 0, 0, 0, 0, 0,
    0, 0, -20, -30, 0, 0, 0, 0,
    0, 0, 0, 0, 0, 0, 0, 0,
    0, -2, -33, -23, 0, -23, 0, 0,
    0, -23, -23, 0, 0, 0, 0, 0,
    0, 0, 0, 0, 0, -23, -23, -23,
    -2, -23, -23, -23, -23, 0, -20, 0,
    -4, -23, -35, -30, -21, 0, 0, -23,
    0, 0, 0, -6, -4, 0, 0, 0,
    -3, 0, 0, -5, 0, 0, 0, 0,
    0, 0, 0, 0, 0, 0, 0, -9,
    0, -2, 0, -1, -15, 0, -8, -9,
    -10, 0, 0, 0, 0, 0, 0, 0,
    0, 0, 0, 0, 0, 0, 0, -4,
    -4, 0, 0, 0, 0, 0, 0, 0,
    0, 0, 0, 0, 0, 0, 0, 0,
    0, 0, 0, 0, -5, -4, -2, 0,
    -3, -3, -5, 0, 0, 0, -5, -6,
    2, 0, -3, 0, -6, 0, 2, 7,
    -5, -8, -9, -6, 7, 0, 1, -16,
    -2, 2, -4, -2, -5, 0, -5, -8,
    -3, -3, -2, 0, 0, -5, -5, -2,
    0, 7, 5, -2, -12, 0, -12, -8,
    -4, -8, -13, -1, -7, -4, -7, -6,
    -7, 0, 0, 0, 0, 6, 5, -3,
    -16, -8, -8, -8, 0, -8, -8, -8,
    -8, -4, -5, -1, 0, -8, -9, -11,
    -4, -4, 6, -8, 4, 7, -2, -4,
    0, 0, 0, 0, 0, 0, 0, 0,
    0, 0, 0, 0, 0, 0, 0, 0,
    0, 0, 0, -4, 0, -1, 0, 0,
    -9, -3, -8, -5, -7, 0, 0, 0,
    0, 0, 0, 0, 0, 0, 0, 0,
    0, 0, 0, -3, -5, 0, 0, 0,
    0, 0, 0, 0, 0, 0, 0, 0,
    0, 0, 0, 0, 0, 0, 0, 0,
    -4, 0, -6, 0, -3, -4, -6, 0,
    0, 0, -5, -5, 0, -4, 0, 0,
    0, 0, 0, 0, -5, 1, 0, 0,
    0, 0, 0, 0, 0, 0, 0, 0,
    0, -11, 0, 1, 0, 0, -6, 0,
    -6, 0, -7, 0, 0, 0, 1, 0,
    0, 0, -3, 0, 0, 0, 0, 0,
    0, -7, -4, 0, 0, 0, 0, 0,
    0, 0, 0, 0, 0, 0, 0, 0,
    0, 0, 0, 0, 0, 0, 0, 0,
    -5, 0, 0, -4, -7, 0, 0, 0,
    -4, -4, 4, 2, -2, 0, -7, -4,
    0, 7, -7, -7, -4, -4, 9, 4,
    2, -19, -2, 4, -2, 0, -2, 2,
    -2, -8, 0, -2, 2, -3, -2, -7,
    -2, 0, 0, 7, 4, 0, -6, 0,
    -12, -3, 6, -3, -9, 1, -3, -7,
    -7, -2, -4, 0, 0, 0, 0, 9,
    7, -3, -13, -3, -3, -3, 0, -3,
    -3, -3, -3, 6, -8, 0, -3, -3,
    -15, -10, -4, 6, 9, -3, 6, 6,
    0, 0, 0, 0, 0, 0, -2, 0,
    -4, -11, 0, 0, 0, 0, 0, 0,
    0, 0, 0, 0, 0, 0, 0, -9,
    0, 0, 0, 0, -2, -8, -5, 0,
    0, 0, 0, 0, 0, 0, -5, 0,
    0, 0, 0, 0, 0, 1, -2, 0,
    0, 0, 0, 0, 0, 0, 0, 0,
    0, 0, 0, 0, 0, 0, 0, 0,
    0, 0, -9, -1, -2, 0, -8, -3,
    2, 0, 0, 0, 0, 4, 0, 0,
    0, 0, 0, 0, 0, 0, 0, -2,
    0, 0, 0, 0, 0, 0, 0, 0,
    0, 0, 0, -10, 0, 0, 0, 0,
    -25, 0, -9, -7, -7, 0, 0, 0,
    -4, 0, 0, 0, 0, 0, 0, 0,
    0, 0, 0, -7, -9, 0, 0, 0,
    0, 0, 0, 0, 0, 0, 0, 0,
    0, 0, 0, 0, 0, 0, 0, 0,
    -3, 0, -16, 0, -4, -2, -12, 0,
    0, 0, -11, -10, 1, 0, 0, 9,
    -3, 0, 0, 0, 0, -4, -12, 0,
    8, 3, 4, -8, 0, 9, -1, 7,
    0, 8, 0, 0, 0, 0, 0, 0,
    0, 0, 0, 0, 0, 12, 0, 0,
    0, 0, 0, 0, 0, 0, 0, 0,
    0, 0, 0, 0, 1, 0, 0, 0,
    2, 0, 8, 0, -7, 0, 0, 0,
    0, 0, 0, 0, 0, 0, 0, 0,
    0, 0, 0, 0, 0, 0, 0, 0,
    6, 6, 1, 0, 0, 9, -3, 0,
    0, 0, 0, -4, -12, 0, 11, 4,
    4, -13, 0, 6, 0, 2, 0, 8,
    0, 0, 0, 0, 0, 0, 0, 0,
    0, 0, 0, 12, 0, 0, 0, 0,
    0, 0, 0, 0, 0, 0, 0, 0,
    0, 0, 1, 0, 0, 2, 2, 0,
    8, 0, -7, 0, 0, 0, 0, 0,
    0, 0, 0, 0, 0, 0, 0, 0,
    0, 0, 0, 0, 0, 0, 6, 6
};


/*Collect the kern class' data in one place*/
static const lv_font_fmt_txt_kern_classes_t kern_classes =
{
    .class_pair_values   = kern_class_values,
    .left_class_mapping  = kern_left_class_mapping,
    .right_class_mapping = kern_right_class_mapping,
    .left_class_cnt      = 92,
    .right_class_cnt     = 78,
};

/*--------------------
 *  ALL CUSTOM DATA
 *--------------------*/

#if LVGL_VERSION_MAJOR == 8
/*Store all the custom data of the font*/
static  lv_font_fmt_txt_glyph_cache_t cache;
#endif

#if LVGL_VERSION_MAJOR >= 8
static const lv_font_fmt_txt_dsc_t font_dsc = {
#else
static lv_font_fmt_txt_dsc_t font_dsc = {
#endif
    .glyph_bitmap = glyph_bitmap,
    .glyph_dsc = glyph_dsc,
    .cmaps = cmaps,
    .kern_dsc = &kern_classes,
    .kern_scale = 16,
    .cmap_num = 7,
    .bpp = 4,
    .kern_classes = 1,
    .bitmap_format = 0,
#if LVGL_VERSION_MAJOR == 8
    .cache = &cache
#endif
};

extern const lv_font_t font_kiss_ja14;


/*-----------------
 *  PUBLIC FONT
 *----------------*/

/*Initialize a public general font descriptor*/
#if LVGL_VERSION_MAJOR >= 8
const lv_font_t font_kiss_lat14 = {
#else
lv_font_t font_kiss_lat14 = {
#endif
    .get_glyph_dsc = lv_font_get_glyph_dsc_fmt_txt,    /*Function pointer to get glyph's data*/
    .get_glyph_bitmap = lv_font_get_bitmap_fmt_txt,    /*Function pointer to get glyph's bitmap*/
    .line_height = 20,          /*The maximum line height required by the font*/
    .base_line = 4,             /*Baseline measured from the bottom of the line*/
#if !(LVGL_VERSION_MAJOR == 6 && LVGL_VERSION_MINOR == 0)
    .subpx = LV_FONT_SUBPX_NONE,
#endif
#if LV_VERSION_CHECK(7, 4, 0) || LVGL_VERSION_MAJOR >= 8
    .underline_position = -1,
    .underline_thickness = 1,
#endif
    .dsc = &font_dsc,          /*The custom font data. Will be accessed by `get_glyph_bitmap/dsc` */
#if LV_VERSION_CHECK(8, 2, 0) || LVGL_VERSION_MAJOR >= 9
    .fallback = &font_kiss_ja14,
#endif
    .user_data = NULL,
};



#endif /*#if FONT_KISS_LAT14*/
